drug,cell_line,cells_post,cells_pre
(R)-Verapamil (hydrochloride),CVCL_0023,8777,9054
(R)-Verapamil (hydrochloride),CVCL_0028,2242,2499
(R)-Verapamil (hydrochloride),CVCL_0069,4654,4845
(R)-Verapamil (hydrochloride),CVCL_0099,2676,2894
(R)-Verapamil (hydrochloride),CVCL_0131,9634,9776
(R)-Verapamil (hydrochloride),CVCL_0152,8901,9614
(R)-Verapamil (hydrochloride),CVCL_0179,4817,5041
(R)-Verapamil (hydrochloride),CVCL_0218,4637,4844
(R)-Verapamil (hydrochloride),CVCL_0292,4234,4776
(R)-Verapamil (hydrochloride),CVCL_0293,9288,10020
(R)-Verapamil (hydrochloride),CVCL_0320,6904,7161
(R)-Verapamil (hydrochloride),CVCL_0332,4874,5000
(R)-Verapamil (hydrochloride),CVCL_0334,3286,3653
(R)-Verapamil (hydrochloride),CVCL_0359,8287,8439
(R)-Verapamil (hydrochloride),CVCL_0366,5813,5970
(R)-Verapamil (hydrochloride),CVCL_0371,7252,7593
(R)-Verapamil (hydrochloride),CVCL_0397,5359,5706
(R)-Verapamil (hydrochloride),CVCL_0399,10722,11628
(R)-Verapamil (hydrochloride),CVCL_0428,3991,4088
(R)-Verapamil (hydrochloride),CVCL_0459,15422,16004
(R)-Verapamil (hydrochloride),CVCL_0480,10586,10814
(R)-Verapamil (hydrochloride),CVCL_0504,7087,7568
(R)-Verapamil (hydrochloride),CVCL_0546,17292,18195
(R)-Verapamil (hydrochloride),CVCL_1055,5014,5125
(R)-Verapamil (hydrochloride),CVCL_1056,8181,8285
(R)-Verapamil (hydrochloride),CVCL_1094,4700,4930
(R)-Verapamil (hydrochloride),CVCL_1097,7201,7537
(R)-Verapamil (hydrochloride),CVCL_1098,5479,5876
(R)-Verapamil (hydrochloride),CVCL_1119,6586,6814
(R)-Verapamil (hydrochloride),CVCL_1125,1289,1417
(R)-Verapamil (hydrochloride),CVCL_1239,2639,2736
(R)-Verapamil (hydrochloride),CVCL_1285,10644,10971
(R)-Verapamil (hydrochloride),CVCL_1381,6761,6944
(R)-Verapamil (hydrochloride),CVCL_1478,7259,7919
(R)-Verapamil (hydrochloride),CVCL_1495,5326,5499
(R)-Verapamil (hydrochloride),CVCL_1517,8447,8640
(R)-Verapamil (hydrochloride),CVCL_1531,113,157
(R)-Verapamil (hydrochloride),CVCL_1547,6516,6736
(R)-Verapamil (hydrochloride),CVCL_1550,7096,7557
(R)-Verapamil (hydrochloride),CVCL_1571,57,86
(R)-Verapamil (hydrochloride),CVCL_1577,409,456
(R)-Verapamil (hydrochloride),CVCL_1635,4973,5142
(R)-Verapamil (hydrochloride),CVCL_1666,4744,5073
(R)-Verapamil (hydrochloride),CVCL_1693,3865,4127
(R)-Verapamil (hydrochloride),CVCL_1715,586,633
(R)-Verapamil (hydrochloride),CVCL_1716,742,818
(R)-Verapamil (hydrochloride),CVCL_1717,6294,6606
(R)-Verapamil (hydrochloride),CVCL_1724,3413,3616
(R)-Verapamil (hydrochloride),CVCL_1731,5184,5442
(R)-Verapamil (hydrochloride),CVCL_C466,6081,6474
(S)-Crizotinib,CVCL_0023,5752,5961
(S)-Crizotinib,CVCL_0028,1222,1398
(S)-Crizotinib,CVCL_0069,4634,4774
(S)-Crizotinib,CVCL_0099,4004,4512
(S)-Crizotinib,CVCL_0131,4572,4634
(S)-Crizotinib,CVCL_0152,4436,4892
(S)-Crizotinib,CVCL_0179,2941,3076
(S)-Crizotinib,CVCL_0218,3771,3939
(S)-Crizotinib,CVCL_0292,4269,4765
(S)-Crizotinib,CVCL_0293,4688,5211
(S)-Crizotinib,CVCL_0320,5020,5133
(S)-Crizotinib,CVCL_0332,4386,4468
(S)-Crizotinib,CVCL_0334,8885,9569
(S)-Crizotinib,CVCL_0359,5278,5366
(S)-Crizotinib,CVCL_0366,2722,2784
(S)-Crizotinib,CVCL_0371,5419,5618
(S)-Crizotinib,CVCL_0397,4293,4526
(S)-Crizotinib,CVCL_0399,6579,7075
(S)-Crizotinib,CVCL_0428,8749,8903
(S)-Crizotinib,CVCL_0459,15023,15425
(S)-Crizotinib,CVCL_0480,11858,11961
(S)-Crizotinib,CVCL_0504,5181,5662
(S)-Crizotinib,CVCL_0546,15947,16683
(S)-Crizotinib,CVCL_1055,3962,4063
(S)-Crizotinib,CVCL_1056,6649,6734
(S)-Crizotinib,CVCL_1094,3867,4255
(S)-Crizotinib,CVCL_1097,4146,4434
(S)-Crizotinib,CVCL_1098,1926,2134
(S)-Crizotinib,CVCL_1119,6718,6918
(S)-Crizotinib,CVCL_1125,1672,1818
(S)-Crizotinib,CVCL_1239,2785,2844
(S)-Crizotinib,CVCL_1285,7618,7826
(S)-Crizotinib,CVCL_1381,5652,5786
(S)-Crizotinib,CVCL_1478,4888,5525
(S)-Crizotinib,CVCL_1495,5000,5094
(S)-Crizotinib,CVCL_1517,2800,2887
(S)-Crizotinib,CVCL_1531,69,93
(S)-Crizotinib,CVCL_1547,3907,4040
(S)-Crizotinib,CVCL_1550,5508,5753
(S)-Crizotinib,CVCL_1571,41,57
(S)-Crizotinib,CVCL_1577,369,400
(S)-Crizotinib,CVCL_1635,4318,4410
(S)-Crizotinib,CVCL_1666,3908,4163
(S)-Crizotinib,CVCL_1693,8350,8929
(S)-Crizotinib,CVCL_1715,148,164
(S)-Crizotinib,CVCL_1716,408,435
(S)-Crizotinib,CVCL_1717,4504,4781
(S)-Crizotinib,CVCL_1724,2270,2469
(S)-Crizotinib,CVCL_1731,4273,4410
(S)-Crizotinib,CVCL_C466,2922,3086
18β-Glycyrrhetinic acid,CVCL_0023,6005,6379
18β-Glycyrrhetinic acid,CVCL_0028,1416,1677
18β-Glycyrrhetinic acid,CVCL_0069,3236,3445
18β-Glycyrrhetinic acid,CVCL_0099,1568,1827
18β-Glycyrrhetinic acid,CVCL_0131,6274,6391
18β-Glycyrrhetinic acid,CVCL_0152,5793,6661
18β-Glycyrrhetinic acid,CVCL_0179,3061,3198
18β-Glycyrrhetinic acid,CVCL_0218,3121,3401
18β-Glycyrrhetinic acid,CVCL_0292,2430,3089
18β-Glycyrrhetinic acid,CVCL_0293,6597,7290
18β-Glycyrrhetinic acid,CVCL_0320,4799,5051
18β-Glycyrrhetinic acid,CVCL_0332,3172,3296
18β-Glycyrrhetinic acid,CVCL_0334,2373,2782
18β-Glycyrrhetinic acid,CVCL_0359,5569,5749
18β-Glycyrrhetinic acid,CVCL_0366,3646,3765
18β-Glycyrrhetinic acid,CVCL_0371,5277,5626
18β-Glycyrrhetinic acid,CVCL_0397,3646,4052
18β-Glycyrrhetinic acid,CVCL_0399,7363,8319
18β-Glycyrrhetinic acid,CVCL_0428,2955,3058
18β-Glycyrrhetinic acid,CVCL_0459,9999,10794
18β-Glycyrrhetinic acid,CVCL_0480,7147,7312
18β-Glycyrrhetinic acid,CVCL_0504,4656,5257
18β-Glycyrrhetinic acid,CVCL_0546,11636,12879
18β-Glycyrrhetinic acid,CVCL_1055,3665,3756
18β-Glycyrrhetinic acid,CVCL_1056,5438,5559
18β-Glycyrrhetinic acid,CVCL_1094,3294,3626
18β-Glycyrrhetinic acid,CVCL_1097,4488,4886
18β-Glycyrrhetinic acid,CVCL_1098,3551,4063
18β-Glycyrrhetinic acid,CVCL_1119,5203,5476
18β-Glycyrrhetinic acid,CVCL_1125,825,953
18β-Glycyrrhetinic acid,CVCL_1239,1640,1763
18β-Glycyrrhetinic acid,CVCL_1285,6735,7130
18β-Glycyrrhetinic acid,CVCL_1381,4662,4830
18β-Glycyrrhetinic acid,CVCL_1478,4748,5343
18β-Glycyrrhetinic acid,CVCL_1495,3650,3848
18β-Glycyrrhetinic acid,CVCL_1517,5710,5820
18β-Glycyrrhetinic acid,CVCL_1531,93,131
18β-Glycyrrhetinic acid,CVCL_1547,4610,4837
18β-Glycyrrhetinic acid,CVCL_1550,5675,5910
18β-Glycyrrhetinic acid,CVCL_1571,56,95
18β-Glycyrrhetinic acid,CVCL_1577,282,310
18β-Glycyrrhetinic acid,CVCL_1635,3675,3880
18β-Glycyrrhetinic acid,CVCL_1666,3081,3521
18β-Glycyrrhetinic acid,CVCL_1693,2496,2861
18β-Glycyrrhetinic acid,CVCL_1715,349,401
18β-Glycyrrhetinic acid,CVCL_1716,491,578
18β-Glycyrrhetinic acid,CVCL_1717,4596,4904
18β-Glycyrrhetinic acid,CVCL_1724,2154,2450
18β-Glycyrrhetinic acid,CVCL_1731,3253,3525
18β-Glycyrrhetinic acid,CVCL_C466,3391,3865
4EGI-1,CVCL_0023,5687,5943
4EGI-1,CVCL_0028,1470,1620
4EGI-1,CVCL_0069,3101,3282
4EGI-1,CVCL_0099,1855,1995
4EGI-1,CVCL_0131,5920,6047
4EGI-1,CVCL_0152,5871,6344
4EGI-1,CVCL_0179,3502,3636
4EGI-1,CVCL_0218,3591,3800
4EGI-1,CVCL_0292,3246,3495
4EGI-1,CVCL_0293,6640,7379
4EGI-1,CVCL_0320,5097,5407
4EGI-1,CVCL_0332,3261,3395
4EGI-1,CVCL_0334,2379,2595
4EGI-1,CVCL_0359,5097,5248
4EGI-1,CVCL_0366,3127,3264
4EGI-1,CVCL_0371,5192,5523
4EGI-1,CVCL_0397,4198,4522
4EGI-1,CVCL_0399,7563,8243
4EGI-1,CVCL_0428,2752,2829
4EGI-1,CVCL_0459,11640,12163
4EGI-1,CVCL_0480,6522,6799
4EGI-1,CVCL_0504,5566,5969
4EGI-1,CVCL_0546,12717,13491
4EGI-1,CVCL_1055,3565,3766
4EGI-1,CVCL_1056,4560,4709
4EGI-1,CVCL_1094,3304,3489
4EGI-1,CVCL_1097,5146,5355
4EGI-1,CVCL_1098,4286,4630
4EGI-1,CVCL_1119,4575,4789
4EGI-1,CVCL_1125,1015,1076
4EGI-1,CVCL_1239,1756,1839
4EGI-1,CVCL_1285,6444,6771
4EGI-1,CVCL_1381,4464,4640
4EGI-1,CVCL_1478,4395,4979
4EGI-1,CVCL_1495,3497,3623
4EGI-1,CVCL_1517,5308,5489
4EGI-1,CVCL_1531,62,88
4EGI-1,CVCL_1547,4326,4545
4EGI-1,CVCL_1550,5153,5781
4EGI-1,CVCL_1571,29,54
4EGI-1,CVCL_1577,231,271
4EGI-1,CVCL_1635,3642,3793
4EGI-1,CVCL_1666,3387,3571
4EGI-1,CVCL_1693,3105,3337
4EGI-1,CVCL_1715,535,578
4EGI-1,CVCL_1716,549,589
4EGI-1,CVCL_1717,4573,4969
4EGI-1,CVCL_1724,2293,2443
4EGI-1,CVCL_1731,3349,3589
4EGI-1,CVCL_C466,4529,4781
5-Azacytidine,CVCL_0023,4901,5014
5-Azacytidine,CVCL_0028,1067,1170
5-Azacytidine,CVCL_0069,3028,3129
5-Azacytidine,CVCL_0099,2929,3220
5-Azacytidine,CVCL_0131,3654,3700
5-Azacytidine,CVCL_0152,3728,4068
5-Azacytidine,CVCL_0179,2227,2295
5-Azacytidine,CVCL_0218,3086,3169
5-Azacytidine,CVCL_0292,3559,3902
5-Azacytidine,CVCL_0293,4578,4990
5-Azacytidine,CVCL_0320,4483,4576
5-Azacytidine,CVCL_0332,3378,3445
5-Azacytidine,CVCL_0334,7582,8048
5-Azacytidine,CVCL_0359,4411,4471
5-Azacytidine,CVCL_0366,2304,2367
5-Azacytidine,CVCL_0371,4613,4732
5-Azacytidine,CVCL_0397,3559,3736
5-Azacytidine,CVCL_0399,5317,5661
5-Azacytidine,CVCL_0428,7041,7187
5-Azacytidine,CVCL_0459,12130,12379
5-Azacytidine,CVCL_0480,9606,9714
5-Azacytidine,CVCL_0504,4254,4532
5-Azacytidine,CVCL_0546,13987,14477
5-Azacytidine,CVCL_1055,2943,3001
5-Azacytidine,CVCL_1056,5284,5359
5-Azacytidine,CVCL_1094,3240,3505
5-Azacytidine,CVCL_1097,3596,3777
5-Azacytidine,CVCL_1098,1843,1973
5-Azacytidine,CVCL_1119,5648,5793
5-Azacytidine,CVCL_1125,1361,1467
5-Azacytidine,CVCL_1239,2048,2086
5-Azacytidine,CVCL_1285,6888,6993
5-Azacytidine,CVCL_1381,4503,4609
5-Azacytidine,CVCL_1478,4174,4700
5-Azacytidine,CVCL_1495,3610,3670
5-Azacytidine,CVCL_1517,2295,2346
5-Azacytidine,CVCL_1531,46,62
5-Azacytidine,CVCL_1547,3206,3284
5-Azacytidine,CVCL_1550,4408,4649
5-Azacytidine,CVCL_1571,35,54
5-Azacytidine,CVCL_1577,291,318
5-Azacytidine,CVCL_1635,3648,3715
5-Azacytidine,CVCL_1666,3266,3400
5-Azacytidine,CVCL_1693,6847,7209
5-Azacytidine,CVCL_1715,143,159
5-Azacytidine,CVCL_1716,426,445
5-Azacytidine,CVCL_1717,3803,4034
5-Azacytidine,CVCL_1724,1768,1903
5-Azacytidine,CVCL_1731,3483,3590
5-Azacytidine,CVCL_C466,2688,2831
5-Fluorouracil,CVCL_0023,5896,6018
5-Fluorouracil,CVCL_0028,1022,1146
5-Fluorouracil,CVCL_0069,4155,4259
5-Fluorouracil,CVCL_0099,3924,4286
5-Fluorouracil,CVCL_0131,4798,4836
5-Fluorouracil,CVCL_0152,4701,5061
5-Fluorouracil,CVCL_0179,2707,2796
5-Fluorouracil,CVCL_0218,3994,4067
5-Fluorouracil,CVCL_0292,4103,4505
5-Fluorouracil,CVCL_0293,5238,5766
5-Fluorouracil,CVCL_0320,5350,5460
5-Fluorouracil,CVCL_0332,4955,5040
5-Fluorouracil,CVCL_0334,10184,10768
5-Fluorouracil,CVCL_0359,5406,5483
5-Fluorouracil,CVCL_0366,3237,3325
5-Fluorouracil,CVCL_0371,5584,5734
5-Fluorouracil,CVCL_0397,4778,5015
5-Fluorouracil,CVCL_0399,6740,7108
5-Fluorouracil,CVCL_0428,9240,9356
5-Fluorouracil,CVCL_0459,16955,17270
5-Fluorouracil,CVCL_0480,12599,12702
5-Fluorouracil,CVCL_0504,5138,5484
5-Fluorouracil,CVCL_0546,16414,16887
5-Fluorouracil,CVCL_1055,3311,3387
5-Fluorouracil,CVCL_1056,7640,7706
5-Fluorouracil,CVCL_1094,3552,3857
5-Fluorouracil,CVCL_1097,4550,4759
5-Fluorouracil,CVCL_1098,1981,2123
5-Fluorouracil,CVCL_1119,6274,6420
5-Fluorouracil,CVCL_1125,1653,1792
5-Fluorouracil,CVCL_1239,3074,3126
5-Fluorouracil,CVCL_1285,8526,8649
5-Fluorouracil,CVCL_1381,5696,5815
5-Fluorouracil,CVCL_1478,5007,5602
5-Fluorouracil,CVCL_1495,5095,5169
5-Fluorouracil,CVCL_1517,3422,3492
5-Fluorouracil,CVCL_1531,79,91
5-Fluorouracil,CVCL_1547,4271,4351
5-Fluorouracil,CVCL_1550,5051,5295
5-Fluorouracil,CVCL_1571,52,66
5-Fluorouracil,CVCL_1577,329,355
5-Fluorouracil,CVCL_1635,4492,4571
5-Fluorouracil,CVCL_1666,4248,4407
5-Fluorouracil,CVCL_1693,7763,8196
5-Fluorouracil,CVCL_1715,247,266
5-Fluorouracil,CVCL_1716,493,512
5-Fluorouracil,CVCL_1717,4711,4964
5-Fluorouracil,CVCL_1724,2364,2539
5-Fluorouracil,CVCL_1731,4453,4561
5-Fluorouracil,CVCL_C466,3596,3746
8-Hydroxyquinoline,CVCL_0023,8730,8987
8-Hydroxyquinoline,CVCL_0028,2463,2714
8-Hydroxyquinoline,CVCL_0069,4877,5039
8-Hydroxyquinoline,CVCL_0099,2713,2947
8-Hydroxyquinoline,CVCL_0131,9161,9242
8-Hydroxyquinoline,CVCL_0152,8526,9281
8-Hydroxyquinoline,CVCL_0179,4880,4980
8-Hydroxyquinoline,CVCL_0218,4442,4624
8-Hydroxyquinoline,CVCL_0292,4158,4810
8-Hydroxyquinoline,CVCL_0293,9069,9779
8-Hydroxyquinoline,CVCL_0320,6554,6744
8-Hydroxyquinoline,CVCL_0332,4755,4865
8-Hydroxyquinoline,CVCL_0334,3534,3831
8-Hydroxyquinoline,CVCL_0359,8287,8412
8-Hydroxyquinoline,CVCL_0366,5691,5817
8-Hydroxyquinoline,CVCL_0371,7019,7251
8-Hydroxyquinoline,CVCL_0397,5396,5751
8-Hydroxyquinoline,CVCL_0399,10072,11041
8-Hydroxyquinoline,CVCL_0428,4061,4134
8-Hydroxyquinoline,CVCL_0459,15650,16187
8-Hydroxyquinoline,CVCL_0480,10054,10204
8-Hydroxyquinoline,CVCL_0504,7796,8280
8-Hydroxyquinoline,CVCL_0546,16710,17618
8-Hydroxyquinoline,CVCL_1055,4606,4674
8-Hydroxyquinoline,CVCL_1056,8015,8126
8-Hydroxyquinoline,CVCL_1094,4855,5054
8-Hydroxyquinoline,CVCL_1097,6772,7115
8-Hydroxyquinoline,CVCL_1098,5651,6173
8-Hydroxyquinoline,CVCL_1119,6210,6370
8-Hydroxyquinoline,CVCL_1125,1191,1300
8-Hydroxyquinoline,CVCL_1239,2756,2828
8-Hydroxyquinoline,CVCL_1285,10199,10490
8-Hydroxyquinoline,CVCL_1381,6987,7171
8-Hydroxyquinoline,CVCL_1478,6434,6933
8-Hydroxyquinoline,CVCL_1495,5122,5263
8-Hydroxyquinoline,CVCL_1517,7964,8079
8-Hydroxyquinoline,CVCL_1531,94,131
8-Hydroxyquinoline,CVCL_1547,6068,6208
8-Hydroxyquinoline,CVCL_1550,7037,7251
8-Hydroxyquinoline,CVCL_1571,48,84
8-Hydroxyquinoline,CVCL_1577,352,381
8-Hydroxyquinoline,CVCL_1635,4803,4931
8-Hydroxyquinoline,CVCL_1666,4718,5032
8-Hydroxyquinoline,CVCL_1693,4158,4457
8-Hydroxyquinoline,CVCL_1715,667,726
8-Hydroxyquinoline,CVCL_1716,798,885
8-Hydroxyquinoline,CVCL_1717,6048,6312
8-Hydroxyquinoline,CVCL_1724,3039,3300
8-Hydroxyquinoline,CVCL_1731,4783,5009
8-Hydroxyquinoline,CVCL_C466,6046,6420
9-ING-41,CVCL_0023,6228,6534
9-ING-41,CVCL_0028,1064,1253
9-ING-41,CVCL_0069,2664,2861
9-ING-41,CVCL_0099,1654,1931
9-ING-41,CVCL_0131,6676,6787
9-ING-41,CVCL_0152,6071,7019
9-ING-41,CVCL_0179,3129,3350
9-ING-41,CVCL_0218,3632,4001
9-ING-41,CVCL_0292,2662,3335
9-ING-41,CVCL_0293,7674,8459
9-ING-41,CVCL_0320,5639,5935
9-ING-41,CVCL_0332,3743,3859
9-ING-41,CVCL_0334,2215,2768
9-ING-41,CVCL_0359,4684,4860
9-ING-41,CVCL_0366,4101,4216
9-ING-41,CVCL_0371,5511,5959
9-ING-41,CVCL_0397,4813,5305
9-ING-41,CVCL_0399,7793,8811
9-ING-41,CVCL_0428,2720,2813
9-ING-41,CVCL_0459,12148,12917
9-ING-41,CVCL_0480,7005,7272
9-ING-41,CVCL_0504,4414,4893
9-ING-41,CVCL_0546,12302,13498
9-ING-41,CVCL_1055,2847,2931
9-ING-41,CVCL_1056,5638,5761
9-ING-41,CVCL_1094,3102,3408
9-ING-41,CVCL_1097,5269,5654
9-ING-41,CVCL_1098,3516,4067
9-ING-41,CVCL_1119,5087,5322
9-ING-41,CVCL_1125,876,1003
9-ING-41,CVCL_1239,2126,2252
9-ING-41,CVCL_1285,7027,7501
9-ING-41,CVCL_1381,4395,4588
9-ING-41,CVCL_1478,4848,5470
9-ING-41,CVCL_1495,3870,4062
9-ING-41,CVCL_1517,6681,6835
9-ING-41,CVCL_1531,68,87
9-ING-41,CVCL_1547,4008,4196
9-ING-41,CVCL_1550,5897,6329
9-ING-41,CVCL_1571,26,63
9-ING-41,CVCL_1577,270,307
9-ING-41,CVCL_1635,3941,4139
9-ING-41,CVCL_1666,3578,4024
9-ING-41,CVCL_1693,2178,2556
9-ING-41,CVCL_1715,654,719
9-ING-41,CVCL_1716,524,614
9-ING-41,CVCL_1717,5102,5462
9-ING-41,CVCL_1724,2411,2694
9-ING-41,CVCL_1731,3653,3989
9-ING-41,CVCL_C466,4091,4581
APTO-253,CVCL_0023,6147,6263
APTO-253,CVCL_0028,1754,1941
APTO-253,CVCL_0069,3447,3583
APTO-253,CVCL_0099,1899,2038
APTO-253,CVCL_0131,6275,6344
APTO-253,CVCL_0152,6181,6702
APTO-253,CVCL_0179,3437,3561
APTO-253,CVCL_0218,3893,4033
APTO-253,CVCL_0292,3315,3748
APTO-253,CVCL_0293,7216,7860
APTO-253,CVCL_0320,5427,5620
APTO-253,CVCL_0332,3411,3499
APTO-253,CVCL_0334,2480,2720
APTO-253,CVCL_0359,5286,5376
APTO-253,CVCL_0366,3985,4090
APTO-253,CVCL_0371,5388,5641
APTO-253,CVCL_0397,4806,5168
APTO-253,CVCL_0399,8361,9108
APTO-253,CVCL_0428,2544,2592
APTO-253,CVCL_0459,12631,13049
APTO-253,CVCL_0480,6570,6740
APTO-253,CVCL_0504,5707,5992
APTO-253,CVCL_0546,13167,13824
APTO-253,CVCL_1055,3136,3242
APTO-253,CVCL_1056,4990,5107
APTO-253,CVCL_1094,3589,3719
APTO-253,CVCL_1097,5145,5359
APTO-253,CVCL_1098,3981,4243
APTO-253,CVCL_1119,5231,5414
APTO-253,CVCL_1125,1209,1302
APTO-253,CVCL_1239,2025,2078
APTO-253,CVCL_1285,6986,7187
APTO-253,CVCL_1381,4824,4967
APTO-253,CVCL_1478,4385,4861
APTO-253,CVCL_1495,3909,4003
APTO-253,CVCL_1517,6144,6290
APTO-253,CVCL_1531,82,114
APTO-253,CVCL_1547,4644,4754
APTO-253,CVCL_1550,5666,6111
APTO-253,CVCL_1571,40,65
APTO-253,CVCL_1577,223,255
APTO-253,CVCL_1635,4071,4205
APTO-253,CVCL_1666,3938,4209
APTO-253,CVCL_1693,3146,3331
APTO-253,CVCL_1715,604,632
APTO-253,CVCL_1716,551,612
APTO-253,CVCL_1717,4599,4882
APTO-253,CVCL_1724,2384,2551
APTO-253,CVCL_1731,3686,3841
APTO-253,CVCL_C466,5000,5297
AT7519,CVCL_0023,7236,7554
AT7519,CVCL_0028,1314,1415
AT7519,CVCL_0069,3035,3211
AT7519,CVCL_0099,1368,1475
AT7519,CVCL_0131,7517,7609
AT7519,CVCL_0152,6740,7544
AT7519,CVCL_0179,4065,4170
AT7519,CVCL_0218,3226,3372
AT7519,CVCL_0292,3238,3794
AT7519,CVCL_0293,7936,8622
AT7519,CVCL_0320,6153,6415
AT7519,CVCL_0332,3983,4100
AT7519,CVCL_0334,2844,3156
AT7519,CVCL_0359,6306,6464
AT7519,CVCL_0366,4457,4582
AT7519,CVCL_0371,6153,6528
AT7519,CVCL_0397,5308,5716
AT7519,CVCL_0399,9486,10361
AT7519,CVCL_0428,2916,2993
AT7519,CVCL_0459,12403,13039
AT7519,CVCL_0480,8150,8303
AT7519,CVCL_0504,6076,6685
AT7519,CVCL_0546,13792,14847
AT7519,CVCL_1055,3409,3500
AT7519,CVCL_1056,6146,6254
AT7519,CVCL_1094,3461,3711
AT7519,CVCL_1097,5750,6148
AT7519,CVCL_1098,3933,4296
AT7519,CVCL_1119,5576,5826
AT7519,CVCL_1125,827,904
AT7519,CVCL_1239,1861,1956
AT7519,CVCL_1285,8171,8551
AT7519,CVCL_1381,5344,5560
AT7519,CVCL_1478,5660,6204
AT7519,CVCL_1495,3830,3984
AT7519,CVCL_1517,7915,8051
AT7519,CVCL_1531,72,104
AT7519,CVCL_1547,5254,5461
AT7519,CVCL_1550,6919,7237
AT7519,CVCL_1571,60,89
AT7519,CVCL_1577,300,338
AT7519,CVCL_1635,4223,4382
AT7519,CVCL_1666,3814,4151
AT7519,CVCL_1693,2545,2791
AT7519,CVCL_1715,609,652
AT7519,CVCL_1716,587,661
AT7519,CVCL_1717,5290,5557
AT7519,CVCL_1724,2468,2680
AT7519,CVCL_1731,4020,4292
AT7519,CVCL_C466,5079,5526
AZD-7648,CVCL_0023,3702,3840
AZD-7648,CVCL_0028,1147,1301
AZD-7648,CVCL_0069,1591,1691
AZD-7648,CVCL_0099,1266,1396
AZD-7648,CVCL_0131,3435,3516
AZD-7648,CVCL_0152,4270,4695
AZD-7648,CVCL_0179,2163,2247
AZD-7648,CVCL_0218,2365,2478
AZD-7648,CVCL_0292,2077,2396
AZD-7648,CVCL_0293,4783,5308
AZD-7648,CVCL_0320,3692,3930
AZD-7648,CVCL_0332,2079,2150
AZD-7648,CVCL_0334,1439,1613
AZD-7648,CVCL_0359,2883,2987
AZD-7648,CVCL_0366,2274,2393
AZD-7648,CVCL_0371,3645,3872
AZD-7648,CVCL_0397,3191,3447
AZD-7648,CVCL_0399,5482,5979
AZD-7648,CVCL_0428,1514,1552
AZD-7648,CVCL_0459,7624,8008
AZD-7648,CVCL_0480,3951,4108
AZD-7648,CVCL_0504,3400,3722
AZD-7648,CVCL_0546,8332,9004
AZD-7648,CVCL_1055,1786,1864
AZD-7648,CVCL_1056,2676,2764
AZD-7648,CVCL_1094,2256,2431
AZD-7648,CVCL_1097,2885,3093
AZD-7648,CVCL_1098,2364,2578
AZD-7648,CVCL_1119,3178,3342
AZD-7648,CVCL_1125,512,557
AZD-7648,CVCL_1239,1331,1405
AZD-7648,CVCL_1285,3975,4214
AZD-7648,CVCL_1381,2896,3068
AZD-7648,CVCL_1478,3210,3611
AZD-7648,CVCL_1495,2233,2329
AZD-7648,CVCL_1517,4055,4197
AZD-7648,CVCL_1531,49,66
AZD-7648,CVCL_1547,2705,2834
AZD-7648,CVCL_1550,3417,3786
AZD-7648,CVCL_1571,32,58
AZD-7648,CVCL_1577,140,177
AZD-7648,CVCL_1635,2515,2653
AZD-7648,CVCL_1666,2326,2513
AZD-7648,CVCL_1693,1709,1875
AZD-7648,CVCL_1715,399,451
AZD-7648,CVCL_1716,369,430
AZD-7648,CVCL_1717,2976,3225
AZD-7648,CVCL_1724,1588,1715
AZD-7648,CVCL_1731,2360,2547
AZD-7648,CVCL_C466,3215,3475
AZD-8055,CVCL_0023,7191,7363
AZD-8055,CVCL_0028,967,1093
AZD-8055,CVCL_0069,2719,2849
AZD-8055,CVCL_0099,1940,2139
AZD-8055,CVCL_0131,7012,7084
AZD-8055,CVCL_0152,7065,7747
AZD-8055,CVCL_0179,3415,3494
AZD-8055,CVCL_0218,3676,3823
AZD-8055,CVCL_0292,3064,3686
AZD-8055,CVCL_0293,8543,9145
AZD-8055,CVCL_0320,6516,6707
AZD-8055,CVCL_0332,3997,4080
AZD-8055,CVCL_0334,2838,3162
AZD-8055,CVCL_0359,5645,5756
AZD-8055,CVCL_0366,3961,4057
AZD-8055,CVCL_0371,6501,6792
AZD-8055,CVCL_0397,5407,5797
AZD-8055,CVCL_0399,8240,8972
AZD-8055,CVCL_0428,2602,2649
AZD-8055,CVCL_0459,14233,14798
AZD-8055,CVCL_0480,8231,8377
AZD-8055,CVCL_0504,5928,6275
AZD-8055,CVCL_0546,13991,14924
AZD-8055,CVCL_1055,3426,3496
AZD-8055,CVCL_1056,5720,5799
AZD-8055,CVCL_1094,3254,3502
AZD-8055,CVCL_1097,6021,6342
AZD-8055,CVCL_1098,4470,4901
AZD-8055,CVCL_1119,5619,5795
AZD-8055,CVCL_1125,954,1031
AZD-8055,CVCL_1239,2237,2329
AZD-8055,CVCL_1285,8238,8540
AZD-8055,CVCL_1381,5221,5351
AZD-8055,CVCL_1478,5205,5769
AZD-8055,CVCL_1495,3715,3817
AZD-8055,CVCL_1517,7720,7857
AZD-8055,CVCL_1531,79,104
AZD-8055,CVCL_1547,4260,4400
AZD-8055,CVCL_1550,6532,6922
AZD-8055,CVCL_1571,37,67
AZD-8055,CVCL_1577,239,267
AZD-8055,CVCL_1635,3738,3856
AZD-8055,CVCL_1666,4369,4728
AZD-8055,CVCL_1693,2750,2995
AZD-8055,CVCL_1715,866,920
AZD-8055,CVCL_1716,603,650
AZD-8055,CVCL_1717,5603,5893
AZD-8055,CVCL_1724,2847,3079
AZD-8055,CVCL_1731,4138,4318
AZD-8055,CVCL_C466,5724,6173
AZD1390,CVCL_0023,4844,5151
AZD1390,CVCL_0028,933,1087
AZD1390,CVCL_0069,2145,2298
AZD1390,CVCL_0099,1461,1608
AZD1390,CVCL_0131,4840,4970
AZD1390,CVCL_0152,5531,6059
AZD1390,CVCL_0179,2542,2651
AZD1390,CVCL_0218,2935,3207
AZD1390,CVCL_0292,2275,2633
AZD1390,CVCL_0293,5974,6533
AZD1390,CVCL_0320,4842,5100
AZD1390,CVCL_0332,2622,2742
AZD1390,CVCL_0334,1919,2224
AZD1390,CVCL_0359,3604,3778
AZD1390,CVCL_0366,2548,2647
AZD1390,CVCL_0371,4744,5117
AZD1390,CVCL_0397,4205,4544
AZD1390,CVCL_0399,7295,7953
AZD1390,CVCL_0428,2016,2098
AZD1390,CVCL_0459,9227,9803
AZD1390,CVCL_0480,5325,5495
AZD1390,CVCL_0504,3539,4009
AZD1390,CVCL_0546,10740,11647
AZD1390,CVCL_1055,2329,2402
AZD1390,CVCL_1056,3444,3549
AZD1390,CVCL_1094,2345,2630
AZD1390,CVCL_1097,4053,4329
AZD1390,CVCL_1098,2855,3200
AZD1390,CVCL_1119,4127,4376
AZD1390,CVCL_1125,807,909
AZD1390,CVCL_1239,1487,1586
AZD1390,CVCL_1285,5058,5450
AZD1390,CVCL_1381,3378,3603
AZD1390,CVCL_1478,4174,4641
AZD1390,CVCL_1495,3165,3324
AZD1390,CVCL_1517,5257,5398
AZD1390,CVCL_1531,66,84
AZD1390,CVCL_1547,3033,3268
AZD1390,CVCL_1550,4867,5223
AZD1390,CVCL_1571,41,68
AZD1390,CVCL_1577,179,210
AZD1390,CVCL_1635,3316,3492
AZD1390,CVCL_1666,3143,3439
AZD1390,CVCL_1693,1916,2186
AZD1390,CVCL_1715,488,528
AZD1390,CVCL_1716,430,504
AZD1390,CVCL_1717,4182,4495
AZD1390,CVCL_1724,2102,2299
AZD1390,CVCL_1731,3007,3268
AZD1390,CVCL_C466,3816,4087
AZD2858,CVCL_0023,2512,2623
AZD2858,CVCL_0028,687,777
AZD2858,CVCL_0069,1287,1366
AZD2858,CVCL_0099,874,951
AZD2858,CVCL_0131,2439,2479
AZD2858,CVCL_0152,2715,2993
AZD2858,CVCL_0179,1690,1734
AZD2858,CVCL_0218,1867,2002
AZD2858,CVCL_0292,1215,1469
AZD2858,CVCL_0293,3481,3784
AZD2858,CVCL_0320,2569,2700
AZD2858,CVCL_0332,1463,1505
AZD2858,CVCL_0334,1087,1227
AZD2858,CVCL_0359,2075,2114
AZD2858,CVCL_0366,1672,1723
AZD2858,CVCL_0371,2482,2632
AZD2858,CVCL_0397,2046,2213
AZD2858,CVCL_0399,3830,4271
AZD2858,CVCL_0428,1227,1253
AZD2858,CVCL_0459,5210,5510
AZD2858,CVCL_0480,2987,3047
AZD2858,CVCL_0504,2791,3022
AZD2858,CVCL_0546,5541,5988
AZD2858,CVCL_1055,1473,1516
AZD2858,CVCL_1056,1997,2035
AZD2858,CVCL_1094,1553,1659
AZD2858,CVCL_1097,2120,2290
AZD2858,CVCL_1098,1439,1600
AZD2858,CVCL_1119,2295,2399
AZD2858,CVCL_1125,426,486
AZD2858,CVCL_1239,849,909
AZD2858,CVCL_1285,3015,3175
AZD2858,CVCL_1381,2203,2284
AZD2858,CVCL_1478,2019,2177
AZD2858,CVCL_1495,1709,1793
AZD2858,CVCL_1517,2822,2875
AZD2858,CVCL_1531,31,53
AZD2858,CVCL_1547,2155,2225
AZD2858,CVCL_1550,2381,2489
AZD2858,CVCL_1571,29,46
AZD2858,CVCL_1577,129,143
AZD2858,CVCL_1635,1719,1801
AZD2858,CVCL_1666,1551,1707
AZD2858,CVCL_1693,1186,1297
AZD2858,CVCL_1715,224,249
AZD2858,CVCL_1716,206,237
AZD2858,CVCL_1717,2109,2242
AZD2858,CVCL_1724,1144,1256
AZD2858,CVCL_1731,1683,1821
AZD2858,CVCL_C466,1942,2125
Abemaciclib,CVCL_0023,5840,5965
Abemaciclib,CVCL_0028,1566,1674
Abemaciclib,CVCL_0069,3183,3284
Abemaciclib,CVCL_0099,3385,3593
Abemaciclib,CVCL_0131,5511,5566
Abemaciclib,CVCL_0152,5785,6204
Abemaciclib,CVCL_0179,2957,3035
Abemaciclib,CVCL_0218,3540,3662
Abemaciclib,CVCL_0292,3867,4208
Abemaciclib,CVCL_0293,7150,7683
Abemaciclib,CVCL_0320,5297,5470
Abemaciclib,CVCL_0332,3765,3847
Abemaciclib,CVCL_0334,5413,5665
Abemaciclib,CVCL_0359,5318,5402
Abemaciclib,CVCL_0366,3695,3776
Abemaciclib,CVCL_0371,5450,5632
Abemaciclib,CVCL_0397,4708,5042
Abemaciclib,CVCL_0399,8649,9317
Abemaciclib,CVCL_0428,4787,4868
Abemaciclib,CVCL_0459,15068,15363
Abemaciclib,CVCL_0480,8376,8546
Abemaciclib,CVCL_0504,5094,5292
Abemaciclib,CVCL_0546,14577,15052
Abemaciclib,CVCL_1055,3299,3370
Abemaciclib,CVCL_1056,5760,5887
Abemaciclib,CVCL_1094,4017,4178
Abemaciclib,CVCL_1097,4541,4666
Abemaciclib,CVCL_1098,3557,3817
Abemaciclib,CVCL_1119,5313,5473
Abemaciclib,CVCL_1125,1645,1720
Abemaciclib,CVCL_1239,2512,2576
Abemaciclib,CVCL_1285,7316,7445
Abemaciclib,CVCL_1381,4859,4961
Abemaciclib,CVCL_1478,4965,5411
Abemaciclib,CVCL_1495,3968,4037
Abemaciclib,CVCL_1517,5488,5603
Abemaciclib,CVCL_1531,63,83
Abemaciclib,CVCL_1547,4662,4780
Abemaciclib,CVCL_1550,5592,5863
Abemaciclib,CVCL_1571,41,68
Abemaciclib,CVCL_1577,269,301
Abemaciclib,CVCL_1635,3657,3745
Abemaciclib,CVCL_1666,3704,3877
Abemaciclib,CVCL_1693,5591,5845
Abemaciclib,CVCL_1715,365,393
Abemaciclib,CVCL_1716,504,535
Abemaciclib,CVCL_1717,4502,4740
Abemaciclib,CVCL_1724,2428,2570
Abemaciclib,CVCL_1731,3905,4066
Abemaciclib,CVCL_C466,4600,4807
Abiraterone acetate,CVCL_0023,7486,7618
Abiraterone acetate,CVCL_0028,1537,1684
Abiraterone acetate,CVCL_0069,5115,5241
Abiraterone acetate,CVCL_0099,5052,5480
Abiraterone acetate,CVCL_0131,5408,5456
Abiraterone acetate,CVCL_0152,4904,5332
Abiraterone acetate,CVCL_0179,3072,3169
Abiraterone acetate,CVCL_0218,3907,3983
Abiraterone acetate,CVCL_0292,4780,5175
Abiraterone acetate,CVCL_0293,5891,6595
Abiraterone acetate,CVCL_0320,5563,5713
Abiraterone acetate,CVCL_0332,5895,6008
Abiraterone acetate,CVCL_0334,11914,12498
Abiraterone acetate,CVCL_0359,7497,7595
Abiraterone acetate,CVCL_0366,4236,4323
Abiraterone acetate,CVCL_0371,5734,5890
Abiraterone acetate,CVCL_0397,4769,5005
Abiraterone acetate,CVCL_0399,7295,7825
Abiraterone acetate,CVCL_0428,10772,10910
Abiraterone acetate,CVCL_0459,19872,20284
Abiraterone acetate,CVCL_0480,14594,14771
Abiraterone acetate,CVCL_0504,6663,6928
Abiraterone acetate,CVCL_0546,19173,19778
Abiraterone acetate,CVCL_1055,4027,4129
Abiraterone acetate,CVCL_1056,9413,9538
Abiraterone acetate,CVCL_1094,4588,4844
Abiraterone acetate,CVCL_1097,5417,5618
Abiraterone acetate,CVCL_1098,2597,2798
Abiraterone acetate,CVCL_1119,7285,7476
Abiraterone acetate,CVCL_1125,1957,2051
Abiraterone acetate,CVCL_1239,3837,3875
Abiraterone acetate,CVCL_1285,10937,11096
Abiraterone acetate,CVCL_1381,7035,7150
Abiraterone acetate,CVCL_1478,5537,6307
Abiraterone acetate,CVCL_1495,5879,5933
Abiraterone acetate,CVCL_1517,3872,3954
Abiraterone acetate,CVCL_1531,72,96
Abiraterone acetate,CVCL_1547,5224,5327
Abiraterone acetate,CVCL_1550,5960,6296
Abiraterone acetate,CVCL_1571,60,87
Abiraterone acetate,CVCL_1577,427,462
Abiraterone acetate,CVCL_1635,5034,5122
Abiraterone acetate,CVCL_1666,5125,5274
Abiraterone acetate,CVCL_1693,9260,9729
Abiraterone acetate,CVCL_1715,235,253
Abiraterone acetate,CVCL_1716,511,542
Abiraterone acetate,CVCL_1717,5176,5436
Abiraterone acetate,CVCL_1724,2489,2660
Abiraterone acetate,CVCL_1731,5613,5744
Abiraterone acetate,CVCL_C466,4527,4684
Acetazolamide,CVCL_0023,5434,5605
Acetazolamide,CVCL_0028,940,1064
Acetazolamide,CVCL_0069,3518,3647
Acetazolamide,CVCL_0099,3301,3611
Acetazolamide,CVCL_0131,3994,4040
Acetazolamide,CVCL_0152,3623,3974
Acetazolamide,CVCL_0179,2093,2166
Acetazolamide,CVCL_0218,3034,3114
Acetazolamide,CVCL_0292,3283,3672
Acetazolamide,CVCL_0293,4392,4925
Acetazolamide,CVCL_0320,4191,4288
Acetazolamide,CVCL_0332,4285,4377
Acetazolamide,CVCL_0334,8569,9121
Acetazolamide,CVCL_0359,5383,5482
Acetazolamide,CVCL_0366,3145,3216
Acetazolamide,CVCL_0371,4252,4395
Acetazolamide,CVCL_0397,3650,3850
Acetazolamide,CVCL_0399,5611,6012
Acetazolamide,CVCL_0428,7884,8044
Acetazolamide,CVCL_0459,14895,15277
Acetazolamide,CVCL_0480,10794,10954
Acetazolamide,CVCL_0504,4425,4726
Acetazolamide,CVCL_0546,13657,14159
Acetazolamide,CVCL_1055,2697,2778
Acetazolamide,CVCL_1056,7179,7279
Acetazolamide,CVCL_1094,3166,3449
Acetazolamide,CVCL_1097,3907,4116
Acetazolamide,CVCL_1098,1715,1892
Acetazolamide,CVCL_1119,5284,5455
Acetazolamide,CVCL_1125,1352,1469
Acetazolamide,CVCL_1239,2763,2810
Acetazolamide,CVCL_1285,8104,8304
Acetazolamide,CVCL_1381,4846,4968
Acetazolamide,CVCL_1478,3758,4271
Acetazolamide,CVCL_1495,4459,4543
Acetazolamide,CVCL_1517,3005,3071
Acetazolamide,CVCL_1531,66,88
Acetazolamide,CVCL_1547,3765,3872
Acetazolamide,CVCL_1550,4435,4662
Acetazolamide,CVCL_1571,57,71
Acetazolamide,CVCL_1577,278,299
Acetazolamide,CVCL_1635,3688,3774
Acetazolamide,CVCL_1666,3772,3953
Acetazolamide,CVCL_1693,6248,6698
Acetazolamide,CVCL_1715,209,233
Acetazolamide,CVCL_1716,431,470
Acetazolamide,CVCL_1717,3751,3968
Acetazolamide,CVCL_1724,1829,1984
Acetazolamide,CVCL_1731,4069,4167
Acetazolamide,CVCL_C466,3485,3671
Acetohexamide,CVCL_0023,6549,6745
Acetohexamide,CVCL_0028,1739,1900
Acetohexamide,CVCL_0069,3507,3639
Acetohexamide,CVCL_0099,2163,2300
Acetohexamide,CVCL_0131,6575,6669
Acetohexamide,CVCL_0152,6670,7154
Acetohexamide,CVCL_0179,3502,3608
Acetohexamide,CVCL_0218,3921,4054
Acetohexamide,CVCL_0292,3327,3696
Acetohexamide,CVCL_0293,7066,7670
Acetohexamide,CVCL_0320,5155,5341
Acetohexamide,CVCL_0332,3351,3449
Acetohexamide,CVCL_0334,2703,2911
Acetohexamide,CVCL_0359,5924,6060
Acetohexamide,CVCL_0366,3939,4054
Acetohexamide,CVCL_0371,5468,5669
Acetohexamide,CVCL_0397,4270,4544
Acetohexamide,CVCL_0399,8453,9187
Acetohexamide,CVCL_0428,2889,2949
Acetohexamide,CVCL_0459,11983,12354
Acetohexamide,CVCL_0480,7654,7824
Acetohexamide,CVCL_0504,5373,5681
Acetohexamide,CVCL_0546,13448,14057
Acetohexamide,CVCL_1055,3682,3771
Acetohexamide,CVCL_1056,5772,5862
Acetohexamide,CVCL_1094,3645,3791
Acetohexamide,CVCL_1097,5254,5464
Acetohexamide,CVCL_1098,4529,4805
Acetohexamide,CVCL_1119,5034,5198
Acetohexamide,CVCL_1125,1127,1217
Acetohexamide,CVCL_1239,2051,2125
Acetohexamide,CVCL_1285,7537,7773
Acetohexamide,CVCL_1381,4963,5106
Acetohexamide,CVCL_1478,5424,5887
Acetohexamide,CVCL_1495,3968,4072
Acetohexamide,CVCL_1517,5808,5963
Acetohexamide,CVCL_1531,87,115
Acetohexamide,CVCL_1547,4885,4996
Acetohexamide,CVCL_1550,5385,5704
Acetohexamide,CVCL_1571,58,84
Acetohexamide,CVCL_1577,300,335
Acetohexamide,CVCL_1635,3840,3960
Acetohexamide,CVCL_1666,3718,3952
Acetohexamide,CVCL_1693,3141,3326
Acetohexamide,CVCL_1715,538,583
Acetohexamide,CVCL_1716,585,638
Acetohexamide,CVCL_1717,4709,4956
Acetohexamide,CVCL_1724,2681,2830
Acetohexamide,CVCL_1731,3675,3845
Acetohexamide,CVCL_C466,4858,5108
Adagrasib,CVCL_0023,38380,39766
Adagrasib,CVCL_0028,8762,9679
Adagrasib,CVCL_0069,23716,24723
Adagrasib,CVCL_0099,20083,21984
Adagrasib,CVCL_0131,34647,35120
Adagrasib,CVCL_0152,32239,35055
Adagrasib,CVCL_0179,19115,19936
Adagrasib,CVCL_0218,22114,23199
Adagrasib,CVCL_0292,23014,25462
Adagrasib,CVCL_0293,35106,38596
Adagrasib,CVCL_0320,33142,34268
Adagrasib,CVCL_0332,26018,26663
Adagrasib,CVCL_0334,39190,42742
Adagrasib,CVCL_0359,34732,35451
Adagrasib,CVCL_0366,22574,23215
Adagrasib,CVCL_0371,33743,35104
Adagrasib,CVCL_0397,27036,28646
Adagrasib,CVCL_0399,43845,47297
Adagrasib,CVCL_0428,37461,38355
Adagrasib,CVCL_0459,85279,88031
Adagrasib,CVCL_0480,63439,64667
Adagrasib,CVCL_0504,34040,36595
Adagrasib,CVCL_0546,93235,97814
Adagrasib,CVCL_1055,22780,23480
Adagrasib,CVCL_1056,41807,42423
Adagrasib,CVCL_1094,22728,24432
Adagrasib,CVCL_1097,29429,30828
Adagrasib,CVCL_1098,17484,18845
Adagrasib,CVCL_1119,35709,36928
Adagrasib,CVCL_1125,8308,8987
Adagrasib,CVCL_1239,16308,16787
Adagrasib,CVCL_1285,48052,49612
Adagrasib,CVCL_1381,34163,35185
Adagrasib,CVCL_1478,30573,34181
Adagrasib,CVCL_1495,25151,25809
Adagrasib,CVCL_1517,26595,27255
Adagrasib,CVCL_1531,382,524
Adagrasib,CVCL_1547,24015,24947
Adagrasib,CVCL_1550,31869,33895
Adagrasib,CVCL_1571,252,409
Adagrasib,CVCL_1577,2123,2333
Adagrasib,CVCL_1635,25484,26212
Adagrasib,CVCL_1666,24186,25682
Adagrasib,CVCL_1693,36759,39112
Adagrasib,CVCL_1715,2172,2361
Adagrasib,CVCL_1716,2968,3232
Adagrasib,CVCL_1717,28515,30190
Adagrasib,CVCL_1724,14676,15711
Adagrasib,CVCL_1731,26099,27257
Adagrasib,CVCL_C466,23787,25093
Adenine,CVCL_0023,9549,9747
Adenine,CVCL_0028,2950,3126
Adenine,CVCL_0069,5281,5423
Adenine,CVCL_0099,3244,3430
Adenine,CVCL_0131,9563,9632
Adenine,CVCL_0152,9441,10043
Adenine,CVCL_0179,5157,5270
Adenine,CVCL_0218,4735,4880
Adenine,CVCL_0292,4909,5373
Adenine,CVCL_0293,8537,9255
Adenine,CVCL_0320,6796,6965
Adenine,CVCL_0332,4841,4946
Adenine,CVCL_0334,3803,4056
Adenine,CVCL_0359,9105,9222
Adenine,CVCL_0366,5681,5796
Adenine,CVCL_0371,7347,7574
Adenine,CVCL_0397,4926,5184
Adenine,CVCL_0399,11000,11817
Adenine,CVCL_0428,4369,4438
Adenine,CVCL_0459,15369,15755
Adenine,CVCL_0480,10348,10540
Adenine,CVCL_0504,8463,8798
Adenine,CVCL_0546,19239,19963
Adenine,CVCL_1055,5877,6001
Adenine,CVCL_1056,8183,8286
Adenine,CVCL_1094,5597,5741
Adenine,CVCL_1097,7207,7438
Adenine,CVCL_1098,6549,6902
Adenine,CVCL_1119,6509,6686
Adenine,CVCL_1125,1595,1695
Adenine,CVCL_1239,2530,2578
Adenine,CVCL_1285,10316,10563
Adenine,CVCL_1381,7282,7397
Adenine,CVCL_1478,7083,7638
Adenine,CVCL_1495,5528,5641
Adenine,CVCL_1517,7218,7357
Adenine,CVCL_1531,89,109
Adenine,CVCL_1547,6956,7119
Adenine,CVCL_1550,7026,7417
Adenine,CVCL_1571,41,64
Adenine,CVCL_1577,429,456
Adenine,CVCL_1635,5058,5178
Adenine,CVCL_1666,5022,5255
Adenine,CVCL_1693,5435,5707
Adenine,CVCL_1715,495,516
Adenine,CVCL_1716,703,772
Adenine,CVCL_1717,6334,6601
Adenine,CVCL_1724,3447,3615
Adenine,CVCL_1731,5084,5252
Adenine,CVCL_C466,6440,6695
Adenosine,CVCL_0023,8671,8940
Adenosine,CVCL_0028,2290,2438
Adenosine,CVCL_0069,4668,4860
Adenosine,CVCL_0099,2642,2862
Adenosine,CVCL_0131,8298,8446
Adenosine,CVCL_0152,8718,9332
Adenosine,CVCL_0179,3976,4275
Adenosine,CVCL_0218,4562,4802
Adenosine,CVCL_0292,4161,4697
Adenosine,CVCL_0293,8385,9207
Adenosine,CVCL_0320,6662,6939
Adenosine,CVCL_0332,4405,4529
Adenosine,CVCL_0334,3055,3605
Adenosine,CVCL_0359,7494,7639
Adenosine,CVCL_0366,4992,5142
Adenosine,CVCL_0371,6471,6766
Adenosine,CVCL_0397,5112,5502
Adenosine,CVCL_0399,10037,10952
Adenosine,CVCL_0428,3566,3663
Adenosine,CVCL_0459,14887,15387
Adenosine,CVCL_0480,9293,9722
Adenosine,CVCL_0504,7454,7810
Adenosine,CVCL_0546,16916,17696
Adenosine,CVCL_1055,4515,4701
Adenosine,CVCL_1056,7453,7657
Adenosine,CVCL_1094,4552,4716
Adenosine,CVCL_1097,7027,7290
Adenosine,CVCL_1098,5494,5908
Adenosine,CVCL_1119,5983,6235
Adenosine,CVCL_1125,1388,1489
Adenosine,CVCL_1239,2466,2520
Adenosine,CVCL_1285,9535,9780
Adenosine,CVCL_1381,6387,6555
Adenosine,CVCL_1478,6493,7302
Adenosine,CVCL_1495,5070,5199
Adenosine,CVCL_1517,7105,7394
Adenosine,CVCL_1531,72,95
Adenosine,CVCL_1547,6166,6365
Adenosine,CVCL_1550,6155,6828
Adenosine,CVCL_1571,36,67
Adenosine,CVCL_1577,323,367
Adenosine,CVCL_1635,4546,4691
Adenosine,CVCL_1666,4835,5087
Adenosine,CVCL_1693,4056,4354
Adenosine,CVCL_1715,537,572
Adenosine,CVCL_1716,725,787
Adenosine,CVCL_1717,5749,6174
Adenosine,CVCL_1724,3210,3388
Adenosine,CVCL_1731,4841,5099
Adenosine,CVCL_C466,5881,6233
Afatinib,CVCL_0023,18139,18924
Afatinib,CVCL_0028,3874,4419
Afatinib,CVCL_0069,11246,11754
Afatinib,CVCL_0099,9475,10723
Afatinib,CVCL_0131,15973,16301
Afatinib,CVCL_0152,15997,17236
Afatinib,CVCL_0179,7827,8230
Afatinib,CVCL_0218,9643,10230
Afatinib,CVCL_0292,11691,13134
Afatinib,CVCL_0293,18733,20445
Afatinib,CVCL_0320,15110,15692
Afatinib,CVCL_0332,12892,13235
Afatinib,CVCL_0334,19566,21628
Afatinib,CVCL_0359,16190,16560
Afatinib,CVCL_0366,9953,10260
Afatinib,CVCL_0371,16928,17702
Afatinib,CVCL_0397,13832,14626
Afatinib,CVCL_0399,22603,24373
Afatinib,CVCL_0428,19109,19684
Afatinib,CVCL_0459,42754,44320
Afatinib,CVCL_0480,30341,30949
Afatinib,CVCL_0504,16126,17647
Afatinib,CVCL_0546,46552,49175
Afatinib,CVCL_1055,10228,10532
Afatinib,CVCL_1056,18641,18978
Afatinib,CVCL_1094,10057,11141
Afatinib,CVCL_1097,14105,14843
Afatinib,CVCL_1098,8144,8816
Afatinib,CVCL_1119,18539,19256
Afatinib,CVCL_1125,4076,4469
Afatinib,CVCL_1239,8089,8324
Afatinib,CVCL_1285,23214,23992
Afatinib,CVCL_1381,16205,16747
Afatinib,CVCL_1478,13670,15306
Afatinib,CVCL_1495,13163,13511
Afatinib,CVCL_1517,13096,13423
Afatinib,CVCL_1531,221,286
Afatinib,CVCL_1547,12205,12612
Afatinib,CVCL_1550,16423,17572
Afatinib,CVCL_1571,131,238
Afatinib,CVCL_1577,948,1063
Afatinib,CVCL_1635,12284,12686
Afatinib,CVCL_1666,11740,12512
Afatinib,CVCL_1693,18565,20214
Afatinib,CVCL_1715,1088,1171
Afatinib,CVCL_1716,1549,1694
Afatinib,CVCL_1717,13895,14892
Afatinib,CVCL_1724,6953,7521
Afatinib,CVCL_1731,12471,13042
Afatinib,CVCL_C466,12069,12673
Aliskiren,CVCL_0023,8772,8934
Aliskiren,CVCL_0028,2054,2171
Aliskiren,CVCL_0069,4493,4612
Aliskiren,CVCL_0099,2585,2727
Aliskiren,CVCL_0131,8309,8414
Aliskiren,CVCL_0152,9589,10101
Aliskiren,CVCL_0179,4350,4455
Aliskiren,CVCL_0218,5314,5494
Aliskiren,CVCL_0292,4429,4866
Aliskiren,CVCL_0293,9764,10426
Aliskiren,CVCL_0320,7562,7782
Aliskiren,CVCL_0332,4639,4739
Aliskiren,CVCL_0334,3720,4039
Aliskiren,CVCL_0359,6887,6986
Aliskiren,CVCL_0366,4843,4959
Aliskiren,CVCL_0371,7779,8028
Aliskiren,CVCL_0397,6409,6761
Aliskiren,CVCL_0399,11705,12448
Aliskiren,CVCL_0428,3464,3525
Aliskiren,CVCL_0459,16995,17343
Aliskiren,CVCL_0480,9753,9955
Aliskiren,CVCL_0504,6533,6780
Aliskiren,CVCL_0546,18457,19109
Aliskiren,CVCL_1055,4144,4268
Aliskiren,CVCL_1056,7689,7835
Aliskiren,CVCL_1094,4319,4446
Aliskiren,CVCL_1097,7514,7704
Aliskiren,CVCL_1098,5896,6216
Aliskiren,CVCL_1119,6754,6898
Aliskiren,CVCL_1125,1373,1476
Aliskiren,CVCL_1239,2812,2861
Aliskiren,CVCL_1285,9665,9909
Aliskiren,CVCL_1381,6713,6833
Aliskiren,CVCL_1478,7271,7850
Aliskiren,CVCL_1495,5329,5422
Aliskiren,CVCL_1517,8568,8752
Aliskiren,CVCL_1531,107,132
Aliskiren,CVCL_1547,5859,5981
Aliskiren,CVCL_1550,7235,7649
Aliskiren,CVCL_1571,45,75
Aliskiren,CVCL_1577,297,332
Aliskiren,CVCL_1635,5368,5476
Aliskiren,CVCL_1666,5286,5493
Aliskiren,CVCL_1693,3806,3982
Aliskiren,CVCL_1715,684,727
Aliskiren,CVCL_1716,738,792
Aliskiren,CVCL_1717,6883,7206
Aliskiren,CVCL_1724,3602,3787
Aliskiren,CVCL_1731,5224,5414
Aliskiren,CVCL_C466,6755,7022
Allantoin,CVCL_0023,8120,9035
Allantoin,CVCL_0028,1602,2007
Allantoin,CVCL_0069,4082,4656
Allantoin,CVCL_0099,1769,2316
Allantoin,CVCL_0131,9648,10056
Allantoin,CVCL_0152,6891,8193
Allantoin,CVCL_0179,4203,4677
Allantoin,CVCL_0218,3340,4070
Allantoin,CVCL_0292,2613,3500
Allantoin,CVCL_0293,8096,9086
Allantoin,CVCL_0320,6495,6997
Allantoin,CVCL_0332,4765,5013
Allantoin,CVCL_0334,2054,2970
Allantoin,CVCL_0359,8392,8883
Allantoin,CVCL_0366,6186,6477
Allantoin,CVCL_0371,6428,7107
Allantoin,CVCL_0397,4930,5433
Allantoin,CVCL_0399,8934,10347
Allantoin,CVCL_0428,3914,4184
Allantoin,CVCL_0459,12832,14381
Allantoin,CVCL_0480,9956,10629
Allantoin,CVCL_0504,6398,7713
Allantoin,CVCL_0546,14240,16293
Allantoin,CVCL_1055,5012,5190
Allantoin,CVCL_1056,8938,9168
Allantoin,CVCL_1094,3832,4341
Allantoin,CVCL_1097,5797,6559
Allantoin,CVCL_1098,4441,5285
Allantoin,CVCL_1119,6107,6589
Allantoin,CVCL_1125,924,1152
Allantoin,CVCL_1239,2505,2749
Allantoin,CVCL_1285,9836,10693
Allantoin,CVCL_1381,6388,6849
Allantoin,CVCL_1478,5896,6816
Allantoin,CVCL_1495,5102,5551
Allantoin,CVCL_1517,8265,8571
Allantoin,CVCL_1531,95,137
Allantoin,CVCL_1547,6040,6679
Allantoin,CVCL_1550,6257,6902
Allantoin,CVCL_1571,63,112
Allantoin,CVCL_1577,356,402
Allantoin,CVCL_1635,4556,4933
Allantoin,CVCL_1666,3827,4566
Allantoin,CVCL_1693,2938,3634
Allantoin,CVCL_1715,597,693
Allantoin,CVCL_1716,576,721
Allantoin,CVCL_1717,5639,6217
Allantoin,CVCL_1724,2674,3068
Allantoin,CVCL_1731,4515,5199
Allantoin,CVCL_C466,4523,5339
Allopurinol,CVCL_0023,8694,8796
Allopurinol,CVCL_0028,1516,1603
Allopurinol,CVCL_0069,5541,5641
Allopurinol,CVCL_0099,5395,5675
Allopurinol,CVCL_0131,6789,6831
Allopurinol,CVCL_0152,6243,6606
Allopurinol,CVCL_0179,3473,3549
Allopurinol,CVCL_0218,5219,5295
Allopurinol,CVCL_0292,5685,5948
Allopurinol,CVCL_0293,7606,8227
Allopurinol,CVCL_0320,7221,7335
Allopurinol,CVCL_0332,7268,7392
Allopurinol,CVCL_0334,14290,14712
Allopurinol,CVCL_0359,7739,7820
Allopurinol,CVCL_0366,5228,5327
Allopurinol,CVCL_0371,6905,7054
Allopurinol,CVCL_0397,5989,6228
Allopurinol,CVCL_0399,8715,9166
Allopurinol,CVCL_0428,11306,11431
Allopurinol,CVCL_0459,25550,25758
Allopurinol,CVCL_0480,17210,17408
Allopurinol,CVCL_0504,7077,7288
Allopurinol,CVCL_0546,22644,23075
Allopurinol,CVCL_1055,4057,4166
Allopurinol,CVCL_1056,11240,11391
Allopurinol,CVCL_1094,4929,5090
Allopurinol,CVCL_1097,6993,7100
Allopurinol,CVCL_1098,3035,3215
Allopurinol,CVCL_1119,7874,8058
Allopurinol,CVCL_1125,2271,2351
Allopurinol,CVCL_1239,4640,4695
Allopurinol,CVCL_1285,13136,13299
Allopurinol,CVCL_1381,7783,7879
Allopurinol,CVCL_1478,6634,7353
Allopurinol,CVCL_1495,6684,6741
Allopurinol,CVCL_1517,4898,5029
Allopurinol,CVCL_1531,68,83
Allopurinol,CVCL_1547,5969,6071
Allopurinol,CVCL_1550,6344,6734
Allopurinol,CVCL_1571,48,78
Allopurinol,CVCL_1577,435,487
Allopurinol,CVCL_1635,5669,5751
Allopurinol,CVCL_1666,6106,6216
Allopurinol,CVCL_1693,10023,10381
Allopurinol,CVCL_1715,367,391
Allopurinol,CVCL_1716,663,690
Allopurinol,CVCL_1717,6005,6288
Allopurinol,CVCL_1724,3211,3338
Allopurinol,CVCL_1731,6948,7056
Allopurinol,CVCL_C466,6115,6206
Almonertinib (hydrochloride),CVCL_0023,6199,6433
Almonertinib (hydrochloride),CVCL_0028,1719,1950
Almonertinib (hydrochloride),CVCL_0069,3313,3475
Almonertinib (hydrochloride),CVCL_0099,1656,1824
Almonertinib (hydrochloride),CVCL_0131,6605,6697
Almonertinib (hydrochloride),CVCL_0152,6229,6859
Almonertinib (hydrochloride),CVCL_0179,3128,3227
Almonertinib (hydrochloride),CVCL_0218,2945,3101
Almonertinib (hydrochloride),CVCL_0292,2693,3219
Almonertinib (hydrochloride),CVCL_0293,5991,6605
Almonertinib (hydrochloride),CVCL_0320,4199,4383
Almonertinib (hydrochloride),CVCL_0332,3271,3366
Almonertinib (hydrochloride),CVCL_0334,2512,2773
Almonertinib (hydrochloride),CVCL_0359,6116,6254
Almonertinib (hydrochloride),CVCL_0366,3673,3758
Almonertinib (hydrochloride),CVCL_0371,4871,5113
Almonertinib (hydrochloride),CVCL_0397,3437,3672
Almonertinib (hydrochloride),CVCL_0399,7441,8200
Almonertinib (hydrochloride),CVCL_0428,2798,2884
Almonertinib (hydrochloride),CVCL_0459,9843,10329
Almonertinib (hydrochloride),CVCL_0480,6813,6956
Almonertinib (hydrochloride),CVCL_0504,5005,5407
Almonertinib (hydrochloride),CVCL_0546,11443,12167
Almonertinib (hydrochloride),CVCL_1055,3826,3914
Almonertinib (hydrochloride),CVCL_1056,5687,5782
Almonertinib (hydrochloride),CVCL_1094,3314,3513
Almonertinib (hydrochloride),CVCL_1097,4544,4798
Almonertinib (hydrochloride),CVCL_1098,3479,3830
Almonertinib (hydrochloride),CVCL_1119,4825,5015
Almonertinib (hydrochloride),CVCL_1125,724,819
Almonertinib (hydrochloride),CVCL_1239,1577,1662
Almonertinib (hydrochloride),CVCL_1285,6788,7084
Almonertinib (hydrochloride),CVCL_1381,4847,5015
Almonertinib (hydrochloride),CVCL_1478,4802,5307
Almonertinib (hydrochloride),CVCL_1495,3602,3749
Almonertinib (hydrochloride),CVCL_1517,5135,5223
Almonertinib (hydrochloride),CVCL_1531,86,127
Almonertinib (hydrochloride),CVCL_1547,4583,4736
Almonertinib (hydrochloride),CVCL_1550,5704,5933
Almonertinib (hydrochloride),CVCL_1571,48,85
Almonertinib (hydrochloride),CVCL_1577,335,366
Almonertinib (hydrochloride),CVCL_1635,3522,3646
Almonertinib (hydrochloride),CVCL_1666,3238,3525
Almonertinib (hydrochloride),CVCL_1693,2911,3173
Almonertinib (hydrochloride),CVCL_1715,320,360
Almonertinib (hydrochloride),CVCL_1716,469,526
Almonertinib (hydrochloride),CVCL_1717,4283,4516
Almonertinib (hydrochloride),CVCL_1724,2061,2240
Almonertinib (hydrochloride),CVCL_1731,3257,3446
Almonertinib (hydrochloride),CVCL_C466,3774,4091
Almonertinib (mesylate),CVCL_0023,14628,15293
Almonertinib (mesylate),CVCL_0028,2438,2767
Almonertinib (mesylate),CVCL_0069,10253,10698
Almonertinib (mesylate),CVCL_0099,8960,9836
Almonertinib (mesylate),CVCL_0131,11450,11692
Almonertinib (mesylate),CVCL_0152,10779,11814
Almonertinib (mesylate),CVCL_0179,6355,6625
Almonertinib (mesylate),CVCL_0218,8999,9367
Almonertinib (mesylate),CVCL_0292,10267,11227
Almonertinib (mesylate),CVCL_0293,12690,14180
Almonertinib (mesylate),CVCL_0320,12361,12779
Almonertinib (mesylate),CVCL_0332,12160,12509
Almonertinib (mesylate),CVCL_0334,22817,24563
Almonertinib (mesylate),CVCL_0359,13570,13943
Almonertinib (mesylate),CVCL_0366,8516,8794
Almonertinib (mesylate),CVCL_0371,12673,13188
Almonertinib (mesylate),CVCL_0397,10703,11362
Almonertinib (mesylate),CVCL_0399,16472,17662
Almonertinib (mesylate),CVCL_0428,20159,20850
Almonertinib (mesylate),CVCL_0459,40029,41329
Almonertinib (mesylate),CVCL_0480,29253,29827
Almonertinib (mesylate),CVCL_0504,12158,13229
Almonertinib (mesylate),CVCL_0546,38594,40558
Almonertinib (mesylate),CVCL_1055,7957,8209
Almonertinib (mesylate),CVCL_1056,19027,19358
Almonertinib (mesylate),CVCL_1094,7979,8896
Almonertinib (mesylate),CVCL_1097,10758,11293
Almonertinib (mesylate),CVCL_1098,4957,5425
Almonertinib (mesylate),CVCL_1119,15659,16344
Almonertinib (mesylate),CVCL_1125,4122,4442
Almonertinib (mesylate),CVCL_1239,7710,7907
Almonertinib (mesylate),CVCL_1285,21220,21819
Almonertinib (mesylate),CVCL_1381,13842,14254
Almonertinib (mesylate),CVCL_1478,11096,12585
Almonertinib (mesylate),CVCL_1495,12489,12787
Almonertinib (mesylate),CVCL_1517,8287,8563
Almonertinib (mesylate),CVCL_1531,160,208
Almonertinib (mesylate),CVCL_1547,10260,10682
Almonertinib (mesylate),CVCL_1550,12711,13435
Almonertinib (mesylate),CVCL_1571,102,170
Almonertinib (mesylate),CVCL_1577,785,865
Almonertinib (mesylate),CVCL_1635,10786,11133
Almonertinib (mesylate),CVCL_1666,10009,10637
Almonertinib (mesylate),CVCL_1693,17478,18819
Almonertinib (mesylate),CVCL_1715,524,594
Almonertinib (mesylate),CVCL_1716,1120,1183
Almonertinib (mesylate),CVCL_1717,10832,11565
Almonertinib (mesylate),CVCL_1724,5303,5708
Almonertinib (mesylate),CVCL_1731,11515,11963
Almonertinib (mesylate),CVCL_C466,9059,9474
Alpelisib,CVCL_0023,4908,5283
Alpelisib,CVCL_0028,682,761
Alpelisib,CVCL_0069,2061,2193
Alpelisib,CVCL_0099,1308,1462
Alpelisib,CVCL_0131,4890,5037
Alpelisib,CVCL_0152,5163,5637
Alpelisib,CVCL_0179,2625,2699
Alpelisib,CVCL_0218,2437,2633
Alpelisib,CVCL_0292,2118,2415
Alpelisib,CVCL_0293,5995,6468
Alpelisib,CVCL_0320,4223,4581
Alpelisib,CVCL_0332,2777,2894
Alpelisib,CVCL_0334,2007,2277
Alpelisib,CVCL_0359,4002,4225
Alpelisib,CVCL_0366,2779,2876
Alpelisib,CVCL_0371,4871,5323
Alpelisib,CVCL_0397,3946,4264
Alpelisib,CVCL_0399,6702,7258
Alpelisib,CVCL_0428,1708,1792
Alpelisib,CVCL_0459,9440,10015
Alpelisib,CVCL_0480,5854,6053
Alpelisib,CVCL_0504,3700,4146
Alpelisib,CVCL_0546,10310,11229
Alpelisib,CVCL_1055,2057,2123
Alpelisib,CVCL_1056,4171,4260
Alpelisib,CVCL_1094,2292,2480
Alpelisib,CVCL_1097,4375,4679
Alpelisib,CVCL_1098,2852,3142
Alpelisib,CVCL_1119,4443,4707
Alpelisib,CVCL_1125,554,605
Alpelisib,CVCL_1239,1575,1680
Alpelisib,CVCL_1285,5534,5955
Alpelisib,CVCL_1381,3824,4084
Alpelisib,CVCL_1478,4066,4438
Alpelisib,CVCL_1495,2665,2822
Alpelisib,CVCL_1517,5989,6150
Alpelisib,CVCL_1531,53,74
Alpelisib,CVCL_1547,2695,2883
Alpelisib,CVCL_1550,5570,5899
Alpelisib,CVCL_1571,35,56
Alpelisib,CVCL_1577,216,234
Alpelisib,CVCL_1635,2815,2974
Alpelisib,CVCL_1666,2790,3023
Alpelisib,CVCL_1693,1964,2188
Alpelisib,CVCL_1715,552,600
Alpelisib,CVCL_1716,449,500
Alpelisib,CVCL_1717,4181,4466
Alpelisib,CVCL_1724,1928,2120
Alpelisib,CVCL_1731,2814,3041
Alpelisib,CVCL_C466,3838,4161
Altretamine,CVCL_0023,4280,4406
Altretamine,CVCL_0028,1143,1249
Altretamine,CVCL_0069,3529,3651
Altretamine,CVCL_0099,3594,3938
Altretamine,CVCL_0131,3146,3178
Altretamine,CVCL_0152,3259,3587
Altretamine,CVCL_0179,2312,2394
Altretamine,CVCL_0218,3026,3102
Altretamine,CVCL_0292,3512,3811
Altretamine,CVCL_0293,3440,3939
Altretamine,CVCL_0320,3747,3843
Altretamine,CVCL_0332,3106,3156
Altretamine,CVCL_0334,6746,7157
Altretamine,CVCL_0359,4146,4208
Altretamine,CVCL_0366,2040,2092
Altretamine,CVCL_0371,4088,4210
Altretamine,CVCL_0397,3100,3297
Altretamine,CVCL_0399,5076,5473
Altretamine,CVCL_0428,6899,7008
Altretamine,CVCL_0459,10088,10341
Altretamine,CVCL_0480,8233,8363
Altretamine,CVCL_0504,4270,4572
Altretamine,CVCL_0546,12612,13156
Altretamine,CVCL_1055,3057,3168
Altretamine,CVCL_1056,4674,4748
Altretamine,CVCL_1094,3487,3737
Altretamine,CVCL_1097,3140,3303
Altretamine,CVCL_1098,1643,1774
Altretamine,CVCL_1119,5326,5478
Altretamine,CVCL_1125,1493,1597
Altretamine,CVCL_1239,2227,2264
Altretamine,CVCL_1285,5801,5949
Altretamine,CVCL_1381,4565,4633
Altretamine,CVCL_1478,3367,4001
Altretamine,CVCL_1495,3853,3911
Altretamine,CVCL_1517,2135,2203
Altretamine,CVCL_1531,42,52
Altretamine,CVCL_1547,2899,2961
Altretamine,CVCL_1550,4215,4493
Altretamine,CVCL_1571,31,47
Altretamine,CVCL_1577,283,310
Altretamine,CVCL_1635,3355,3424
Altretamine,CVCL_1666,3300,3444
Altretamine,CVCL_1693,6856,7206
Altretamine,CVCL_1715,130,149
Altretamine,CVCL_1716,311,343
Altretamine,CVCL_1717,3424,3633
Altretamine,CVCL_1724,1587,1723
Altretamine,CVCL_1731,2952,3025
Altretamine,CVCL_C466,2427,2531
Amsacrine,CVCL_0023,7099,7183
Amsacrine,CVCL_0028,2666,2820
Amsacrine,CVCL_0069,4817,4940
Amsacrine,CVCL_0099,2529,2686
Amsacrine,CVCL_0131,8629,8731
Amsacrine,CVCL_0152,9418,10040
Amsacrine,CVCL_0179,4944,5063
Amsacrine,CVCL_0218,4338,4464
Amsacrine,CVCL_0292,4603,4951
Amsacrine,CVCL_0293,8091,8817
Amsacrine,CVCL_0320,6304,6521
Amsacrine,CVCL_0332,4502,4632
Amsacrine,CVCL_0334,3635,3847
Amsacrine,CVCL_0359,7921,8046
Amsacrine,CVCL_0366,4925,5045
Amsacrine,CVCL_0371,6536,6729
Amsacrine,CVCL_0397,4741,4997
Amsacrine,CVCL_0399,9942,10746
Amsacrine,CVCL_0428,4035,4098
Amsacrine,CVCL_0459,12970,13245
Amsacrine,CVCL_0480,9211,9402
Amsacrine,CVCL_0504,6484,6671
Amsacrine,CVCL_0546,15730,16241
Amsacrine,CVCL_1055,4809,4935
Amsacrine,CVCL_1056,7232,7375
Amsacrine,CVCL_1094,5005,5102
Amsacrine,CVCL_1097,6526,6711
Amsacrine,CVCL_1098,5606,5935
Amsacrine,CVCL_1119,6624,6788
Amsacrine,CVCL_1125,785,849
Amsacrine,CVCL_1239,1953,2007
Amsacrine,CVCL_1285,8879,9082
Amsacrine,CVCL_1381,5566,5717
Amsacrine,CVCL_1478,6472,7039
Amsacrine,CVCL_1495,5131,5223
Amsacrine,CVCL_1517,6308,6490
Amsacrine,CVCL_1531,79,108
Amsacrine,CVCL_1547,5772,5866
Amsacrine,CVCL_1550,6767,7152
Amsacrine,CVCL_1571,42,72
Amsacrine,CVCL_1577,391,431
Amsacrine,CVCL_1635,4871,4993
Amsacrine,CVCL_1666,4869,5075
Amsacrine,CVCL_1693,4917,5148
Amsacrine,CVCL_1715,527,566
Amsacrine,CVCL_1716,688,736
Amsacrine,CVCL_1717,5870,6163
Amsacrine,CVCL_1724,2645,2792
Amsacrine,CVCL_1731,4426,4616
Amsacrine,CVCL_C466,5789,6038
Anastrozole,CVCL_0023,8281,8469
Anastrozole,CVCL_0028,2062,2201
Anastrozole,CVCL_0069,4268,4431
Anastrozole,CVCL_0099,2453,2575
Anastrozole,CVCL_0131,8277,8363
Anastrozole,CVCL_0152,7920,8408
Anastrozole,CVCL_0179,4678,4807
Anastrozole,CVCL_0218,4679,4847
Anastrozole,CVCL_0292,4531,4811
Anastrozole,CVCL_0293,9835,10652
Anastrozole,CVCL_0320,7359,7647
Anastrozole,CVCL_0332,4524,4654
Anastrozole,CVCL_0334,3449,3727
Anastrozole,CVCL_0359,7080,7196
Anastrozole,CVCL_0366,5570,5707
Anastrozole,CVCL_0371,7216,7528
Anastrozole,CVCL_0397,6454,6885
Anastrozole,CVCL_0399,11130,11969
Anastrozole,CVCL_0428,3323,3373
Anastrozole,CVCL_0459,17926,18367
Anastrozole,CVCL_0480,9282,9615
Anastrozole,CVCL_0504,6941,7220
Anastrozole,CVCL_0546,17942,18659
Anastrozole,CVCL_1055,4016,4186
Anastrozole,CVCL_1056,7108,7310
Anastrozole,CVCL_1094,4348,4518
Anastrozole,CVCL_1097,7278,7500
Anastrozole,CVCL_1098,5312,5565
Anastrozole,CVCL_1119,6150,6342
Anastrozole,CVCL_1125,1245,1312
Anastrozole,CVCL_1239,2986,3052
Anastrozole,CVCL_1285,9554,9780
Anastrozole,CVCL_1381,5944,6092
Anastrozole,CVCL_1478,6850,7580
Anastrozole,CVCL_1495,4840,4945
Anastrozole,CVCL_1517,8472,8761
Anastrozole,CVCL_1531,74,97
Anastrozole,CVCL_1547,6087,6230
Anastrozole,CVCL_1550,6555,7152
Anastrozole,CVCL_1571,35,59
Anastrozole,CVCL_1577,327,377
Anastrozole,CVCL_1635,4949,5077
Anastrozole,CVCL_1666,5025,5259
Anastrozole,CVCL_1693,3677,3882
Anastrozole,CVCL_1715,893,928
Anastrozole,CVCL_1716,766,818
Anastrozole,CVCL_1717,6160,6549
Anastrozole,CVCL_1724,3525,3671
Anastrozole,CVCL_1731,5103,5318
Anastrozole,CVCL_C466,6835,7118
Anethole trithione,CVCL_0023,9601,9739
Anethole trithione,CVCL_0028,2864,2941
Anethole trithione,CVCL_0069,5466,5622
Anethole trithione,CVCL_0099,3077,3259
Anethole trithione,CVCL_0131,9939,10048
Anethole trithione,CVCL_0152,10042,10377
Anethole trithione,CVCL_0179,4909,5271
Anethole trithione,CVCL_0218,5083,5201
Anethole trithione,CVCL_0292,5267,5497
Anethole trithione,CVCL_0293,8817,9806
Anethole trithione,CVCL_0320,7282,7509
Anethole trithione,CVCL_0332,4998,5140
Anethole trithione,CVCL_0334,3616,4068
Anethole trithione,CVCL_0359,8816,8969
Anethole trithione,CVCL_0366,5835,5979
Anethole trithione,CVCL_0371,7482,7701
Anethole trithione,CVCL_0397,5458,5780
Anethole trithione,CVCL_0399,11680,12426
Anethole trithione,CVCL_0428,4443,4499
Anethole trithione,CVCL_0459,16525,16786
Anethole trithione,CVCL_0480,10825,11212
Anethole trithione,CVCL_0504,8347,8518
Anethole trithione,CVCL_0546,20388,20882
Anethole trithione,CVCL_1055,5434,5673
Anethole trithione,CVCL_1056,8695,8878
Anethole trithione,CVCL_1094,5304,5371
Anethole trithione,CVCL_1097,8294,8378
Anethole trithione,CVCL_1098,6784,7062
Anethole trithione,CVCL_1119,6324,6518
Anethole trithione,CVCL_1125,1543,1592
Anethole trithione,CVCL_1239,2839,2863
Anethole trithione,CVCL_1285,10997,11145
Anethole trithione,CVCL_1381,7214,7335
Anethole trithione,CVCL_1478,7808,8570
Anethole trithione,CVCL_1495,5593,5650
Anethole trithione,CVCL_1517,7743,7985
Anethole trithione,CVCL_1531,85,96
Anethole trithione,CVCL_1547,6789,6932
Anethole trithione,CVCL_1550,6209,6993
Anethole trithione,CVCL_1571,28,40
Anethole trithione,CVCL_1577,421,470
Anethole trithione,CVCL_1635,4939,5048
Anethole trithione,CVCL_1666,5322,5401
Anethole trithione,CVCL_1693,5147,5313
Anethole trithione,CVCL_1715,572,599
Anethole trithione,CVCL_1716,905,936
Anethole trithione,CVCL_1717,6604,7010
Anethole trithione,CVCL_1724,3697,3790
Anethole trithione,CVCL_1731,5404,5571
Anethole trithione,CVCL_C466,7273,7421
Apalutamide,CVCL_0023,5364,5559
Apalutamide,CVCL_0028,1393,1550
Apalutamide,CVCL_0069,4064,4206
Apalutamide,CVCL_0099,3955,4359
Apalutamide,CVCL_0131,4095,4160
Apalutamide,CVCL_0152,3692,4097
Apalutamide,CVCL_0179,2552,2635
Apalutamide,CVCL_0218,2827,2986
Apalutamide,CVCL_0292,3698,4083
Apalutamide,CVCL_0293,3634,4168
Apalutamide,CVCL_0320,4174,4312
Apalutamide,CVCL_0332,3978,4077
Apalutamide,CVCL_0334,8180,8712
Apalutamide,CVCL_0359,5467,5572
Apalutamide,CVCL_0366,2932,3017
Apalutamide,CVCL_0371,4425,4638
Apalutamide,CVCL_0397,3506,3731
Apalutamide,CVCL_0399,5478,5987
Apalutamide,CVCL_0428,8016,8216
Apalutamide,CVCL_0459,12338,12722
Apalutamide,CVCL_0480,10129,10265
Apalutamide,CVCL_0504,4907,5290
Apalutamide,CVCL_0546,13084,13775
Apalutamide,CVCL_1055,3767,3907
Apalutamide,CVCL_1056,6509,6577
Apalutamide,CVCL_1094,3656,3955
Apalutamide,CVCL_1097,3786,3983
Apalutamide,CVCL_1098,2050,2211
Apalutamide,CVCL_1119,6218,6433
Apalutamide,CVCL_1125,1534,1651
Apalutamide,CVCL_1239,2743,2813
Apalutamide,CVCL_1285,7333,7545
Apalutamide,CVCL_1381,5689,5847
Apalutamide,CVCL_1478,3355,3872
Apalutamide,CVCL_1495,4878,4969
Apalutamide,CVCL_1517,2615,2693
Apalutamide,CVCL_1531,53,75
Apalutamide,CVCL_1547,3730,3848
Apalutamide,CVCL_1550,4758,5002
Apalutamide,CVCL_1571,39,66
Apalutamide,CVCL_1577,297,328
Apalutamide,CVCL_1635,3736,3863
Apalutamide,CVCL_1666,3820,4030
Apalutamide,CVCL_1693,8500,8999
Apalutamide,CVCL_1715,144,167
Apalutamide,CVCL_1716,382,408
Apalutamide,CVCL_1717,3607,3816
Apalutamide,CVCL_1724,1638,1767
Apalutamide,CVCL_1731,3661,3789
Apalutamide,CVCL_C466,3124,3290
Aprepitant,CVCL_0023,6300,6474
Aprepitant,CVCL_0028,1024,1127
Aprepitant,CVCL_0069,4086,4204
Aprepitant,CVCL_0099,3505,3840
Aprepitant,CVCL_0131,4848,4897
Aprepitant,CVCL_0152,4357,4717
Aprepitant,CVCL_0179,2310,2388
Aprepitant,CVCL_0218,3489,3605
Aprepitant,CVCL_0292,3966,4312
Aprepitant,CVCL_0293,5301,5872
Aprepitant,CVCL_0320,4754,4838
Aprepitant,CVCL_0332,5084,5184
Aprepitant,CVCL_0334,10154,10757
Aprepitant,CVCL_0359,6279,6376
Aprepitant,CVCL_0366,3685,3751
Aprepitant,CVCL_0371,5047,5193
Aprepitant,CVCL_0397,4355,4581
Aprepitant,CVCL_0399,6353,6760
Aprepitant,CVCL_0428,9128,9266
Aprepitant,CVCL_0459,17506,17889
Aprepitant,CVCL_0480,13096,13231
Aprepitant,CVCL_0504,5043,5364
Aprepitant,CVCL_0546,15914,16450
Aprepitant,CVCL_1055,3121,3195
Aprepitant,CVCL_1056,8634,8744
Aprepitant,CVCL_1094,3297,3570
Aprepitant,CVCL_1097,4659,4826
Aprepitant,CVCL_1098,1945,2105
Aprepitant,CVCL_1119,6181,6359
Aprepitant,CVCL_1125,1652,1774
Aprepitant,CVCL_1239,3185,3232
Aprepitant,CVCL_1285,9835,10007
Aprepitant,CVCL_1381,5483,5608
Aprepitant,CVCL_1478,4863,5433
Aprepitant,CVCL_1495,5252,5323
Aprepitant,CVCL_1517,3551,3643
Aprepitant,CVCL_1531,60,83
Aprepitant,CVCL_1547,4095,4199
Aprepitant,CVCL_1550,5300,5521
Aprepitant,CVCL_1571,49,69
Aprepitant,CVCL_1577,295,318
Aprepitant,CVCL_1635,4370,4453
Aprepitant,CVCL_1666,4329,4492
Aprepitant,CVCL_1693,6880,7296
Aprepitant,CVCL_1715,229,248
Aprepitant,CVCL_1716,472,502
Aprepitant,CVCL_1717,4327,4588
Aprepitant,CVCL_1724,2049,2234
Aprepitant,CVCL_1731,4706,4806
Aprepitant,CVCL_C466,3938,4098
Arbutin,CVCL_0023,4453,4844
Arbutin,CVCL_0028,814,1019
Arbutin,CVCL_0069,3285,3534
Arbutin,CVCL_0099,3116,3633
Arbutin,CVCL_0131,3455,3572
Arbutin,CVCL_0152,3380,3889
Arbutin,CVCL_0179,2277,2394
Arbutin,CVCL_0218,2780,3080
Arbutin,CVCL_0292,3025,3562
Arbutin,CVCL_0293,3606,4123
Arbutin,CVCL_0320,4027,4263
Arbutin,CVCL_0332,3430,3557
Arbutin,CVCL_0334,6601,7616
Arbutin,CVCL_0359,4214,4337
Arbutin,CVCL_0366,2346,2446
Arbutin,CVCL_0371,4236,4553
Arbutin,CVCL_0397,3350,3623
Arbutin,CVCL_0399,5077,5649
Arbutin,CVCL_0428,7439,7707
Arbutin,CVCL_0459,10668,11442
Arbutin,CVCL_0480,9577,9793
Arbutin,CVCL_0504,3976,4711
Arbutin,CVCL_0546,12417,13690
Arbutin,CVCL_1055,3123,3220
Arbutin,CVCL_1056,5323,5429
Arbutin,CVCL_1094,2784,3268
Arbutin,CVCL_1097,2843,3229
Arbutin,CVCL_1098,1338,1535
Arbutin,CVCL_1119,5537,5841
Arbutin,CVCL_1125,1228,1416
Arbutin,CVCL_1239,2260,2380
Arbutin,CVCL_1285,6167,6556
Arbutin,CVCL_1381,4603,4812
Arbutin,CVCL_1478,3693,4269
Arbutin,CVCL_1495,4214,4382
Arbutin,CVCL_1517,2522,2584
Arbutin,CVCL_1531,47,68
Arbutin,CVCL_1547,3055,3228
Arbutin,CVCL_1550,4631,4921
Arbutin,CVCL_1571,37,63
Arbutin,CVCL_1577,318,364
Arbutin,CVCL_1635,3475,3650
Arbutin,CVCL_1666,3220,3593
Arbutin,CVCL_1693,6052,6763
Arbutin,CVCL_1715,137,174
Arbutin,CVCL_1716,328,378
Arbutin,CVCL_1717,3380,3689
Arbutin,CVCL_1724,1542,1751
Arbutin,CVCL_1731,3149,3395
Arbutin,CVCL_C466,2240,2526
Artemether,CVCL_0023,7728,7820
Artemether,CVCL_0028,1345,1450
Artemether,CVCL_0069,4817,4913
Artemether,CVCL_0099,4778,4989
Artemether,CVCL_0131,5915,5971
Artemether,CVCL_0152,5687,5983
Artemether,CVCL_0179,2877,2939
Artemether,CVCL_0218,4239,4304
Artemether,CVCL_0292,4832,5085
Artemether,CVCL_0293,6592,7105
Artemether,CVCL_0320,6125,6234
Artemether,CVCL_0332,6798,6897
Artemether,CVCL_0334,13044,13406
Artemether,CVCL_0359,7480,7558
Artemether,CVCL_0366,4751,4852
Artemether,CVCL_0371,6107,6233
Artemether,CVCL_0397,5549,5769
Artemether,CVCL_0399,7781,8137
Artemether,CVCL_0428,10582,10696
Artemether,CVCL_0459,23047,23243
Artemether,CVCL_0480,15481,15661
Artemether,CVCL_0504,6266,6465
Artemether,CVCL_0546,18771,19088
Artemether,CVCL_1055,3743,3835
Artemether,CVCL_1056,10805,10920
Artemether,CVCL_1094,4130,4305
Artemether,CVCL_1097,6022,6156
Artemether,CVCL_1098,2709,2868
Artemether,CVCL_1119,7153,7284
Artemether,CVCL_1125,1853,1918
Artemether,CVCL_1239,4237,4281
Artemether,CVCL_1285,11883,12029
Artemether,CVCL_1381,6924,7068
Artemether,CVCL_1478,5301,5837
Artemether,CVCL_1495,6274,6329
Artemether,CVCL_1517,4546,4658
Artemether,CVCL_1531,68,94
Artemether,CVCL_1547,5427,5513
Artemether,CVCL_1550,5749,6059
Artemether,CVCL_1571,57,81
Artemether,CVCL_1577,402,441
Artemether,CVCL_1635,5017,5087
Artemether,CVCL_1666,5273,5376
Artemether,CVCL_1693,8382,8646
Artemether,CVCL_1715,379,404
Artemether,CVCL_1716,555,576
Artemether,CVCL_1717,5242,5426
Artemether,CVCL_1724,2746,2852
Artemether,CVCL_1731,6021,6147
Artemether,CVCL_C466,5885,5991
Artesunate,CVCL_0023,11412,11680
Artesunate,CVCL_0028,3058,3324
Artesunate,CVCL_0069,5612,5804
Artesunate,CVCL_0099,3379,3642
Artesunate,CVCL_0131,11582,11704
Artesunate,CVCL_0152,11013,11819
Artesunate,CVCL_0179,5797,6002
Artesunate,CVCL_0218,5417,5627
Artesunate,CVCL_0292,5167,5973
Artesunate,CVCL_0293,10427,11265
Artesunate,CVCL_0320,8739,8945
Artesunate,CVCL_0332,5940,6059
Artesunate,CVCL_0334,4526,4881
Artesunate,CVCL_0359,10144,10302
Artesunate,CVCL_0366,7293,7438
Artesunate,CVCL_0371,8561,8936
Artesunate,CVCL_0397,6296,6665
Artesunate,CVCL_0399,12229,13331
Artesunate,CVCL_0428,5063,5171
Artesunate,CVCL_0459,19490,20053
Artesunate,CVCL_0480,12810,12989
Artesunate,CVCL_0504,9398,10019
Artesunate,CVCL_0546,22041,23005
Artesunate,CVCL_1055,6644,6771
Artesunate,CVCL_1056,10318,10460
Artesunate,CVCL_1094,6023,6241
Artesunate,CVCL_1097,9379,9721
Artesunate,CVCL_1098,8255,8801
Artesunate,CVCL_1119,7438,7669
Artesunate,CVCL_1125,1408,1545
Artesunate,CVCL_1239,3586,3671
Artesunate,CVCL_1285,12794,13097
Artesunate,CVCL_1381,8658,8831
Artesunate,CVCL_1478,8302,8967
Artesunate,CVCL_1495,6616,6775
Artesunate,CVCL_1517,9728,9871
Artesunate,CVCL_1531,90,111
Artesunate,CVCL_1547,8463,8671
Artesunate,CVCL_1550,7828,8187
Artesunate,CVCL_1571,55,80
Artesunate,CVCL_1577,529,555
Artesunate,CVCL_1635,5613,5767
Artesunate,CVCL_1666,6040,6381
Artesunate,CVCL_1693,4959,5357
Artesunate,CVCL_1715,732,774
Artesunate,CVCL_1716,925,1012
Artesunate,CVCL_1717,7716,8036
Artesunate,CVCL_1724,4023,4290
Artesunate,CVCL_1731,6498,6742
Artesunate,CVCL_C466,7737,8180
Asciminib,CVCL_0023,6044,6258
Asciminib,CVCL_0028,1006,1156
Asciminib,CVCL_0069,4228,4351
Asciminib,CVCL_0099,3656,4081
Asciminib,CVCL_0131,4717,4771
Asciminib,CVCL_0152,4199,4587
Asciminib,CVCL_0179,2302,2371
Asciminib,CVCL_0218,3459,3570
Asciminib,CVCL_0292,3798,4267
Asciminib,CVCL_0293,5121,5686
Asciminib,CVCL_0320,5080,5188
Asciminib,CVCL_0332,5016,5097
Asciminib,CVCL_0334,9698,10327
Asciminib,CVCL_0359,5439,5545
Asciminib,CVCL_0366,3627,3699
Asciminib,CVCL_0371,5320,5480
Asciminib,CVCL_0397,4565,4784
Asciminib,CVCL_0399,6202,6638
Asciminib,CVCL_0428,8836,9019
Asciminib,CVCL_0459,17935,18382
Asciminib,CVCL_0480,12627,12765
Asciminib,CVCL_0504,4801,5216
Asciminib,CVCL_0546,16030,16680
Asciminib,CVCL_1055,3247,3336
Asciminib,CVCL_1056,8247,8350
Asciminib,CVCL_1094,3237,3550
Asciminib,CVCL_1097,4760,5005
Asciminib,CVCL_1098,2173,2400
Asciminib,CVCL_1119,5882,6078
Asciminib,CVCL_1125,1567,1699
Asciminib,CVCL_1239,3457,3520
Asciminib,CVCL_1285,8664,8846
Asciminib,CVCL_1381,5469,5582
Asciminib,CVCL_1478,4523,5085
Asciminib,CVCL_1495,5259,5347
Asciminib,CVCL_1517,3680,3756
Asciminib,CVCL_1531,71,100
Asciminib,CVCL_1547,4285,4394
Asciminib,CVCL_1550,4677,4883
Asciminib,CVCL_1571,50,80
Asciminib,CVCL_1577,327,368
Asciminib,CVCL_1635,4044,4137
Asciminib,CVCL_1666,4196,4399
Asciminib,CVCL_1693,6674,7151
Asciminib,CVCL_1715,258,277
Asciminib,CVCL_1716,502,537
Asciminib,CVCL_1717,4438,4701
Asciminib,CVCL_1724,2170,2381
Asciminib,CVCL_1731,4814,4937
Asciminib,CVCL_C466,3718,3896
Aspirin,CVCL_0023,5788,5834
Aspirin,CVCL_0028,1255,1311
Aspirin,CVCL_0069,4089,4174
Aspirin,CVCL_0099,4225,4381
Aspirin,CVCL_0131,4481,4511
Aspirin,CVCL_0152,4793,5060
Aspirin,CVCL_0179,2634,2674
Aspirin,CVCL_0218,3945,3989
Aspirin,CVCL_0292,4303,4478
Aspirin,CVCL_0293,4942,5482
Aspirin,CVCL_0320,5352,5448
Aspirin,CVCL_0332,4560,4628
Aspirin,CVCL_0334,9952,10261
Aspirin,CVCL_0359,5191,5229
Aspirin,CVCL_0366,3054,3120
Aspirin,CVCL_0371,5487,5588
Aspirin,CVCL_0397,4537,4778
Aspirin,CVCL_0399,6543,6925
Aspirin,CVCL_0428,8560,8645
Aspirin,CVCL_0459,15959,16079
Aspirin,CVCL_0480,11743,11931
Aspirin,CVCL_0504,5488,5586
Aspirin,CVCL_0546,16534,16785
Aspirin,CVCL_1055,3289,3423
Aspirin,CVCL_1056,7159,7264
Aspirin,CVCL_1094,3997,4106
Aspirin,CVCL_1097,4680,4739
Aspirin,CVCL_1098,2009,2104
Aspirin,CVCL_1119,6257,6377
Aspirin,CVCL_1125,1574,1625
Aspirin,CVCL_1239,2919,2940
Aspirin,CVCL_1285,8655,8731
Aspirin,CVCL_1381,5571,5654
Aspirin,CVCL_1478,4719,5439
Aspirin,CVCL_1495,4758,4795
Aspirin,CVCL_1517,3205,3312
Aspirin,CVCL_1531,53,57
Aspirin,CVCL_1547,3923,3996
Aspirin,CVCL_1550,4893,5269
Aspirin,CVCL_1571,36,49
Aspirin,CVCL_1577,295,335
Aspirin,CVCL_1635,4303,4368
Aspirin,CVCL_1666,4429,4491
Aspirin,CVCL_1693,7971,8173
Aspirin,CVCL_1715,247,258
Aspirin,CVCL_1716,509,518
Aspirin,CVCL_1717,4753,4984
Aspirin,CVCL_1724,2346,2439
Aspirin,CVCL_1731,4382,4455
Aspirin,CVCL_C466,3723,3791
Ataluren,CVCL_0023,8602,8788
Ataluren,CVCL_0028,1511,1658
Ataluren,CVCL_0069,5544,5698
Ataluren,CVCL_0099,5165,5602
Ataluren,CVCL_0131,6525,6596
Ataluren,CVCL_0152,5779,6250
Ataluren,CVCL_0179,3521,3633
Ataluren,CVCL_0218,4612,4731
Ataluren,CVCL_0292,5301,5784
Ataluren,CVCL_0293,7400,8111
Ataluren,CVCL_0320,6776,6884
Ataluren,CVCL_0332,7465,7580
Ataluren,CVCL_0334,14797,15500
Ataluren,CVCL_0359,8248,8363
Ataluren,CVCL_0366,5455,5545
Ataluren,CVCL_0371,6901,7083
Ataluren,CVCL_0397,6298,6596
Ataluren,CVCL_0399,8707,9197
Ataluren,CVCL_0428,11991,12178
Ataluren,CVCL_0459,24933,25376
Ataluren,CVCL_0480,17824,17986
Ataluren,CVCL_0504,7261,7670
Ataluren,CVCL_0546,21611,22293
Ataluren,CVCL_1055,4171,4252
Ataluren,CVCL_1056,11686,11811
Ataluren,CVCL_1094,4838,5165
Ataluren,CVCL_1097,6593,6820
Ataluren,CVCL_1098,2917,3124
Ataluren,CVCL_1119,8045,8245
Ataluren,CVCL_1125,2157,2306
Ataluren,CVCL_1239,4723,4794
Ataluren,CVCL_1285,13610,13795
Ataluren,CVCL_1381,7759,7916
Ataluren,CVCL_1478,6470,7218
Ataluren,CVCL_1495,7074,7154
Ataluren,CVCL_1517,5068,5154
Ataluren,CVCL_1531,79,102
Ataluren,CVCL_1547,6018,6143
Ataluren,CVCL_1550,6583,6895
Ataluren,CVCL_1571,66,91
Ataluren,CVCL_1577,457,488
Ataluren,CVCL_1635,5765,5864
Ataluren,CVCL_1666,6033,6248
Ataluren,CVCL_1693,10048,10560
Ataluren,CVCL_1715,305,338
Ataluren,CVCL_1716,705,738
Ataluren,CVCL_1717,5894,6192
Ataluren,CVCL_1724,2851,3075
Ataluren,CVCL_1731,6781,6923
Ataluren,CVCL_C466,5379,5566
Atazanavir (sulfate),CVCL_0023,6315,6749
Atazanavir (sulfate),CVCL_0028,859,1093
Atazanavir (sulfate),CVCL_0069,3894,4104
Atazanavir (sulfate),CVCL_0099,3225,3900
Atazanavir (sulfate),CVCL_0131,4882,5047
Atazanavir (sulfate),CVCL_0152,4107,4716
Atazanavir (sulfate),CVCL_0179,2392,2545
Atazanavir (sulfate),CVCL_0218,3289,3653
Atazanavir (sulfate),CVCL_0292,3261,4014
Atazanavir (sulfate),CVCL_0293,5143,5931
Atazanavir (sulfate),CVCL_0320,5322,5564
Atazanavir (sulfate),CVCL_0332,5556,5734
Atazanavir (sulfate),CVCL_0334,9728,11118
Atazanavir (sulfate),CVCL_0359,5973,6211
Atazanavir (sulfate),CVCL_0366,3865,3999
Atazanavir (sulfate),CVCL_0371,5333,5721
Atazanavir (sulfate),CVCL_0397,4397,4716
Atazanavir (sulfate),CVCL_0399,6328,7031
Atazanavir (sulfate),CVCL_0428,9188,9552
Atazanavir (sulfate),CVCL_0459,16284,17375
Atazanavir (sulfate),CVCL_0480,13429,13659
Atazanavir (sulfate),CVCL_0504,4774,5680
Atazanavir (sulfate),CVCL_0546,15071,16559
Atazanavir (sulfate),CVCL_1055,3386,3479
Atazanavir (sulfate),CVCL_1056,8590,8724
Atazanavir (sulfate),CVCL_1094,2781,3414
Atazanavir (sulfate),CVCL_1097,4136,4608
Atazanavir (sulfate),CVCL_1098,1710,1939
Atazanavir (sulfate),CVCL_1119,6023,6404
Atazanavir (sulfate),CVCL_1125,1268,1519
Atazanavir (sulfate),CVCL_1239,3267,3426
Atazanavir (sulfate),CVCL_1285,9381,9892
Atazanavir (sulfate),CVCL_1381,5720,5997
Atazanavir (sulfate),CVCL_1478,4649,5238
Atazanavir (sulfate),CVCL_1495,5356,5545
Atazanavir (sulfate),CVCL_1517,3840,3950
Atazanavir (sulfate),CVCL_1531,73,122
Atazanavir (sulfate),CVCL_1547,4568,4785
Atazanavir (sulfate),CVCL_1550,5538,5801
Atazanavir (sulfate),CVCL_1571,85,135
Atazanavir (sulfate),CVCL_1577,387,415
Atazanavir (sulfate),CVCL_1635,4373,4568
Atazanavir (sulfate),CVCL_1666,3965,4440
Atazanavir (sulfate),CVCL_1693,6217,7130
Atazanavir (sulfate),CVCL_1715,286,330
Atazanavir (sulfate),CVCL_1716,427,487
Atazanavir (sulfate),CVCL_1717,4403,4783
Atazanavir (sulfate),CVCL_1724,1920,2232
Atazanavir (sulfate),CVCL_1731,4814,5096
Atazanavir (sulfate),CVCL_C466,3254,3701
Auranofin,CVCL_0023,5310,5509
Auranofin,CVCL_0028,749,868
Auranofin,CVCL_0069,2760,2883
Auranofin,CVCL_0099,2403,2708
Auranofin,CVCL_0131,4054,4119
Auranofin,CVCL_0152,3737,4098
Auranofin,CVCL_0179,1735,1829
Auranofin,CVCL_0218,3029,3169
Auranofin,CVCL_0292,2602,2993
Auranofin,CVCL_0293,4271,4795
Auranofin,CVCL_0320,4165,4260
Auranofin,CVCL_0332,3867,3957
Auranofin,CVCL_0334,8563,9214
Auranofin,CVCL_0359,4187,4281
Auranofin,CVCL_0366,2573,2642
Auranofin,CVCL_0371,4439,4619
Auranofin,CVCL_0397,3733,3998
Auranofin,CVCL_0399,4958,5430
Auranofin,CVCL_0428,6424,6543
Auranofin,CVCL_0459,14016,14415
Auranofin,CVCL_0480,10339,10443
Auranofin,CVCL_0504,3927,4324
Auranofin,CVCL_0546,12187,12776
Auranofin,CVCL_1055,2534,2590
Auranofin,CVCL_1056,6227,6310
Auranofin,CVCL_1094,2229,2576
Auranofin,CVCL_1097,3603,3843
Auranofin,CVCL_1098,1742,1919
Auranofin,CVCL_1119,4947,5149
Auranofin,CVCL_1125,1330,1464
Auranofin,CVCL_1239,2351,2394
Auranofin,CVCL_1285,6628,6840
Auranofin,CVCL_1381,4349,4468
Auranofin,CVCL_1478,3796,4320
Auranofin,CVCL_1495,4074,4162
Auranofin,CVCL_1517,2817,2887
Auranofin,CVCL_1531,54,67
Auranofin,CVCL_1547,2596,2694
Auranofin,CVCL_1550,4255,4443
Auranofin,CVCL_1571,53,75
Auranofin,CVCL_1577,241,275
Auranofin,CVCL_1635,3608,3698
Auranofin,CVCL_1666,2883,3071
Auranofin,CVCL_1693,4864,5303
Auranofin,CVCL_1715,216,232
Auranofin,CVCL_1716,345,370
Auranofin,CVCL_1717,3701,3930
Auranofin,CVCL_1724,1630,1850
Auranofin,CVCL_1731,3894,4030
Auranofin,CVCL_C466,3079,3261
Azithromycin (hydrate),CVCL_0023,6876,7163
Azithromycin (hydrate),CVCL_0028,1961,2211
Azithromycin (hydrate),CVCL_0069,3724,3898
Azithromycin (hydrate),CVCL_0099,2010,2241
Azithromycin (hydrate),CVCL_0131,6995,7115
Azithromycin (hydrate),CVCL_0152,6815,7584
Azithromycin (hydrate),CVCL_0179,3426,3599
Azithromycin (hydrate),CVCL_0218,3461,3687
Azithromycin (hydrate),CVCL_0292,3145,3670
Azithromycin (hydrate),CVCL_0293,6574,7275
Azithromycin (hydrate),CVCL_0320,5105,5334
Azithromycin (hydrate),CVCL_0332,3493,3613
Azithromycin (hydrate),CVCL_0334,2582,2941
Azithromycin (hydrate),CVCL_0359,6534,6701
Azithromycin (hydrate),CVCL_0366,4083,4196
Azithromycin (hydrate),CVCL_0371,5407,5697
Azithromycin (hydrate),CVCL_0397,3809,4131
Azithromycin (hydrate),CVCL_0399,8082,8938
Azithromycin (hydrate),CVCL_0428,3120,3247
Azithromycin (hydrate),CVCL_0459,10997,11604
Azithromycin (hydrate),CVCL_0480,7580,7757
Azithromycin (hydrate),CVCL_0504,5912,6425
Azithromycin (hydrate),CVCL_0546,12973,13906
Azithromycin (hydrate),CVCL_1055,4207,4298
Azithromycin (hydrate),CVCL_1056,6104,6216
Azithromycin (hydrate),CVCL_1094,4042,4275
Azithromycin (hydrate),CVCL_1097,5409,5748
Azithromycin (hydrate),CVCL_1098,4012,4429
Azithromycin (hydrate),CVCL_1119,5270,5477
Azithromycin (hydrate),CVCL_1125,969,1079
Azithromycin (hydrate),CVCL_1239,1946,2038
Azithromycin (hydrate),CVCL_1285,7439,7711
Azithromycin (hydrate),CVCL_1381,5283,5443
Azithromycin (hydrate),CVCL_1478,5289,5866
Azithromycin (hydrate),CVCL_1495,4123,4280
Azithromycin (hydrate),CVCL_1517,5654,5780
Azithromycin (hydrate),CVCL_1531,105,145
Azithromycin (hydrate),CVCL_1547,4978,5165
Azithromycin (hydrate),CVCL_1550,5363,5697
Azithromycin (hydrate),CVCL_1571,46,78
Azithromycin (hydrate),CVCL_1577,318,359
Azithromycin (hydrate),CVCL_1635,3835,4008
Azithromycin (hydrate),CVCL_1666,3577,3928
Azithromycin (hydrate),CVCL_1693,3224,3529
Azithromycin (hydrate),CVCL_1715,364,402
Azithromycin (hydrate),CVCL_1716,526,608
Azithromycin (hydrate),CVCL_1717,4790,5094
Azithromycin (hydrate),CVCL_1724,2483,2706
Azithromycin (hydrate),CVCL_1731,3627,3863
Azithromycin (hydrate),CVCL_C466,4107,4479
BAY1125976,CVCL_0023,5939,6161
BAY1125976,CVCL_0028,812,933
BAY1125976,CVCL_0069,2700,2847
BAY1125976,CVCL_0099,1751,1950
BAY1125976,CVCL_0131,5825,5891
BAY1125976,CVCL_0152,6468,7112
BAY1125976,CVCL_0179,3006,3163
BAY1125976,CVCL_0218,2167,2354
BAY1125976,CVCL_0292,2844,3293
BAY1125976,CVCL_0293,7812,8425
BAY1125976,CVCL_0320,5797,6068
BAY1125976,CVCL_0332,3199,3291
BAY1125976,CVCL_0334,1961,2403
BAY1125976,CVCL_0359,3929,4049
BAY1125976,CVCL_0366,2927,3040
BAY1125976,CVCL_0371,5741,6037
BAY1125976,CVCL_0397,5035,5353
BAY1125976,CVCL_0399,7564,8345
BAY1125976,CVCL_0428,2384,2454
BAY1125976,CVCL_0459,12899,13388
BAY1125976,CVCL_0480,6490,6671
BAY1125976,CVCL_0504,4668,5079
BAY1125976,CVCL_0546,14250,15108
BAY1125976,CVCL_1055,2772,2855
BAY1125976,CVCL_1056,4601,4695
BAY1125976,CVCL_1094,3107,3307
BAY1125976,CVCL_1097,4614,4868
BAY1125976,CVCL_1098,4259,4610
BAY1125976,CVCL_1119,4932,5120
BAY1125976,CVCL_1125,1414,1531
BAY1125976,CVCL_1239,1774,1869
BAY1125976,CVCL_1285,6390,6637
BAY1125976,CVCL_1381,4199,4365
BAY1125976,CVCL_1478,4788,5233
BAY1125976,CVCL_1495,3909,4012
BAY1125976,CVCL_1517,6788,6924
BAY1125976,CVCL_1531,88,110
BAY1125976,CVCL_1547,4157,4323
BAY1125976,CVCL_1550,5578,6032
BAY1125976,CVCL_1571,52,80
BAY1125976,CVCL_1577,216,251
BAY1125976,CVCL_1635,3856,3992
BAY1125976,CVCL_1666,3607,3900
BAY1125976,CVCL_1693,2639,2879
BAY1125976,CVCL_1715,711,749
BAY1125976,CVCL_1716,569,617
BAY1125976,CVCL_1717,5019,5309
BAY1125976,CVCL_1724,2579,2804
BAY1125976,CVCL_1731,3916,4136
BAY1125976,CVCL_C466,5033,5347
BI-3406,CVCL_0023,7428,7819
BI-3406,CVCL_0028,1215,1372
BI-3406,CVCL_0069,2120,2239
BI-3406,CVCL_0099,1857,2084
BI-3406,CVCL_0131,8255,8334
BI-3406,CVCL_0152,7348,8057
BI-3406,CVCL_0179,4083,4195
BI-3406,CVCL_0218,4073,4354
BI-3406,CVCL_0292,3253,3834
BI-3406,CVCL_0293,9642,10311
BI-3406,CVCL_0320,6841,7103
BI-3406,CVCL_0332,4549,4660
BI-3406,CVCL_0334,3019,3381
BI-3406,CVCL_0359,6418,6577
BI-3406,CVCL_0366,4784,4874
BI-3406,CVCL_0371,7079,7480
BI-3406,CVCL_0397,5794,6214
BI-3406,CVCL_0399,8786,9610
BI-3406,CVCL_0428,2710,2800
BI-3406,CVCL_0459,14189,14833
BI-3406,CVCL_0480,9175,9303
BI-3406,CVCL_0504,6022,6592
BI-3406,CVCL_0546,14155,15307
BI-3406,CVCL_1055,2854,2905
BI-3406,CVCL_1056,6630,6729
BI-3406,CVCL_1094,3546,3788
BI-3406,CVCL_1097,6170,6553
BI-3406,CVCL_1098,3891,4284
BI-3406,CVCL_1119,6255,6487
BI-3406,CVCL_1125,611,677
BI-3406,CVCL_1239,2268,2370
BI-3406,CVCL_1285,9211,9651
BI-3406,CVCL_1381,5969,6172
BI-3406,CVCL_1478,6647,7235
BI-3406,CVCL_1495,2927,3049
BI-3406,CVCL_1517,9028,9148
BI-3406,CVCL_1531,89,128
BI-3406,CVCL_1547,4011,4187
BI-3406,CVCL_1550,7618,7936
BI-3406,CVCL_1571,47,84
BI-3406,CVCL_1577,306,334
BI-3406,CVCL_1635,4118,4310
BI-3406,CVCL_1666,4341,4704
BI-3406,CVCL_1693,2520,2796
BI-3406,CVCL_1715,945,1010
BI-3406,CVCL_1716,701,794
BI-3406,CVCL_1717,6285,6600
BI-3406,CVCL_1724,3079,3314
BI-3406,CVCL_1731,4133,4385
BI-3406,CVCL_C466,6010,6454
BI-78D3,CVCL_0023,4727,4909
BI-78D3,CVCL_0028,926,1076
BI-78D3,CVCL_0069,2049,2181
BI-78D3,CVCL_0099,1512,1682
BI-78D3,CVCL_0131,4921,4990
BI-78D3,CVCL_0152,5060,5749
BI-78D3,CVCL_0179,2659,2755
BI-78D3,CVCL_0218,3288,3488
BI-78D3,CVCL_0292,2333,2866
BI-78D3,CVCL_0293,6268,6841
BI-78D3,CVCL_0320,4929,5142
BI-78D3,CVCL_0332,2955,3046
BI-78D3,CVCL_0334,1921,2136
BI-78D3,CVCL_0359,3234,3330
BI-78D3,CVCL_0366,2739,2845
BI-78D3,CVCL_0371,4806,5068
BI-78D3,CVCL_0397,4185,4571
BI-78D3,CVCL_0399,6923,7793
BI-78D3,CVCL_0428,1984,2057
BI-78D3,CVCL_0459,10114,10578
BI-78D3,CVCL_0480,5561,5683
BI-78D3,CVCL_0504,4228,4533
BI-78D3,CVCL_0546,10570,11300
BI-78D3,CVCL_1055,2249,2306
BI-78D3,CVCL_1056,3766,3848
BI-78D3,CVCL_1094,2605,2814
BI-78D3,CVCL_1097,4011,4267
BI-78D3,CVCL_1098,2532,2817
BI-78D3,CVCL_1119,4194,4383
BI-78D3,CVCL_1125,811,936
BI-78D3,CVCL_1239,1807,1885
BI-78D3,CVCL_1285,5272,5493
BI-78D3,CVCL_1381,3456,3649
BI-78D3,CVCL_1478,3956,4392
BI-78D3,CVCL_1495,3002,3128
BI-78D3,CVCL_1517,5648,5754
BI-78D3,CVCL_1531,86,128
BI-78D3,CVCL_1547,3577,3675
BI-78D3,CVCL_1550,4717,4940
BI-78D3,CVCL_1571,52,87
BI-78D3,CVCL_1577,204,233
BI-78D3,CVCL_1635,3362,3517
BI-78D3,CVCL_1666,2939,3242
BI-78D3,CVCL_1693,1832,2069
BI-78D3,CVCL_1715,573,638
BI-78D3,CVCL_1716,412,487
BI-78D3,CVCL_1717,4024,4229
BI-78D3,CVCL_1724,2168,2407
BI-78D3,CVCL_1731,3081,3294
BI-78D3,CVCL_C466,3869,4227
Baicalin,CVCL_0023,9809,10051
Baicalin,CVCL_0028,2635,2852
Baicalin,CVCL_0069,5363,5533
Baicalin,CVCL_0099,2895,3096
Baicalin,CVCL_0131,10182,10289
Baicalin,CVCL_0152,9486,10192
Baicalin,CVCL_0179,5207,5334
Baicalin,CVCL_0218,5019,5202
Baicalin,CVCL_0292,4577,5149
Baicalin,CVCL_0293,10048,10744
Baicalin,CVCL_0320,7608,7834
Baicalin,CVCL_0332,5299,5426
Baicalin,CVCL_0334,4053,4329
Baicalin,CVCL_0359,9626,9792
Baicalin,CVCL_0366,6548,6688
Baicalin,CVCL_0371,7628,7861
Baicalin,CVCL_0397,6002,6352
Baicalin,CVCL_0399,11477,12341
Baicalin,CVCL_0428,4544,4626
Baicalin,CVCL_0459,18294,18770
Baicalin,CVCL_0480,11318,11494
Baicalin,CVCL_0504,8539,8982
Baicalin,CVCL_0546,18962,19793
Baicalin,CVCL_1055,5385,5476
Baicalin,CVCL_1056,9525,9642
Baicalin,CVCL_1094,5302,5492
Baicalin,CVCL_1097,7831,8147
Baicalin,CVCL_1098,6134,6577
Baicalin,CVCL_1119,6990,7145
Baicalin,CVCL_1125,1460,1586
Baicalin,CVCL_1239,2964,3041
Baicalin,CVCL_1285,11236,11526
Baicalin,CVCL_1381,7636,7828
Baicalin,CVCL_1478,7149,7670
Baicalin,CVCL_1495,6021,6171
Baicalin,CVCL_1517,8912,9053
Baicalin,CVCL_1531,117,154
Baicalin,CVCL_1547,7318,7472
Baicalin,CVCL_1550,7600,7857
Baicalin,CVCL_1571,48,88
Baicalin,CVCL_1577,412,447
Baicalin,CVCL_1635,5326,5466
Baicalin,CVCL_1666,5455,5733
Baicalin,CVCL_1693,4614,4923
Baicalin,CVCL_1715,728,776
Baicalin,CVCL_1716,861,932
Baicalin,CVCL_1717,6865,7151
Baicalin,CVCL_1724,3559,3796
Baicalin,CVCL_1731,5515,5777
Baicalin,CVCL_C466,7064,7450
Balsalazide (sodium hydrate),CVCL_0023,9701,9804
Balsalazide (sodium hydrate),CVCL_0028,2855,2967
Balsalazide (sodium hydrate),CVCL_0069,5243,5345
Balsalazide (sodium hydrate),CVCL_0099,3182,3283
Balsalazide (sodium hydrate),CVCL_0131,9949,10044
Balsalazide (sodium hydrate),CVCL_0152,10059,10414
Balsalazide (sodium hydrate),CVCL_0179,5083,5233
Balsalazide (sodium hydrate),CVCL_0218,4677,4778
Balsalazide (sodium hydrate),CVCL_0292,5016,5276
Balsalazide (sodium hydrate),CVCL_0293,8873,9648
Balsalazide (sodium hydrate),CVCL_0320,6776,7007
Balsalazide (sodium hydrate),CVCL_0332,4989,5100
Balsalazide (sodium hydrate),CVCL_0334,3906,4099
Balsalazide (sodium hydrate),CVCL_0359,9184,9291
Balsalazide (sodium hydrate),CVCL_0366,5966,6095
Balsalazide (sodium hydrate),CVCL_0371,7237,7450
Balsalazide (sodium hydrate),CVCL_0397,5343,5652
Balsalazide (sodium hydrate),CVCL_0399,11423,12137
Balsalazide (sodium hydrate),CVCL_0428,4345,4402
Balsalazide (sodium hydrate),CVCL_0459,16572,16767
Balsalazide (sodium hydrate),CVCL_0480,10545,10774
Balsalazide (sodium hydrate),CVCL_0504,8215,8409
Balsalazide (sodium hydrate),CVCL_0546,18650,19174
Balsalazide (sodium hydrate),CVCL_1055,5713,5879
Balsalazide (sodium hydrate),CVCL_1056,8659,8812
Balsalazide (sodium hydrate),CVCL_1094,5332,5431
Balsalazide (sodium hydrate),CVCL_1097,7671,7804
Balsalazide (sodium hydrate),CVCL_1098,6594,6802
Balsalazide (sodium hydrate),CVCL_1119,6524,6687
Balsalazide (sodium hydrate),CVCL_1125,1508,1566
Balsalazide (sodium hydrate),CVCL_1239,2787,2822
Balsalazide (sodium hydrate),CVCL_1285,10570,10721
Balsalazide (sodium hydrate),CVCL_1381,7124,7244
Balsalazide (sodium hydrate),CVCL_1478,7160,7763
Balsalazide (sodium hydrate),CVCL_1495,5542,5601
Balsalazide (sodium hydrate),CVCL_1517,7927,8145
Balsalazide (sodium hydrate),CVCL_1531,105,128
Balsalazide (sodium hydrate),CVCL_1547,6882,6999
Balsalazide (sodium hydrate),CVCL_1550,6884,7464
Balsalazide (sodium hydrate),CVCL_1571,49,67
Balsalazide (sodium hydrate),CVCL_1577,388,443
Balsalazide (sodium hydrate),CVCL_1635,4852,4966
Balsalazide (sodium hydrate),CVCL_1666,5314,5426
Balsalazide (sodium hydrate),CVCL_1693,4811,4939
Balsalazide (sodium hydrate),CVCL_1715,573,600
Balsalazide (sodium hydrate),CVCL_1716,777,803
Balsalazide (sodium hydrate),CVCL_1717,6179,6536
Balsalazide (sodium hydrate),CVCL_1724,3428,3533
Balsalazide (sodium hydrate),CVCL_1731,5074,5214
Balsalazide (sodium hydrate),CVCL_C466,7251,7413
Belinostat,CVCL_0023,5345,5595
Belinostat,CVCL_0028,850,960
Belinostat,CVCL_0069,2933,3062
Belinostat,CVCL_0099,3113,3477
Belinostat,CVCL_0131,2799,2878
Belinostat,CVCL_0152,3926,4325
Belinostat,CVCL_0179,2097,2197
Belinostat,CVCL_0218,2414,2582
Belinostat,CVCL_0292,3617,4055
Belinostat,CVCL_0293,3991,4545
Belinostat,CVCL_0320,3973,4105
Belinostat,CVCL_0332,3806,3911
Belinostat,CVCL_0334,9024,9805
Belinostat,CVCL_0359,5308,5436
Belinostat,CVCL_0366,2703,2766
Belinostat,CVCL_0371,4099,4305
Belinostat,CVCL_0397,3747,3980
Belinostat,CVCL_0399,4742,5192
Belinostat,CVCL_0428,8133,8335
Belinostat,CVCL_0459,14368,14878
Belinostat,CVCL_0480,10652,10815
Belinostat,CVCL_0504,4066,4493
Belinostat,CVCL_0546,12331,12993
Belinostat,CVCL_1055,2801,2873
Belinostat,CVCL_1056,6536,6631
Belinostat,CVCL_1094,2699,3061
Belinostat,CVCL_1097,3712,3965
Belinostat,CVCL_1098,1357,1521
Belinostat,CVCL_1119,5554,5742
Belinostat,CVCL_1125,1423,1572
Belinostat,CVCL_1239,1835,1886
Belinostat,CVCL_1285,7838,8051
Belinostat,CVCL_1381,4175,4288
Belinostat,CVCL_1478,4535,4998
Belinostat,CVCL_1495,3386,3471
Belinostat,CVCL_1517,3119,3202
Belinostat,CVCL_1531,46,70
Belinostat,CVCL_1547,2856,2987
Belinostat,CVCL_1550,5121,5327
Belinostat,CVCL_1571,28,48
Belinostat,CVCL_1577,288,307
Belinostat,CVCL_1635,3604,3714
Belinostat,CVCL_1666,3096,3323
Belinostat,CVCL_1693,5943,6522
Belinostat,CVCL_1715,176,186
Belinostat,CVCL_1716,403,437
Belinostat,CVCL_1717,3819,4061
Belinostat,CVCL_1724,1579,1799
Belinostat,CVCL_1731,3650,3766
Belinostat,CVCL_C466,3256,3472
Belumosudil,CVCL_0023,12677,13210
Belumosudil,CVCL_0028,2590,2948
Belumosudil,CVCL_0069,8986,9318
Belumosudil,CVCL_0099,7601,8534
Belumosudil,CVCL_0131,10924,11140
Belumosudil,CVCL_0152,9816,10749
Belumosudil,CVCL_0179,6030,6245
Belumosudil,CVCL_0218,7985,8281
Belumosudil,CVCL_0292,9303,10236
Belumosudil,CVCL_0293,11740,13012
Belumosudil,CVCL_0320,11649,12008
Belumosudil,CVCL_0332,10205,10473
Belumosudil,CVCL_0334,20721,22153
Belumosudil,CVCL_0359,11973,12327
Belumosudil,CVCL_0366,7031,7270
Belumosudil,CVCL_0371,11972,12432
Belumosudil,CVCL_0397,9484,9964
Belumosudil,CVCL_0399,13977,15003
Belumosudil,CVCL_0428,16735,17289
Belumosudil,CVCL_0459,32650,33852
Belumosudil,CVCL_0480,24852,25252
Belumosudil,CVCL_0504,10244,11312
Belumosudil,CVCL_0546,36622,38295
Belumosudil,CVCL_1055,8210,8440
Belumosudil,CVCL_1056,16548,16821
Belumosudil,CVCL_1094,7597,8341
Belumosudil,CVCL_1097,9553,10096
Belumosudil,CVCL_1098,4698,5152
Belumosudil,CVCL_1119,15481,16085
Belumosudil,CVCL_1125,3988,4347
Belumosudil,CVCL_1239,6043,6216
Belumosudil,CVCL_1285,17889,18465
Belumosudil,CVCL_1381,12973,13338
Belumosudil,CVCL_1478,9554,10704
Belumosudil,CVCL_1495,11195,11444
Belumosudil,CVCL_1517,6520,6721
Belumosudil,CVCL_1531,148,207
Belumosudil,CVCL_1547,8473,8766
Belumosudil,CVCL_1550,11808,12363
Belumosudil,CVCL_1571,109,185
Belumosudil,CVCL_1577,822,890
Belumosudil,CVCL_1635,10192,10498
Belumosudil,CVCL_1666,8781,9292
Belumosudil,CVCL_1693,16109,17370
Belumosudil,CVCL_1715,434,503
Belumosudil,CVCL_1716,930,997
Belumosudil,CVCL_1717,10588,11209
Belumosudil,CVCL_1724,5208,5637
Belumosudil,CVCL_1731,9787,10179
Belumosudil,CVCL_C466,7747,8205
Belumosudil (mesylate),CVCL_0023,5129,5297
Belumosudil (mesylate),CVCL_0028,866,1017
Belumosudil (mesylate),CVCL_0069,2247,2370
Belumosudil (mesylate),CVCL_0099,1568,1722
Belumosudil (mesylate),CVCL_0131,4485,4531
Belumosudil (mesylate),CVCL_0152,5738,6272
Belumosudil (mesylate),CVCL_0179,2572,2651
Belumosudil (mesylate),CVCL_0218,3297,3468
Belumosudil (mesylate),CVCL_0292,2461,2873
Belumosudil (mesylate),CVCL_0293,6506,7045
Belumosudil (mesylate),CVCL_0320,4839,5024
Belumosudil (mesylate),CVCL_0332,2834,2933
Belumosudil (mesylate),CVCL_0334,2154,2372
Belumosudil (mesylate),CVCL_0359,3721,3800
Belumosudil (mesylate),CVCL_0366,2513,2610
Belumosudil (mesylate),CVCL_0371,4816,5098
Belumosudil (mesylate),CVCL_0397,4493,4787
Belumosudil (mesylate),CVCL_0399,7602,8304
Belumosudil (mesylate),CVCL_0428,1980,2025
Belumosudil (mesylate),CVCL_0459,10430,10851
Belumosudil (mesylate),CVCL_0480,5537,5655
Belumosudil (mesylate),CVCL_0504,4489,4832
Belumosudil (mesylate),CVCL_0546,10820,11463
Belumosudil (mesylate),CVCL_1055,1886,1943
Belumosudil (mesylate),CVCL_1056,3748,3824
Belumosudil (mesylate),CVCL_1094,2631,2837
Belumosudil (mesylate),CVCL_1097,4474,4697
Belumosudil (mesylate),CVCL_1098,2979,3275
Belumosudil (mesylate),CVCL_1119,4382,4515
Belumosudil (mesylate),CVCL_1125,755,860
Belumosudil (mesylate),CVCL_1239,1446,1503
Belumosudil (mesylate),CVCL_1285,5215,5389
Belumosudil (mesylate),CVCL_1381,3683,3825
Belumosudil (mesylate),CVCL_1478,4475,4955
Belumosudil (mesylate),CVCL_1495,3017,3118
Belumosudil (mesylate),CVCL_1517,5547,5663
Belumosudil (mesylate),CVCL_1531,61,82
Belumosudil (mesylate),CVCL_1547,3202,3302
Belumosudil (mesylate),CVCL_1550,4850,5191
Belumosudil (mesylate),CVCL_1571,32,51
Belumosudil (mesylate),CVCL_1577,217,243
Belumosudil (mesylate),CVCL_1635,3412,3538
Belumosudil (mesylate),CVCL_1666,3278,3477
Belumosudil (mesylate),CVCL_1693,2277,2496
Belumosudil (mesylate),CVCL_1715,529,566
Belumosudil (mesylate),CVCL_1716,479,530
Belumosudil (mesylate),CVCL_1717,3994,4221
Belumosudil (mesylate),CVCL_1724,2125,2295
Belumosudil (mesylate),CVCL_1731,3051,3228
Belumosudil (mesylate),CVCL_C466,4299,4629
Belzutifan,CVCL_0023,2708,2927
Belzutifan,CVCL_0028,662,806
Belzutifan,CVCL_0069,1342,1489
Belzutifan,CVCL_0099,780,928
Belzutifan,CVCL_0131,2545,2643
Belzutifan,CVCL_0152,2612,3032
Belzutifan,CVCL_0179,1567,1648
Belzutifan,CVCL_0218,1562,1754
Belzutifan,CVCL_0292,1222,1464
Belzutifan,CVCL_0293,3341,3708
Belzutifan,CVCL_0320,2346,2539
Belzutifan,CVCL_0332,1411,1483
Belzutifan,CVCL_0334,961,1164
Belzutifan,CVCL_0359,2205,2306
Belzutifan,CVCL_0366,1613,1698
Belzutifan,CVCL_0371,2544,2763
Belzutifan,CVCL_0397,2152,2380
Belzutifan,CVCL_0399,3612,4096
Belzutifan,CVCL_0428,1229,1301
Belzutifan,CVCL_0459,5627,6181
Belzutifan,CVCL_0480,3108,3195
Belzutifan,CVCL_0504,2586,2893
Belzutifan,CVCL_0546,5645,6279
Belzutifan,CVCL_1055,1281,1309
Belzutifan,CVCL_1056,2071,2136
Belzutifan,CVCL_1094,1540,1734
Belzutifan,CVCL_1097,2111,2294
Belzutifan,CVCL_1098,1662,1922
Belzutifan,CVCL_1119,2272,2445
Belzutifan,CVCL_1125,441,533
Belzutifan,CVCL_1239,853,946
Belzutifan,CVCL_1285,2858,3093
Belzutifan,CVCL_1381,1994,2144
Belzutifan,CVCL_1478,1941,2147
Belzutifan,CVCL_1495,1697,1834
Belzutifan,CVCL_1517,2835,2909
Belzutifan,CVCL_1531,30,51
Belzutifan,CVCL_1547,1953,2129
Belzutifan,CVCL_1550,2459,2630
Belzutifan,CVCL_1571,24,42
Belzutifan,CVCL_1577,97,113
Belzutifan,CVCL_1635,1709,1832
Belzutifan,CVCL_1666,1471,1659
Belzutifan,CVCL_1693,1238,1412
Belzutifan,CVCL_1715,258,283
Belzutifan,CVCL_1716,196,237
Belzutifan,CVCL_1717,2136,2328
Belzutifan,CVCL_1724,1061,1189
Belzutifan,CVCL_1731,1539,1735
Belzutifan,CVCL_C466,2040,2276
Bendamustine,CVCL_0023,3478,3704
Bendamustine,CVCL_0028,820,979
Bendamustine,CVCL_0069,2935,3077
Bendamustine,CVCL_0099,2825,3186
Bendamustine,CVCL_0131,2907,2975
Bendamustine,CVCL_0152,2997,3341
Bendamustine,CVCL_0179,1971,2069
Bendamustine,CVCL_0218,2523,2672
Bendamustine,CVCL_0292,2726,3097
Bendamustine,CVCL_0293,3191,3637
Bendamustine,CVCL_0320,3520,3646
Bendamustine,CVCL_0332,2823,2908
Bendamustine,CVCL_0334,5354,5972
Bendamustine,CVCL_0359,3595,3693
Bendamustine,CVCL_0366,1816,1890
Bendamustine,CVCL_0371,3671,3834
Bendamustine,CVCL_0397,2909,3097
Bendamustine,CVCL_0399,4534,4935
Bendamustine,CVCL_0428,6222,6383
Bendamustine,CVCL_0459,8412,8816
Bendamustine,CVCL_0480,7714,7855
Bendamustine,CVCL_0504,3434,3890
Bendamustine,CVCL_0546,10610,11322
Bendamustine,CVCL_1055,2871,2959
Bendamustine,CVCL_1056,4176,4248
Bendamustine,CVCL_1094,2688,3031
Bendamustine,CVCL_1097,2566,2771
Bendamustine,CVCL_1098,1187,1308
Bendamustine,CVCL_1119,4873,5107
Bendamustine,CVCL_1125,1208,1334
Bendamustine,CVCL_1239,1808,1874
Bendamustine,CVCL_1285,5161,5400
Bendamustine,CVCL_1381,3878,4025
Bendamustine,CVCL_1478,3093,3597
Bendamustine,CVCL_1495,3417,3525
Bendamustine,CVCL_1517,1995,2057
Bendamustine,CVCL_1531,45,65
Bendamustine,CVCL_1547,2466,2559
Bendamustine,CVCL_1550,3980,4230
Bendamustine,CVCL_1571,33,53
Bendamustine,CVCL_1577,263,283
Bendamustine,CVCL_1635,3121,3227
Bendamustine,CVCL_1666,2753,2956
Bendamustine,CVCL_1693,5418,5814
Bendamustine,CVCL_1715,142,160
Bendamustine,CVCL_1716,316,346
Bendamustine,CVCL_1717,3068,3267
Bendamustine,CVCL_1724,1404,1560
Bendamustine,CVCL_1731,2723,2872
Bendamustine,CVCL_C466,1869,2029
Benproperine (phosphate),CVCL_0023,4791,4954
Benproperine (phosphate),CVCL_0028,871,1006
Benproperine (phosphate),CVCL_0069,3578,3695
Benproperine (phosphate),CVCL_0099,3071,3449
Benproperine (phosphate),CVCL_0131,3607,3672
Benproperine (phosphate),CVCL_0152,3725,4107
Benproperine (phosphate),CVCL_0179,2371,2464
Benproperine (phosphate),CVCL_0218,3089,3224
Benproperine (phosphate),CVCL_0292,3531,3913
Benproperine (phosphate),CVCL_0293,4245,4714
Benproperine (phosphate),CVCL_0320,4264,4388
Benproperine (phosphate),CVCL_0332,3559,3643
Benproperine (phosphate),CVCL_0334,7600,8148
Benproperine (phosphate),CVCL_0359,4392,4468
Benproperine (phosphate),CVCL_0366,2424,2484
Benproperine (phosphate),CVCL_0371,4488,4640
Benproperine (phosphate),CVCL_0397,3674,3842
Benproperine (phosphate),CVCL_0399,5814,6204
Benproperine (phosphate),CVCL_0428,7435,7573
Benproperine (phosphate),CVCL_0459,12221,12560
Benproperine (phosphate),CVCL_0480,9824,9948
Benproperine (phosphate),CVCL_0504,4067,4471
Benproperine (phosphate),CVCL_0546,12771,13335
Benproperine (phosphate),CVCL_1055,3411,3497
Benproperine (phosphate),CVCL_1056,5506,5584
Benproperine (phosphate),CVCL_1094,2936,3227
Benproperine (phosphate),CVCL_1097,3372,3544
Benproperine (phosphate),CVCL_1098,1431,1608
Benproperine (phosphate),CVCL_1119,5974,6167
Benproperine (phosphate),CVCL_1125,1482,1596
Benproperine (phosphate),CVCL_1239,2344,2396
Benproperine (phosphate),CVCL_1285,6527,6672
Benproperine (phosphate),CVCL_1381,4592,4718
Benproperine (phosphate),CVCL_1478,4059,4559
Benproperine (phosphate),CVCL_1495,4374,4452
Benproperine (phosphate),CVCL_1517,2580,2638
Benproperine (phosphate),CVCL_1531,49,72
Benproperine (phosphate),CVCL_1547,3335,3438
Benproperine (phosphate),CVCL_1550,4754,4975
Benproperine (phosphate),CVCL_1571,42,73
Benproperine (phosphate),CVCL_1577,336,369
Benproperine (phosphate),CVCL_1635,3766,3867
Benproperine (phosphate),CVCL_1666,3215,3396
Benproperine (phosphate),CVCL_1693,5970,6465
Benproperine (phosphate),CVCL_1715,137,170
Benproperine (phosphate),CVCL_1716,367,385
Benproperine (phosphate),CVCL_1717,3709,3958
Benproperine (phosphate),CVCL_1724,1795,1975
Benproperine (phosphate),CVCL_1731,3201,3329
Benproperine (phosphate),CVCL_C466,2589,2716
Bentamapimod,CVCL_0023,5361,5560
Bentamapimod,CVCL_0028,862,993
Bentamapimod,CVCL_0069,2108,2226
Bentamapimod,CVCL_0099,1322,1462
Bentamapimod,CVCL_0131,4904,4976
Bentamapimod,CVCL_0152,5441,6264
Bentamapimod,CVCL_0179,2432,2506
Bentamapimod,CVCL_0218,3239,3486
Bentamapimod,CVCL_0292,2143,2742
Bentamapimod,CVCL_0293,6725,7356
Bentamapimod,CVCL_0320,4698,4881
Bentamapimod,CVCL_0332,2741,2803
Bentamapimod,CVCL_0334,2036,2351
Bentamapimod,CVCL_0359,3367,3445
Bentamapimod,CVCL_0366,2909,2982
Bentamapimod,CVCL_0371,5142,5445
Bentamapimod,CVCL_0397,4359,4793
Bentamapimod,CVCL_0399,7067,8077
Bentamapimod,CVCL_0428,2118,2168
Bentamapimod,CVCL_0459,11192,11768
Bentamapimod,CVCL_0480,5952,6030
Bentamapimod,CVCL_0504,3927,4314
Bentamapimod,CVCL_0546,11010,11875
Bentamapimod,CVCL_1055,1874,1908
Bentamapimod,CVCL_1056,3801,3845
Bentamapimod,CVCL_1094,2576,2774
Bentamapimod,CVCL_1097,4406,4736
Bentamapimod,CVCL_1098,2933,3294
Bentamapimod,CVCL_1119,4236,4394
Bentamapimod,CVCL_1125,865,980
Bentamapimod,CVCL_1239,1914,2002
Bentamapimod,CVCL_1285,5854,6113
Bentamapimod,CVCL_1381,3473,3577
Bentamapimod,CVCL_1478,4403,4865
Bentamapimod,CVCL_1495,3339,3449
Bentamapimod,CVCL_1517,5951,6022
Bentamapimod,CVCL_1531,83,109
Bentamapimod,CVCL_1547,3489,3603
Bentamapimod,CVCL_1550,5011,5272
Bentamapimod,CVCL_1571,40,72
Bentamapimod,CVCL_1577,178,206
Bentamapimod,CVCL_1635,3462,3589
Bentamapimod,CVCL_1666,3219,3552
Bentamapimod,CVCL_1693,1821,2048
Bentamapimod,CVCL_1715,663,720
Bentamapimod,CVCL_1716,451,522
Bentamapimod,CVCL_1717,4081,4305
Bentamapimod,CVCL_1724,2043,2352
Bentamapimod,CVCL_1731,3299,3488
Bentamapimod,CVCL_C466,4194,4571
Benztropine (mesylate),CVCL_0023,6410,6540
Benztropine (mesylate),CVCL_0028,1413,1518
Benztropine (mesylate),CVCL_0069,4527,4630
Benztropine (mesylate),CVCL_0099,4380,4706
Benztropine (mesylate),CVCL_0131,5174,5220
Benztropine (mesylate),CVCL_0152,4599,5004
Benztropine (mesylate),CVCL_0179,2727,2838
Benztropine (mesylate),CVCL_0218,3609,3676
Benztropine (mesylate),CVCL_0292,4434,4783
Benztropine (mesylate),CVCL_0293,5379,6011
Benztropine (mesylate),CVCL_0320,5118,5225
Benztropine (mesylate),CVCL_0332,4823,4919
Benztropine (mesylate),CVCL_0334,10505,11056
Benztropine (mesylate),CVCL_0359,6126,6222
Benztropine (mesylate),CVCL_0366,3447,3527
Benztropine (mesylate),CVCL_0371,5494,5622
Benztropine (mesylate),CVCL_0397,4339,4578
Benztropine (mesylate),CVCL_0399,6736,7190
Benztropine (mesylate),CVCL_0428,8900,9049
Benztropine (mesylate),CVCL_0459,17486,17893
Benztropine (mesylate),CVCL_0480,12854,13021
Benztropine (mesylate),CVCL_0504,5569,5829
Benztropine (mesylate),CVCL_0546,18037,18532
Benztropine (mesylate),CVCL_1055,3344,3434
Benztropine (mesylate),CVCL_1056,7848,7968
Benztropine (mesylate),CVCL_1094,4139,4440
Benztropine (mesylate),CVCL_1097,5004,5163
Benztropine (mesylate),CVCL_1098,2406,2590
Benztropine (mesylate),CVCL_1119,6444,6637
Benztropine (mesylate),CVCL_1125,1689,1795
Benztropine (mesylate),CVCL_1239,3303,3347
Benztropine (mesylate),CVCL_1285,9508,9648
Benztropine (mesylate),CVCL_1381,6094,6180
Benztropine (mesylate),CVCL_1478,5001,5649
Benztropine (mesylate),CVCL_1495,5109,5179
Benztropine (mesylate),CVCL_1517,3451,3556
Benztropine (mesylate),CVCL_1531,52,70
Benztropine (mesylate),CVCL_1547,4376,4475
Benztropine (mesylate),CVCL_1550,5124,5439
Benztropine (mesylate),CVCL_1571,32,45
Benztropine (mesylate),CVCL_1577,293,321
Benztropine (mesylate),CVCL_1635,4442,4518
Benztropine (mesylate),CVCL_1666,4384,4527
Benztropine (mesylate),CVCL_1693,8608,9031
Benztropine (mesylate),CVCL_1715,220,233
Benztropine (mesylate),CVCL_1716,525,549
Benztropine (mesylate),CVCL_1717,4736,5006
Benztropine (mesylate),CVCL_1724,2321,2525
Benztropine (mesylate),CVCL_1731,4939,5032
Benztropine (mesylate),CVCL_C466,4263,4431
Berbamine,CVCL_0023,12213,12751
Berbamine,CVCL_0028,3215,3646
Berbamine,CVCL_0069,7183,7504
Berbamine,CVCL_0099,5312,5692
Berbamine,CVCL_0131,12406,12563
Berbamine,CVCL_0152,11508,12812
Berbamine,CVCL_0179,7238,7450
Berbamine,CVCL_0218,6756,7147
Berbamine,CVCL_0292,5894,6778
Berbamine,CVCL_0293,11851,12929
Berbamine,CVCL_0320,9984,10402
Berbamine,CVCL_0332,7038,7254
Berbamine,CVCL_0334,7552,8105
Berbamine,CVCL_0359,11935,12152
Berbamine,CVCL_0366,7926,8103
Berbamine,CVCL_0371,10191,10721
Berbamine,CVCL_0397,7996,8528
Berbamine,CVCL_0399,14070,15551
Berbamine,CVCL_0428,8170,8332
Berbamine,CVCL_0459,22314,23433
Berbamine,CVCL_0480,16670,16983
Berbamine,CVCL_0504,10547,11445
Berbamine,CVCL_0546,26119,27757
Berbamine,CVCL_1055,6623,6784
Berbamine,CVCL_1056,12489,12655
Berbamine,CVCL_1094,6848,7209
Berbamine,CVCL_1097,9159,9783
Berbamine,CVCL_1098,7410,8162
Berbamine,CVCL_1119,9621,9960
Berbamine,CVCL_1125,1861,2057
Berbamine,CVCL_1239,4288,4432
Berbamine,CVCL_1285,14928,15496
Berbamine,CVCL_1381,10003,10264
Berbamine,CVCL_1478,9983,10979
Berbamine,CVCL_1495,7698,7975
Berbamine,CVCL_1517,10388,10588
Berbamine,CVCL_1531,123,172
Berbamine,CVCL_1547,8610,8927
Berbamine,CVCL_1550,9617,10086
Berbamine,CVCL_1571,61,96
Berbamine,CVCL_1577,555,604
Berbamine,CVCL_1635,7003,7272
Berbamine,CVCL_1666,6460,7018
Berbamine,CVCL_1693,8782,9313
Berbamine,CVCL_1715,674,741
Berbamine,CVCL_1716,883,1028
Berbamine,CVCL_1717,9021,9412
Berbamine,CVCL_1724,4463,4795
Berbamine,CVCL_1731,7231,7619
Berbamine,CVCL_C466,7481,8199
Berbamine (dihydrochloride),CVCL_0023,12672,13093
Berbamine (dihydrochloride),CVCL_0028,2837,3174
Berbamine (dihydrochloride),CVCL_0069,9736,10051
Berbamine (dihydrochloride),CVCL_0099,9104,10027
Berbamine (dihydrochloride),CVCL_0131,9878,10026
Berbamine (dihydrochloride),CVCL_0152,9133,9898
Berbamine (dihydrochloride),CVCL_0179,6506,6726
Berbamine (dihydrochloride),CVCL_0218,7126,7400
Berbamine (dihydrochloride),CVCL_0292,8864,9723
Berbamine (dihydrochloride),CVCL_0293,9993,11214
Berbamine (dihydrochloride),CVCL_0320,10021,10302
Berbamine (dihydrochloride),CVCL_0332,10186,10409
Berbamine (dihydrochloride),CVCL_0334,20134,21344
Berbamine (dihydrochloride),CVCL_0359,13092,13294
Berbamine (dihydrochloride),CVCL_0366,7466,7662
Berbamine (dihydrochloride),CVCL_0371,10765,11157
Berbamine (dihydrochloride),CVCL_0397,8782,9252
Berbamine (dihydrochloride),CVCL_0399,13432,14466
Berbamine (dihydrochloride),CVCL_0428,18655,19057
Berbamine (dihydrochloride),CVCL_0459,31621,32501
Berbamine (dihydrochloride),CVCL_0480,25670,26026
Berbamine (dihydrochloride),CVCL_0504,11308,12174
Berbamine (dihydrochloride),CVCL_0546,32423,33961
Berbamine (dihydrochloride),CVCL_1055,8570,8778
Berbamine (dihydrochloride),CVCL_1056,16596,16818
Berbamine (dihydrochloride),CVCL_1094,8511,9195
Berbamine (dihydrochloride),CVCL_1097,8957,9403
Berbamine (dihydrochloride),CVCL_1098,4790,5228
Berbamine (dihydrochloride),CVCL_1119,13524,14009
Berbamine (dihydrochloride),CVCL_1125,3434,3692
Berbamine (dihydrochloride),CVCL_1239,6731,6875
Berbamine (dihydrochloride),CVCL_1285,18226,18738
Berbamine (dihydrochloride),CVCL_1381,13043,13352
Berbamine (dihydrochloride),CVCL_1478,9137,10325
Berbamine (dihydrochloride),CVCL_1495,10984,11187
Berbamine (dihydrochloride),CVCL_1517,6821,6993
Berbamine (dihydrochloride),CVCL_1531,120,178
Berbamine (dihydrochloride),CVCL_1547,9190,9464
Berbamine (dihydrochloride),CVCL_1550,10766,11355
Berbamine (dihydrochloride),CVCL_1571,100,163
Berbamine (dihydrochloride),CVCL_1577,767,840
Berbamine (dihydrochloride),CVCL_1635,9315,9533
Berbamine (dihydrochloride),CVCL_1666,8989,9420
Berbamine (dihydrochloride),CVCL_1693,17883,19079
Berbamine (dihydrochloride),CVCL_1715,350,405
Berbamine (dihydrochloride),CVCL_1716,938,1009
Berbamine (dihydrochloride),CVCL_1717,9117,9661
Berbamine (dihydrochloride),CVCL_1724,4297,4616
Berbamine (dihydrochloride),CVCL_1731,9351,9654
Berbamine (dihydrochloride),CVCL_C466,7255,7578
Berberine (chloride hydrate),CVCL_0023,10006,10369
Berberine (chloride hydrate),CVCL_0028,2952,3226
Berberine (chloride hydrate),CVCL_0069,5638,5827
Berberine (chloride hydrate),CVCL_0099,3372,3609
Berberine (chloride hydrate),CVCL_0131,10467,10582
Berberine (chloride hydrate),CVCL_0152,10033,10808
Berberine (chloride hydrate),CVCL_0179,5583,5706
Berberine (chloride hydrate),CVCL_0218,5307,5529
Berberine (chloride hydrate),CVCL_0292,4829,5452
Berberine (chloride hydrate),CVCL_0293,10496,11268
Berberine (chloride hydrate),CVCL_0320,7873,8107
Berberine (chloride hydrate),CVCL_0332,5533,5658
Berberine (chloride hydrate),CVCL_0334,4069,4423
Berberine (chloride hydrate),CVCL_0359,9821,10012
Berberine (chloride hydrate),CVCL_0366,6492,6641
Berberine (chloride hydrate),CVCL_0371,8073,8389
Berberine (chloride hydrate),CVCL_0397,5978,6350
Berberine (chloride hydrate),CVCL_0399,12126,13092
Berberine (chloride hydrate),CVCL_0428,4652,4759
Berberine (chloride hydrate),CVCL_0459,18419,19031
Berberine (chloride hydrate),CVCL_0480,11515,11696
Berberine (chloride hydrate),CVCL_0504,8707,9301
Berberine (chloride hydrate),CVCL_0546,19779,20824
Berberine (chloride hydrate),CVCL_1055,5971,6093
Berberine (chloride hydrate),CVCL_1056,9603,9722
Berberine (chloride hydrate),CVCL_1094,5383,5657
Berberine (chloride hydrate),CVCL_1097,8070,8423
Berberine (chloride hydrate),CVCL_1098,6860,7290
Berberine (chloride hydrate),CVCL_1119,7203,7427
Berberine (chloride hydrate),CVCL_1125,1465,1591
Berberine (chloride hydrate),CVCL_1239,3175,3281
Berberine (chloride hydrate),CVCL_1285,11564,11945
Berberine (chloride hydrate),CVCL_1381,7628,7818
Berberine (chloride hydrate),CVCL_1478,7695,8343
Berberine (chloride hydrate),CVCL_1495,6070,6244
Berberine (chloride hydrate),CVCL_1517,9205,9369
Berberine (chloride hydrate),CVCL_1531,110,153
Berberine (chloride hydrate),CVCL_1547,7389,7617
Berberine (chloride hydrate),CVCL_1550,7787,8074
Berberine (chloride hydrate),CVCL_1571,69,112
Berberine (chloride hydrate),CVCL_1577,467,504
Berberine (chloride hydrate),CVCL_1635,5562,5737
Berberine (chloride hydrate),CVCL_1666,5388,5767
Berberine (chloride hydrate),CVCL_1693,5038,5371
Berberine (chloride hydrate),CVCL_1715,673,717
Berberine (chloride hydrate),CVCL_1716,771,858
Berberine (chloride hydrate),CVCL_1717,6957,7232
Berberine (chloride hydrate),CVCL_1724,3938,4169
Berberine (chloride hydrate),CVCL_1731,5620,5886
Berberine (chloride hydrate),CVCL_C466,6892,7276
Bergenin,CVCL_0023,8951,9378
Bergenin,CVCL_0028,2269,2589
Bergenin,CVCL_0069,4697,4966
Bergenin,CVCL_0099,2458,2782
Bergenin,CVCL_0131,9216,9381
Bergenin,CVCL_0152,8266,9216
Bergenin,CVCL_0179,4238,4451
Bergenin,CVCL_0218,4371,4667
Bergenin,CVCL_0292,3697,4407
Bergenin,CVCL_0293,9069,9849
Bergenin,CVCL_0320,6606,6840
Bergenin,CVCL_0332,4846,4993
Bergenin,CVCL_0334,3164,3715
Bergenin,CVCL_0359,8124,8337
Bergenin,CVCL_0366,5747,5895
Bergenin,CVCL_0371,7017,7413
Bergenin,CVCL_0397,5122,5487
Bergenin,CVCL_0399,9941,11032
Bergenin,CVCL_0428,3875,4014
Bergenin,CVCL_0459,14797,15639
Bergenin,CVCL_0480,9872,10145
Bergenin,CVCL_0504,7190,7922
Bergenin,CVCL_0546,16826,18064
Bergenin,CVCL_1055,4956,5057
Bergenin,CVCL_1056,8483,8605
Bergenin,CVCL_1094,4658,4989
Bergenin,CVCL_1097,6318,6764
Bergenin,CVCL_1098,5617,6143
Bergenin,CVCL_1119,6354,6596
Bergenin,CVCL_1125,1254,1406
Bergenin,CVCL_1239,2510,2666
Bergenin,CVCL_1285,9808,10235
Bergenin,CVCL_1381,6541,6758
Bergenin,CVCL_1478,6391,7038
Bergenin,CVCL_1495,5272,5518
Bergenin,CVCL_1517,7960,8107
Bergenin,CVCL_1531,114,154
Bergenin,CVCL_1547,6517,6769
Bergenin,CVCL_1550,6937,7318
Bergenin,CVCL_1571,66,105
Bergenin,CVCL_1577,378,426
Bergenin,CVCL_1635,4817,5037
Bergenin,CVCL_1666,4433,4910
Bergenin,CVCL_1693,3810,4204
Bergenin,CVCL_1715,471,530
Bergenin,CVCL_1716,637,740
Bergenin,CVCL_1717,6119,6486
Bergenin,CVCL_1724,3102,3415
Bergenin,CVCL_1731,4918,5217
Bergenin,CVCL_C466,5345,5899
Bestatin,CVCL_0023,6174,6334
Bestatin,CVCL_0028,1086,1230
Bestatin,CVCL_0069,4275,4385
Bestatin,CVCL_0099,3861,4240
Bestatin,CVCL_0131,4718,4798
Bestatin,CVCL_0152,4442,4807
Bestatin,CVCL_0179,2707,2798
Bestatin,CVCL_0218,3872,3997
Bestatin,CVCL_0292,4577,5050
Bestatin,CVCL_0293,5179,5626
Bestatin,CVCL_0320,5099,5229
Bestatin,CVCL_0332,4694,4782
Bestatin,CVCL_0334,9341,9901
Bestatin,CVCL_0359,5548,5611
Bestatin,CVCL_0366,3298,3370
Bestatin,CVCL_0371,5318,5478
Bestatin,CVCL_0397,4545,4737
Bestatin,CVCL_0399,6721,7128
Bestatin,CVCL_0428,8551,8685
Bestatin,CVCL_0459,17382,17727
Bestatin,CVCL_0480,11548,11676
Bestatin,CVCL_0504,5630,6023
Bestatin,CVCL_0546,16625,17247
Bestatin,CVCL_1055,3638,3720
Bestatin,CVCL_1056,7049,7126
Bestatin,CVCL_1094,4073,4440
Bestatin,CVCL_1097,4453,4679
Bestatin,CVCL_1098,1926,2088
Bestatin,CVCL_1119,6674,6833
Bestatin,CVCL_1125,1844,1952
Bestatin,CVCL_1239,2977,3035
Bestatin,CVCL_1285,8467,8628
Bestatin,CVCL_1381,5784,5896
Bestatin,CVCL_1478,4521,5109
Bestatin,CVCL_1495,4974,5052
Bestatin,CVCL_1517,3162,3230
Bestatin,CVCL_1531,46,63
Bestatin,CVCL_1547,4390,4486
Bestatin,CVCL_1550,5249,5485
Bestatin,CVCL_1571,39,61
Bestatin,CVCL_1577,332,369
Bestatin,CVCL_1635,4544,4627
Bestatin,CVCL_1666,4124,4312
Bestatin,CVCL_1693,7756,8233
Bestatin,CVCL_1715,243,256
Bestatin,CVCL_1716,404,430
Bestatin,CVCL_1717,4446,4701
Bestatin,CVCL_1724,2241,2411
Bestatin,CVCL_1731,4555,4704
Bestatin,CVCL_C466,3550,3691
Bestatin (hydrochloride),CVCL_0023,6615,6772
Bestatin (hydrochloride),CVCL_0028,1449,1622
Bestatin (hydrochloride),CVCL_0069,4632,4772
Bestatin (hydrochloride),CVCL_0099,4666,5137
Bestatin (hydrochloride),CVCL_0131,4758,4810
Bestatin (hydrochloride),CVCL_0152,4519,4883
Bestatin (hydrochloride),CVCL_0179,2979,3082
Bestatin (hydrochloride),CVCL_0218,3430,3524
Bestatin (hydrochloride),CVCL_0292,4307,4700
Bestatin (hydrochloride),CVCL_0293,5062,5629
Bestatin (hydrochloride),CVCL_0320,5107,5224
Bestatin (hydrochloride),CVCL_0332,5447,5538
Bestatin (hydrochloride),CVCL_0334,10748,11281
Bestatin (hydrochloride),CVCL_0359,6537,6613
Bestatin (hydrochloride),CVCL_0366,3700,3767
Bestatin (hydrochloride),CVCL_0371,5389,5548
Bestatin (hydrochloride),CVCL_0397,4431,4686
Bestatin (hydrochloride),CVCL_0399,6316,6774
Bestatin (hydrochloride),CVCL_0428,9304,9457
Bestatin (hydrochloride),CVCL_0459,17930,18289
Bestatin (hydrochloride),CVCL_0480,13096,13235
Bestatin (hydrochloride),CVCL_0504,6089,6413
Bestatin (hydrochloride),CVCL_0546,17506,18097
Bestatin (hydrochloride),CVCL_1055,3524,3613
Bestatin (hydrochloride),CVCL_1056,8509,8620
Bestatin (hydrochloride),CVCL_1094,4309,4641
Bestatin (hydrochloride),CVCL_1097,4969,5202
Bestatin (hydrochloride),CVCL_1098,2666,2868
Bestatin (hydrochloride),CVCL_1119,6204,6356
Bestatin (hydrochloride),CVCL_1125,1593,1696
Bestatin (hydrochloride),CVCL_1239,3767,3815
Bestatin (hydrochloride),CVCL_1285,9580,9779
Bestatin (hydrochloride),CVCL_1381,6553,6662
Bestatin (hydrochloride),CVCL_1478,4522,5033
Bestatin (hydrochloride),CVCL_1495,5117,5187
Bestatin (hydrochloride),CVCL_1517,3859,3930
Bestatin (hydrochloride),CVCL_1531,53,72
Bestatin (hydrochloride),CVCL_1547,4737,4827
Bestatin (hydrochloride),CVCL_1550,4934,5184
Bestatin (hydrochloride),CVCL_1571,38,60
Bestatin (hydrochloride),CVCL_1577,341,367
Bestatin (hydrochloride),CVCL_1635,4414,4493
Bestatin (hydrochloride),CVCL_1666,4626,4799
Bestatin (hydrochloride),CVCL_1693,9304,9833
Bestatin (hydrochloride),CVCL_1715,193,212
Bestatin (hydrochloride),CVCL_1716,457,484
Bestatin (hydrochloride),CVCL_1717,4694,4906
Bestatin (hydrochloride),CVCL_1724,2248,2402
Bestatin (hydrochloride),CVCL_1731,5054,5178
Bestatin (hydrochloride),CVCL_C466,4054,4234
Betamethasone dipropionate,CVCL_0023,3871,4074
Betamethasone dipropionate,CVCL_0028,821,982
Betamethasone dipropionate,CVCL_0069,2841,2981
Betamethasone dipropionate,CVCL_0099,2629,3088
Betamethasone dipropionate,CVCL_0131,2789,2859
Betamethasone dipropionate,CVCL_0152,2508,2886
Betamethasone dipropionate,CVCL_0179,1741,1833
Betamethasone dipropionate,CVCL_0218,2359,2534
Betamethasone dipropionate,CVCL_0292,2553,3044
Betamethasone dipropionate,CVCL_0293,3017,3480
Betamethasone dipropionate,CVCL_0320,3286,3435
Betamethasone dipropionate,CVCL_0332,2919,3009
Betamethasone dipropionate,CVCL_0334,5482,6086
Betamethasone dipropionate,CVCL_0359,3662,3755
Betamethasone dipropionate,CVCL_0366,2070,2143
Betamethasone dipropionate,CVCL_0371,3357,3553
Betamethasone dipropionate,CVCL_0397,2687,2882
Betamethasone dipropionate,CVCL_0399,4481,4920
Betamethasone dipropionate,CVCL_0428,6276,6430
Betamethasone dipropionate,CVCL_0459,8780,9182
Betamethasone dipropionate,CVCL_0480,7246,7370
Betamethasone dipropionate,CVCL_0504,3527,3987
Betamethasone dipropionate,CVCL_0546,10190,10949
Betamethasone dipropionate,CVCL_1055,2763,2868
Betamethasone dipropionate,CVCL_1056,4164,4238
Betamethasone dipropionate,CVCL_1094,2661,3091
Betamethasone dipropionate,CVCL_1097,2479,2719
Betamethasone dipropionate,CVCL_1098,1055,1220
Betamethasone dipropionate,CVCL_1119,5196,5428
Betamethasone dipropionate,CVCL_1125,1034,1165
Betamethasone dipropionate,CVCL_1239,1734,1788
Betamethasone dipropionate,CVCL_1285,5428,5636
Betamethasone dipropionate,CVCL_1381,4371,4505
Betamethasone dipropionate,CVCL_1478,2944,3422
Betamethasone dipropionate,CVCL_1495,3672,3755
Betamethasone dipropionate,CVCL_1517,1811,1864
Betamethasone dipropionate,CVCL_1531,56,78
Betamethasone dipropionate,CVCL_1547,2662,2757
Betamethasone dipropionate,CVCL_1550,4160,4358
Betamethasone dipropionate,CVCL_1571,28,53
Betamethasone dipropionate,CVCL_1577,252,269
Betamethasone dipropionate,CVCL_1635,3178,3306
Betamethasone dipropionate,CVCL_1666,2979,3250
Betamethasone dipropionate,CVCL_1693,4956,5417
Betamethasone dipropionate,CVCL_1715,128,156
Betamethasone dipropionate,CVCL_1716,270,301
Betamethasone dipropionate,CVCL_1717,2798,3037
Betamethasone dipropionate,CVCL_1724,1193,1388
Betamethasone dipropionate,CVCL_1731,2738,2908
Betamethasone dipropionate,CVCL_C466,2142,2338
Bexarotene,CVCL_0023,6735,6817
Bexarotene,CVCL_0028,1037,1109
Bexarotene,CVCL_0069,4204,4286
Bexarotene,CVCL_0099,4241,4424
Bexarotene,CVCL_0131,4933,4964
Bexarotene,CVCL_0152,4884,5170
Bexarotene,CVCL_0179,2571,2622
Bexarotene,CVCL_0218,4008,4069
Bexarotene,CVCL_0292,4450,4701
Bexarotene,CVCL_0293,5970,6492
Bexarotene,CVCL_0320,5465,5564
Bexarotene,CVCL_0332,5365,5448
Bexarotene,CVCL_0334,11181,11552
Bexarotene,CVCL_0359,5723,5792
Bexarotene,CVCL_0366,3655,3728
Bexarotene,CVCL_0371,5625,5744
Bexarotene,CVCL_0397,4770,4965
Bexarotene,CVCL_0399,6887,7276
Bexarotene,CVCL_0428,8808,8893
Bexarotene,CVCL_0459,18988,19151
Bexarotene,CVCL_0480,13105,13265
Bexarotene,CVCL_0504,5541,5705
Bexarotene,CVCL_0546,17390,17702
Bexarotene,CVCL_1055,3122,3199
Bexarotene,CVCL_1056,8604,8702
Bexarotene,CVCL_1094,3927,4079
Bexarotene,CVCL_1097,5174,5262
Bexarotene,CVCL_1098,2235,2358
Bexarotene,CVCL_1119,6397,6511
Bexarotene,CVCL_1125,1795,1854
Bexarotene,CVCL_1239,3313,3348
Bexarotene,CVCL_1285,9508,9589
Bexarotene,CVCL_1381,5871,5954
Bexarotene,CVCL_1478,4890,5579
Bexarotene,CVCL_1495,5312,5354
Bexarotene,CVCL_1517,3902,4006
Bexarotene,CVCL_1531,73,88
Bexarotene,CVCL_1547,4539,4597
Bexarotene,CVCL_1550,5532,5834
Bexarotene,CVCL_1571,40,61
Bexarotene,CVCL_1577,353,383
Bexarotene,CVCL_1635,4574,4644
Bexarotene,CVCL_1666,4726,4823
Bexarotene,CVCL_1693,7660,7940
Bexarotene,CVCL_1715,289,305
Bexarotene,CVCL_1716,519,531
Bexarotene,CVCL_1717,4883,5086
Bexarotene,CVCL_1724,2332,2431
Bexarotene,CVCL_1731,4981,5055
Bexarotene,CVCL_C466,4556,4639
Bicalutamide,CVCL_0023,7554,7613
Bicalutamide,CVCL_0028,2113,2219
Bicalutamide,CVCL_0069,5244,5364
Bicalutamide,CVCL_0099,6117,6266
Bicalutamide,CVCL_0131,6167,6227
Bicalutamide,CVCL_0152,5325,5651
Bicalutamide,CVCL_0179,3284,3344
Bicalutamide,CVCL_0218,4234,4288
Bicalutamide,CVCL_0292,5315,5494
Bicalutamide,CVCL_0293,5742,6535
Bicalutamide,CVCL_0320,5960,6098
Bicalutamide,CVCL_0332,6319,6438
Bicalutamide,CVCL_0334,12606,12971
Bicalutamide,CVCL_0359,7616,7698
Bicalutamide,CVCL_0366,4782,4902
Bicalutamide,CVCL_0371,5960,6117
Bicalutamide,CVCL_0397,5189,5542
Bicalutamide,CVCL_0399,7208,7700
Bicalutamide,CVCL_0428,10066,10173
Bicalutamide,CVCL_0459,22664,22848
Bicalutamide,CVCL_0480,14627,14946
Bicalutamide,CVCL_0504,6958,7082
Bicalutamide,CVCL_0546,19616,19930
Bicalutamide,CVCL_1055,4113,4294
Bicalutamide,CVCL_1056,10056,10258
Bicalutamide,CVCL_1094,5118,5237
Bicalutamide,CVCL_1097,6095,6169
Bicalutamide,CVCL_1098,3900,4064
Bicalutamide,CVCL_1119,6686,6826
Bicalutamide,CVCL_1125,2084,2134
Bicalutamide,CVCL_1239,4808,4842
Bicalutamide,CVCL_1285,11638,11760
Bicalutamide,CVCL_1381,7780,7937
Bicalutamide,CVCL_1478,5594,6350
Bicalutamide,CVCL_1495,6089,6143
Bicalutamide,CVCL_1517,4459,4608
Bicalutamide,CVCL_1531,55,74
Bicalutamide,CVCL_1547,5411,5496
Bicalutamide,CVCL_1550,4914,5385
Bicalutamide,CVCL_1571,43,65
Bicalutamide,CVCL_1577,427,502
Bicalutamide,CVCL_1635,4593,4677
Bicalutamide,CVCL_1666,5583,5654
Bicalutamide,CVCL_1693,11009,11186
Bicalutamide,CVCL_1715,297,323
Bicalutamide,CVCL_1716,570,592
Bicalutamide,CVCL_1717,5107,5393
Bicalutamide,CVCL_1724,2793,2878
Bicalutamide,CVCL_1731,6012,6136
Bicalutamide,CVCL_C466,5810,5895
Bimatoprost,CVCL_0023,6838,7004
Bimatoprost,CVCL_0028,2085,2337
Bimatoprost,CVCL_0069,3674,3830
Bimatoprost,CVCL_0099,2082,2316
Bimatoprost,CVCL_0131,7247,7383
Bimatoprost,CVCL_0152,7082,7602
Bimatoprost,CVCL_0179,3614,3767
Bimatoprost,CVCL_0218,3668,3816
Bimatoprost,CVCL_0292,3235,3606
Bimatoprost,CVCL_0293,7300,7940
Bimatoprost,CVCL_0320,5476,5801
Bimatoprost,CVCL_0332,3788,3921
Bimatoprost,CVCL_0334,2713,2921
Bimatoprost,CVCL_0359,6640,6803
Bimatoprost,CVCL_0366,4404,4615
Bimatoprost,CVCL_0371,5481,5698
Bimatoprost,CVCL_0397,4225,4506
Bimatoprost,CVCL_0399,8567,9290
Bimatoprost,CVCL_0428,3169,3281
Bimatoprost,CVCL_0459,11963,12312
Bimatoprost,CVCL_0480,7975,8175
Bimatoprost,CVCL_0504,5975,6281
Bimatoprost,CVCL_0546,13238,13800
Bimatoprost,CVCL_1055,4011,4165
Bimatoprost,CVCL_1056,6378,6547
Bimatoprost,CVCL_1094,3994,4216
Bimatoprost,CVCL_1097,5328,5539
Bimatoprost,CVCL_1098,4517,4811
Bimatoprost,CVCL_1119,5261,5478
Bimatoprost,CVCL_1125,1203,1309
Bimatoprost,CVCL_1239,2027,2147
Bimatoprost,CVCL_1285,7860,8154
Bimatoprost,CVCL_1381,5403,5694
Bimatoprost,CVCL_1478,5462,5987
Bimatoprost,CVCL_1495,4262,4413
Bimatoprost,CVCL_1517,6028,6244
Bimatoprost,CVCL_1531,113,193
Bimatoprost,CVCL_1547,5099,5245
Bimatoprost,CVCL_1550,5814,6144
Bimatoprost,CVCL_1571,56,123
Bimatoprost,CVCL_1577,326,383
Bimatoprost,CVCL_1635,4053,4215
Bimatoprost,CVCL_1666,3757,3958
Bimatoprost,CVCL_1693,3347,3549
Bimatoprost,CVCL_1715,456,545
Bimatoprost,CVCL_1716,639,716
Bimatoprost,CVCL_1717,5046,5333
Bimatoprost,CVCL_1724,2590,2783
Bimatoprost,CVCL_1731,3920,4198
Bimatoprost,CVCL_C466,4886,5191
Bimiralisib,CVCL_0023,5694,5842
Bimiralisib,CVCL_0028,987,1121
Bimiralisib,CVCL_0069,1991,2101
Bimiralisib,CVCL_0099,1684,1889
Bimiralisib,CVCL_0131,7474,7533
Bimiralisib,CVCL_0152,6012,6668
Bimiralisib,CVCL_0179,3323,3476
Bimiralisib,CVCL_0218,1874,1948
Bimiralisib,CVCL_0292,2598,3199
Bimiralisib,CVCL_0293,6644,7232
Bimiralisib,CVCL_0320,4433,4616
Bimiralisib,CVCL_0332,3301,3377
Bimiralisib,CVCL_0334,2249,2724
Bimiralisib,CVCL_0359,6302,6388
Bimiralisib,CVCL_0366,3183,3260
Bimiralisib,CVCL_0371,6315,6588
Bimiralisib,CVCL_0397,4147,4476
Bimiralisib,CVCL_0399,6347,7030
Bimiralisib,CVCL_0428,2167,2203
Bimiralisib,CVCL_0459,10382,10752
Bimiralisib,CVCL_0480,8071,8288
Bimiralisib,CVCL_0504,5243,5580
Bimiralisib,CVCL_0546,13164,14051
Bimiralisib,CVCL_1055,2659,2712
Bimiralisib,CVCL_1056,4488,4553
Bimiralisib,CVCL_1094,3043,3203
Bimiralisib,CVCL_1097,4512,4776
Bimiralisib,CVCL_1098,3102,3424
Bimiralisib,CVCL_1119,5447,5579
Bimiralisib,CVCL_1125,375,407
Bimiralisib,CVCL_1239,1252,1305
Bimiralisib,CVCL_1285,7491,7733
Bimiralisib,CVCL_1381,4331,4442
Bimiralisib,CVCL_1478,3896,4362
Bimiralisib,CVCL_1495,2549,2635
Bimiralisib,CVCL_1517,7123,7229
Bimiralisib,CVCL_1531,92,129
Bimiralisib,CVCL_1547,3700,3828
Bimiralisib,CVCL_1550,6285,6686
Bimiralisib,CVCL_1571,56,82
Bimiralisib,CVCL_1577,330,360
Bimiralisib,CVCL_1635,2914,3008
Bimiralisib,CVCL_1666,2832,3068
Bimiralisib,CVCL_1693,2462,2668
Bimiralisib,CVCL_1715,635,685
Bimiralisib,CVCL_1716,565,619
Bimiralisib,CVCL_1717,5480,5766
Bimiralisib,CVCL_1724,2238,2447
Bimiralisib,CVCL_1731,2949,3107
Bimiralisib,CVCL_C466,4289,4597
Binimetinib,CVCL_0023,15584,16046
Binimetinib,CVCL_0028,2883,3238
Binimetinib,CVCL_0069,6091,6353
Binimetinib,CVCL_0099,6362,7021
Binimetinib,CVCL_0131,13371,13505
Binimetinib,CVCL_0152,11793,13032
Binimetinib,CVCL_0179,6754,6935
Binimetinib,CVCL_0218,6071,6386
Binimetinib,CVCL_0292,8011,9143
Binimetinib,CVCL_0293,13501,14799
Binimetinib,CVCL_0320,11913,12344
Binimetinib,CVCL_0332,12294,12501
Binimetinib,CVCL_0334,19438,20558
Binimetinib,CVCL_0359,14159,14390
Binimetinib,CVCL_0366,9852,10058
Binimetinib,CVCL_0371,13343,13895
Binimetinib,CVCL_0397,11106,11861
Binimetinib,CVCL_0399,13767,15052
Binimetinib,CVCL_0428,15389,15650
Binimetinib,CVCL_0459,36857,38009
Binimetinib,CVCL_0480,27036,27403
Binimetinib,CVCL_0504,11893,12983
Binimetinib,CVCL_0546,32238,34180
Binimetinib,CVCL_1055,6401,6537
Binimetinib,CVCL_1056,18588,18795
Binimetinib,CVCL_1094,7264,7922
Binimetinib,CVCL_1097,10196,10940
Binimetinib,CVCL_1098,5135,5713
Binimetinib,CVCL_1119,13269,13633
Binimetinib,CVCL_1125,1297,1443
Binimetinib,CVCL_1239,7688,7852
Binimetinib,CVCL_1285,22284,22956
Binimetinib,CVCL_1381,12765,13145
Binimetinib,CVCL_1478,10860,12087
Binimetinib,CVCL_1495,7794,7993
Binimetinib,CVCL_1517,11585,11782
Binimetinib,CVCL_1531,152,209
Binimetinib,CVCL_1547,8480,8844
Binimetinib,CVCL_1550,12860,13373
Binimetinib,CVCL_1571,95,155
Binimetinib,CVCL_1577,701,755
Binimetinib,CVCL_1635,9268,9547
Binimetinib,CVCL_1666,9375,10020
Binimetinib,CVCL_1693,13986,14737
Binimetinib,CVCL_1715,902,965
Binimetinib,CVCL_1716,1095,1212
Binimetinib,CVCL_1717,11000,11543
Binimetinib,CVCL_1724,4251,4710
Binimetinib,CVCL_1731,11171,11616
Binimetinib,CVCL_C466,10207,10914
Bisoprolol (hemifumarate),CVCL_0023,3671,4280
Bisoprolol (hemifumarate),CVCL_0028,624,782
Bisoprolol (hemifumarate),CVCL_0069,2835,3138
Bisoprolol (hemifumarate),CVCL_0099,2017,2540
Bisoprolol (hemifumarate),CVCL_0131,3057,3275
Bisoprolol (hemifumarate),CVCL_0152,2764,3211
Bisoprolol (hemifumarate),CVCL_0179,1538,1724
Bisoprolol (hemifumarate),CVCL_0218,2154,2564
Bisoprolol (hemifumarate),CVCL_0292,2552,3126
Bisoprolol (hemifumarate),CVCL_0293,3153,3709
Bisoprolol (hemifumarate),CVCL_0320,3583,3913
Bisoprolol (hemifumarate),CVCL_0332,2951,3165
Bisoprolol (hemifumarate),CVCL_0334,3702,5090
Bisoprolol (hemifumarate),CVCL_0359,3527,3765
Bisoprolol (hemifumarate),CVCL_0366,2047,2223
Bisoprolol (hemifumarate),CVCL_0371,3796,4152
Bisoprolol (hemifumarate),CVCL_0397,2939,3178
Bisoprolol (hemifumarate),CVCL_0399,4621,5217
Bisoprolol (hemifumarate),CVCL_0428,6329,6736
Bisoprolol (hemifumarate),CVCL_0459,8695,9791
Bisoprolol (hemifumarate),CVCL_0480,8239,8716
Bisoprolol (hemifumarate),CVCL_0504,3155,4025
Bisoprolol (hemifumarate),CVCL_0546,10400,11881
Bisoprolol (hemifumarate),CVCL_1055,2972,3113
Bisoprolol (hemifumarate),CVCL_1056,4768,4918
Bisoprolol (hemifumarate),CVCL_1094,2014,2534
Bisoprolol (hemifumarate),CVCL_1097,2467,2899
Bisoprolol (hemifumarate),CVCL_1098,1044,1234
Bisoprolol (hemifumarate),CVCL_1119,5138,5550
Bisoprolol (hemifumarate),CVCL_1125,987,1172
Bisoprolol (hemifumarate),CVCL_1239,1922,2064
Bisoprolol (hemifumarate),CVCL_1285,5249,5874
Bisoprolol (hemifumarate),CVCL_1381,3838,4165
Bisoprolol (hemifumarate),CVCL_1478,3091,3680
Bisoprolol (hemifumarate),CVCL_1495,3631,3945
Bisoprolol (hemifumarate),CVCL_1517,1990,2188
Bisoprolol (hemifumarate),CVCL_1531,45,56
Bisoprolol (hemifumarate),CVCL_1547,2737,3013
Bisoprolol (hemifumarate),CVCL_1550,3886,4284
Bisoprolol (hemifumarate),CVCL_1571,38,62
Bisoprolol (hemifumarate),CVCL_1577,273,307
Bisoprolol (hemifumarate),CVCL_1635,3252,3496
Bisoprolol (hemifumarate),CVCL_1666,2569,3020
Bisoprolol (hemifumarate),CVCL_1693,4428,5190
Bisoprolol (hemifumarate),CVCL_1715,77,112
Bisoprolol (hemifumarate),CVCL_1716,266,312
Bisoprolol (hemifumarate),CVCL_1717,2854,3283
Bisoprolol (hemifumarate),CVCL_1724,1360,1592
Bisoprolol (hemifumarate),CVCL_1731,2696,3166
Bisoprolol (hemifumarate),CVCL_C466,1558,1867
Bortezomib,CVCL_0023,3723,3832
Bortezomib,CVCL_0028,497,586
Bortezomib,CVCL_0069,1132,1209
Bortezomib,CVCL_0099,1205,1323
Bortezomib,CVCL_0131,3425,3484
Bortezomib,CVCL_0152,5011,5485
Bortezomib,CVCL_0179,2257,2343
Bortezomib,CVCL_0218,2968,3089
Bortezomib,CVCL_0292,2574,2886
Bortezomib,CVCL_0293,5172,5691
Bortezomib,CVCL_0320,3485,3643
Bortezomib,CVCL_0332,1571,1629
Bortezomib,CVCL_0334,1634,1793
Bortezomib,CVCL_0359,2311,2387
Bortezomib,CVCL_0366,1696,1798
Bortezomib,CVCL_0371,3386,3560
Bortezomib,CVCL_0397,3194,3465
Bortezomib,CVCL_0399,5779,6432
Bortezomib,CVCL_0428,1891,1943
Bortezomib,CVCL_0459,7274,7534
Bortezomib,CVCL_0480,3466,3581
Bortezomib,CVCL_0504,3290,3476
Bortezomib,CVCL_0546,7995,8454
Bortezomib,CVCL_1055,1494,1549
Bortezomib,CVCL_1056,2239,2305
Bortezomib,CVCL_1094,2384,2539
Bortezomib,CVCL_1097,2808,2998
Bortezomib,CVCL_1098,2047,2307
Bortezomib,CVCL_1119,2855,2994
Bortezomib,CVCL_1125,442,507
Bortezomib,CVCL_1239,847,888
Bortezomib,CVCL_1285,4092,4276
Bortezomib,CVCL_1381,2819,2945
Bortezomib,CVCL_1478,3155,3459
Bortezomib,CVCL_1495,1908,1980
Bortezomib,CVCL_1517,3121,3206
Bortezomib,CVCL_1531,68,100
Bortezomib,CVCL_1547,2417,2527
Bortezomib,CVCL_1550,4127,4392
Bortezomib,CVCL_1571,45,74
Bortezomib,CVCL_1577,142,180
Bortezomib,CVCL_1635,2340,2421
Bortezomib,CVCL_1666,1887,2034
Bortezomib,CVCL_1693,1540,1692
Bortezomib,CVCL_1715,310,353
Bortezomib,CVCL_1716,318,359
Bortezomib,CVCL_1717,3178,3344
Bortezomib,CVCL_1724,1492,1667
Bortezomib,CVCL_1731,2072,2217
Bortezomib,CVCL_C466,2865,3080
Bosentan (hydrate),CVCL_0023,4489,4785
Bosentan (hydrate),CVCL_0028,696,883
Bosentan (hydrate),CVCL_0069,2944,3123
Bosentan (hydrate),CVCL_0099,2476,2953
Bosentan (hydrate),CVCL_0131,2920,2985
Bosentan (hydrate),CVCL_0152,3004,3345
Bosentan (hydrate),CVCL_0179,1896,2014
Bosentan (hydrate),CVCL_0218,2319,2480
Bosentan (hydrate),CVCL_0292,2907,3367
Bosentan (hydrate),CVCL_0293,3430,3913
Bosentan (hydrate),CVCL_0320,3466,3582
Bosentan (hydrate),CVCL_0332,3211,3294
Bosentan (hydrate),CVCL_0334,6581,7254
Bosentan (hydrate),CVCL_0359,4327,4429
Bosentan (hydrate),CVCL_0366,2118,2166
Bosentan (hydrate),CVCL_0371,3703,3903
Bosentan (hydrate),CVCL_0397,2965,3155
Bosentan (hydrate),CVCL_0399,4826,5250
Bosentan (hydrate),CVCL_0428,6883,7074
Bosentan (hydrate),CVCL_0459,10640,11137
Bosentan (hydrate),CVCL_0480,8913,9061
Bosentan (hydrate),CVCL_0504,3533,4091
Bosentan (hydrate),CVCL_0546,10021,10833
Bosentan (hydrate),CVCL_1055,2894,2987
Bosentan (hydrate),CVCL_1056,5181,5255
Bosentan (hydrate),CVCL_1094,2535,2957
Bosentan (hydrate),CVCL_1097,2841,3136
Bosentan (hydrate),CVCL_1098,1116,1294
Bosentan (hydrate),CVCL_1119,5299,5518
Bosentan (hydrate),CVCL_1125,1216,1380
Bosentan (hydrate),CVCL_1239,1894,1976
Bosentan (hydrate),CVCL_1285,5918,6159
Bosentan (hydrate),CVCL_1381,4132,4246
Bosentan (hydrate),CVCL_1478,3295,3748
Bosentan (hydrate),CVCL_1495,3708,3810
Bosentan (hydrate),CVCL_1517,2103,2176
Bosentan (hydrate),CVCL_1531,45,62
Bosentan (hydrate),CVCL_1547,3012,3139
Bosentan (hydrate),CVCL_1550,4283,4466
Bosentan (hydrate),CVCL_1571,40,66
Bosentan (hydrate),CVCL_1577,255,288
Bosentan (hydrate),CVCL_1635,3400,3520
Bosentan (hydrate),CVCL_1666,2870,3124
Bosentan (hydrate),CVCL_1693,5234,5878
Bosentan (hydrate),CVCL_1715,106,137
Bosentan (hydrate),CVCL_1716,294,325
Bosentan (hydrate),CVCL_1717,3059,3314
Bosentan (hydrate),CVCL_1724,1259,1422
Bosentan (hydrate),CVCL_1731,2837,2977
Bosentan (hydrate),CVCL_C466,2160,2376
Brimonidine,CVCL_0023,7805,8027
Brimonidine,CVCL_0028,1455,1649
Brimonidine,CVCL_0069,5105,5283
Brimonidine,CVCL_0099,5047,5572
Brimonidine,CVCL_0131,6004,6081
Brimonidine,CVCL_0152,5601,6094
Brimonidine,CVCL_0179,3217,3340
Brimonidine,CVCL_0218,4220,4369
Brimonidine,CVCL_0292,4600,5239
Brimonidine,CVCL_0293,6486,7223
Brimonidine,CVCL_0320,6461,6618
Brimonidine,CVCL_0332,6559,6675
Brimonidine,CVCL_0334,12996,13787
Brimonidine,CVCL_0359,7472,7581
Brimonidine,CVCL_0366,4705,4786
Brimonidine,CVCL_0371,6291,6501
Brimonidine,CVCL_0397,5714,6016
Brimonidine,CVCL_0399,7782,8385
Brimonidine,CVCL_0428,10680,10869
Brimonidine,CVCL_0459,22303,22882
Brimonidine,CVCL_0480,16491,16643
Brimonidine,CVCL_0504,6475,7044
Brimonidine,CVCL_0546,19963,20879
Brimonidine,CVCL_1055,4039,4131
Brimonidine,CVCL_1056,10715,10812
Brimonidine,CVCL_1094,4260,4712
Brimonidine,CVCL_1097,5896,6240
Brimonidine,CVCL_1098,2968,3200
Brimonidine,CVCL_1119,7232,7471
Brimonidine,CVCL_1125,1784,1936
Brimonidine,CVCL_1239,4604,4675
Brimonidine,CVCL_1285,11897,12166
Brimonidine,CVCL_1381,7683,7816
Brimonidine,CVCL_1478,6258,6975
Brimonidine,CVCL_1495,6134,6233
Brimonidine,CVCL_1517,4731,4823
Brimonidine,CVCL_1531,62,81
Brimonidine,CVCL_1547,5366,5488
Brimonidine,CVCL_1550,5942,6212
Brimonidine,CVCL_1571,41,80
Brimonidine,CVCL_1577,426,454
Brimonidine,CVCL_1635,5211,5336
Brimonidine,CVCL_1666,5397,5712
Brimonidine,CVCL_1693,10203,10810
Brimonidine,CVCL_1715,295,315
Brimonidine,CVCL_1716,661,715
Brimonidine,CVCL_1717,5423,5747
Brimonidine,CVCL_1724,2601,2817
Brimonidine,CVCL_1731,6249,6421
Brimonidine,CVCL_C466,5122,5394
Brivudine,CVCL_0023,6839,7239
Brivudine,CVCL_0028,936,1147
Brivudine,CVCL_0069,2260,2451
Brivudine,CVCL_0099,1212,1467
Brivudine,CVCL_0131,7597,7701
Brivudine,CVCL_0152,5751,7019
Brivudine,CVCL_0179,3613,3762
Brivudine,CVCL_0218,3001,3372
Brivudine,CVCL_0292,2352,3158
Brivudine,CVCL_0293,7842,8739
Brivudine,CVCL_0320,5548,5848
Brivudine,CVCL_0332,3753,3904
Brivudine,CVCL_0334,2615,3116
Brivudine,CVCL_0359,5534,5770
Brivudine,CVCL_0366,4180,4351
Brivudine,CVCL_0371,6269,6789
Brivudine,CVCL_0397,4344,4897
Brivudine,CVCL_0399,7274,8431
Brivudine,CVCL_0428,3154,3281
Brivudine,CVCL_0459,12409,13589
Brivudine,CVCL_0480,8364,8532
Brivudine,CVCL_0504,4712,5555
Brivudine,CVCL_0546,12743,14204
Brivudine,CVCL_1055,2712,2791
Brivudine,CVCL_1056,5811,5941
Brivudine,CVCL_1094,3122,3496
Brivudine,CVCL_1097,5166,5722
Brivudine,CVCL_1098,2873,3403
Brivudine,CVCL_1119,6110,6429
Brivudine,CVCL_1125,838,1015
Brivudine,CVCL_1239,2044,2193
Brivudine,CVCL_1285,7975,8474
Brivudine,CVCL_1381,4556,4804
Brivudine,CVCL_1478,5515,6168
Brivudine,CVCL_1495,3706,3886
Brivudine,CVCL_1517,7991,8151
Brivudine,CVCL_1531,91,134
Brivudine,CVCL_1547,3902,4143
Brivudine,CVCL_1550,7151,7392
Brivudine,CVCL_1571,59,107
Brivudine,CVCL_1577,313,344
Brivudine,CVCL_1635,4161,4424
Brivudine,CVCL_1666,3225,3782
Brivudine,CVCL_1693,2225,2662
Brivudine,CVCL_1715,727,811
Brivudine,CVCL_1716,558,681
Brivudine,CVCL_1717,5634,6021
Brivudine,CVCL_1724,2371,2733
Brivudine,CVCL_1731,4308,4740
Brivudine,CVCL_C466,4448,5168
Budesonide,CVCL_0023,5368,5440
Budesonide,CVCL_0028,1244,1341
Budesonide,CVCL_0069,3876,3985
Budesonide,CVCL_0099,3689,3881
Budesonide,CVCL_0131,3940,4005
Budesonide,CVCL_0152,3578,3875
Budesonide,CVCL_0179,1899,1985
Budesonide,CVCL_0218,3092,3174
Budesonide,CVCL_0292,3771,3995
Budesonide,CVCL_0293,4288,4826
Budesonide,CVCL_0320,4226,4382
Budesonide,CVCL_0332,4039,4166
Budesonide,CVCL_0334,6777,7300
Budesonide,CVCL_0359,5001,5102
Budesonide,CVCL_0366,3380,3502
Budesonide,CVCL_0371,4205,4331
Budesonide,CVCL_0397,3550,3833
Budesonide,CVCL_0399,5844,6198
Budesonide,CVCL_0428,8094,8179
Budesonide,CVCL_0459,14199,14391
Budesonide,CVCL_0480,10722,11003
Budesonide,CVCL_0504,5033,5191
Budesonide,CVCL_0546,14002,14289
Budesonide,CVCL_1055,2830,3011
Budesonide,CVCL_1056,6583,6745
Budesonide,CVCL_1094,3537,3705
Budesonide,CVCL_1097,4221,4332
Budesonide,CVCL_1098,1675,1804
Budesonide,CVCL_1119,5454,5620
Budesonide,CVCL_1125,1422,1504
Budesonide,CVCL_1239,2728,2776
Budesonide,CVCL_1285,8149,8303
Budesonide,CVCL_1381,5453,5628
Budesonide,CVCL_1478,3905,4571
Budesonide,CVCL_1495,4397,4494
Budesonide,CVCL_1517,2516,2664
Budesonide,CVCL_1531,59,95
Budesonide,CVCL_1547,3733,3811
Budesonide,CVCL_1550,3684,4088
Budesonide,CVCL_1571,40,72
Budesonide,CVCL_1577,218,273
Budesonide,CVCL_1635,3555,3631
Budesonide,CVCL_1666,3847,3933
Budesonide,CVCL_1693,6536,6796
Budesonide,CVCL_1715,196,238
Budesonide,CVCL_1716,395,421
Budesonide,CVCL_1717,3670,3920
Budesonide,CVCL_1724,1972,2084
Budesonide,CVCL_1731,4094,4232
Budesonide,CVCL_C466,3585,3711
Busulfan,CVCL_0023,7710,8202
Busulfan,CVCL_0028,1999,2388
Busulfan,CVCL_0069,4132,4399
Busulfan,CVCL_0099,2253,2566
Busulfan,CVCL_0131,8169,8286
Busulfan,CVCL_0152,7377,8305
Busulfan,CVCL_0179,4380,4483
Busulfan,CVCL_0218,3626,3935
Busulfan,CVCL_0292,2766,3428
Busulfan,CVCL_0293,7111,7834
Busulfan,CVCL_0320,5913,6165
Busulfan,CVCL_0332,4370,4500
Busulfan,CVCL_0334,2988,3422
Busulfan,CVCL_0359,7548,7754
Busulfan,CVCL_0366,4881,5021
Busulfan,CVCL_0371,6092,6488
Busulfan,CVCL_0397,4420,4781
Busulfan,CVCL_0399,8265,9309
Busulfan,CVCL_0428,3530,3651
Busulfan,CVCL_0459,11491,12310
Busulfan,CVCL_0480,9121,9296
Busulfan,CVCL_0504,6106,6912
Busulfan,CVCL_0546,13401,14619
Busulfan,CVCL_1055,4852,4951
Busulfan,CVCL_1056,7244,7351
Busulfan,CVCL_1094,3761,4063
Busulfan,CVCL_1097,5558,6079
Busulfan,CVCL_1098,4346,4962
Busulfan,CVCL_1119,5377,5619
Busulfan,CVCL_1125,1074,1271
Busulfan,CVCL_1239,2209,2354
Busulfan,CVCL_1285,8692,9092
Busulfan,CVCL_1381,6040,6285
Busulfan,CVCL_1478,5253,5826
Busulfan,CVCL_1495,4754,5028
Busulfan,CVCL_1517,7180,7323
Busulfan,CVCL_1531,134,177
Busulfan,CVCL_1547,5590,5820
Busulfan,CVCL_1550,6227,6463
Busulfan,CVCL_1571,62,109
Busulfan,CVCL_1577,401,436
Busulfan,CVCL_1635,4164,4356
Busulfan,CVCL_1666,3634,4082
Busulfan,CVCL_1693,3426,3848
Busulfan,CVCL_1715,552,617
Busulfan,CVCL_1716,589,689
Busulfan,CVCL_1717,5273,5562
Busulfan,CVCL_1724,2455,2734
Busulfan,CVCL_1731,3982,4309
Busulfan,CVCL_C466,4454,4968
CP21R7,CVCL_0023,4152,4405
CP21R7,CVCL_0028,1076,1260
CP21R7,CVCL_0069,2075,2220
CP21R7,CVCL_0099,1313,1482
CP21R7,CVCL_0131,3501,3558
CP21R7,CVCL_0152,4097,4627
CP21R7,CVCL_0179,2310,2376
CP21R7,CVCL_0218,2473,2673
CP21R7,CVCL_0292,1992,2431
CP21R7,CVCL_0293,4481,4918
CP21R7,CVCL_0320,3717,3941
CP21R7,CVCL_0332,2032,2107
CP21R7,CVCL_0334,1582,1796
CP21R7,CVCL_0359,3277,3386
CP21R7,CVCL_0366,2159,2233
CP21R7,CVCL_0371,3526,3810
CP21R7,CVCL_0397,2999,3250
CP21R7,CVCL_0399,5272,5936
CP21R7,CVCL_0428,1710,1782
CP21R7,CVCL_0459,7694,8248
CP21R7,CVCL_0480,4067,4181
CP21R7,CVCL_0504,3950,4399
CP21R7,CVCL_0546,8473,9262
CP21R7,CVCL_1055,1946,2008
CP21R7,CVCL_1056,2816,2887
CP21R7,CVCL_1094,2418,2643
CP21R7,CVCL_1097,3248,3518
CP21R7,CVCL_1098,2459,2760
CP21R7,CVCL_1119,3343,3506
CP21R7,CVCL_1125,677,780
CP21R7,CVCL_1239,1192,1267
CP21R7,CVCL_1285,4037,4296
CP21R7,CVCL_1381,3250,3408
CP21R7,CVCL_1478,2900,3191
CP21R7,CVCL_1495,2426,2553
CP21R7,CVCL_1517,3889,3974
CP21R7,CVCL_1531,57,75
CP21R7,CVCL_1547,3054,3212
CP21R7,CVCL_1550,3690,3885
CP21R7,CVCL_1571,35,63
CP21R7,CVCL_1577,153,179
CP21R7,CVCL_1635,2715,2824
CP21R7,CVCL_1666,2332,2621
CP21R7,CVCL_1693,1928,2143
CP21R7,CVCL_1715,332,382
CP21R7,CVCL_1716,321,377
CP21R7,CVCL_1717,2984,3156
CP21R7,CVCL_1724,1569,1749
CP21R7,CVCL_1731,2273,2492
CP21R7,CVCL_C466,2811,3131
Cabozantinib (S-malate),CVCL_0023,5611,5709
Cabozantinib (S-malate),CVCL_0028,1394,1512
Cabozantinib (S-malate),CVCL_0069,4179,4278
Cabozantinib (S-malate),CVCL_0099,3941,4251
Cabozantinib (S-malate),CVCL_0131,4055,4082
Cabozantinib (S-malate),CVCL_0152,4054,4403
Cabozantinib (S-malate),CVCL_0179,2621,2706
Cabozantinib (S-malate),CVCL_0218,3260,3333
Cabozantinib (S-malate),CVCL_0292,4004,4340
Cabozantinib (S-malate),CVCL_0293,4451,4955
Cabozantinib (S-malate),CVCL_0320,4513,4607
Cabozantinib (S-malate),CVCL_0332,4142,4213
Cabozantinib (S-malate),CVCL_0334,8931,9302
Cabozantinib (S-malate),CVCL_0359,5952,6011
Cabozantinib (S-malate),CVCL_0366,2785,2844
Cabozantinib (S-malate),CVCL_0371,4596,4726
Cabozantinib (S-malate),CVCL_0397,3728,3941
Cabozantinib (S-malate),CVCL_0399,6007,6366
Cabozantinib (S-malate),CVCL_0428,9134,9241
Cabozantinib (S-malate),CVCL_0459,13494,13755
Cabozantinib (S-malate),CVCL_0480,11113,11272
Cabozantinib (S-malate),CVCL_0504,5314,5569
Cabozantinib (S-malate),CVCL_0546,14984,15382
Cabozantinib (S-malate),CVCL_1055,2871,2921
Cabozantinib (S-malate),CVCL_1056,6745,6839
Cabozantinib (S-malate),CVCL_1094,4041,4270
Cabozantinib (S-malate),CVCL_1097,4105,4292
Cabozantinib (S-malate),CVCL_1098,2026,2178
Cabozantinib (S-malate),CVCL_1119,6181,6365
Cabozantinib (S-malate),CVCL_1125,1422,1507
Cabozantinib (S-malate),CVCL_1239,2560,2592
Cabozantinib (S-malate),CVCL_1285,8020,8144
Cabozantinib (S-malate),CVCL_1381,5886,6015
Cabozantinib (S-malate),CVCL_1478,4360,4955
Cabozantinib (S-malate),CVCL_1495,4731,4789
Cabozantinib (S-malate),CVCL_1517,2828,2882
Cabozantinib (S-malate),CVCL_1531,50,61
Cabozantinib (S-malate),CVCL_1547,3629,3711
Cabozantinib (S-malate),CVCL_1550,5118,5395
Cabozantinib (S-malate),CVCL_1571,41,58
Cabozantinib (S-malate),CVCL_1577,313,346
Cabozantinib (S-malate),CVCL_1635,4141,4216
Cabozantinib (S-malate),CVCL_1666,3722,3852
Cabozantinib (S-malate),CVCL_1693,8302,8598
Cabozantinib (S-malate),CVCL_1715,158,170
Cabozantinib (S-malate),CVCL_1716,503,525
Cabozantinib (S-malate),CVCL_1717,4121,4284
Cabozantinib (S-malate),CVCL_1724,1940,2077
Cabozantinib (S-malate),CVCL_1731,3959,4051
Cabozantinib (S-malate),CVCL_C466,3153,3296
Canagliflozin,CVCL_0023,3764,4330
Canagliflozin,CVCL_0028,670,904
Canagliflozin,CVCL_0069,2926,3224
Canagliflozin,CVCL_0099,2096,2760
Canagliflozin,CVCL_0131,3194,3394
Canagliflozin,CVCL_0152,2686,3271
Canagliflozin,CVCL_0179,1777,1981
Canagliflozin,CVCL_0218,2281,2650
Canagliflozin,CVCL_0292,2248,2851
Canagliflozin,CVCL_0293,3211,3796
Canagliflozin,CVCL_0320,3639,3991
Canagliflozin,CVCL_0332,3079,3307
Canagliflozin,CVCL_0334,5503,6752
Canagliflozin,CVCL_0359,3691,3964
Canagliflozin,CVCL_0366,2043,2175
Canagliflozin,CVCL_0371,3930,4363
Canagliflozin,CVCL_0397,2982,3262
Canagliflozin,CVCL_0399,4710,5344
Canagliflozin,CVCL_0428,6340,6821
Canagliflozin,CVCL_0459,8561,9654
Canagliflozin,CVCL_0480,8857,9217
Canagliflozin,CVCL_0504,2939,3954
Canagliflozin,CVCL_0546,10239,11935
Canagliflozin,CVCL_1055,2992,3130
Canagliflozin,CVCL_1056,4833,4972
Canagliflozin,CVCL_1094,1938,2636
Canagliflozin,CVCL_1097,2291,2712
Canagliflozin,CVCL_1098,1079,1302
Canagliflozin,CVCL_1119,5115,5603
Canagliflozin,CVCL_1125,977,1255
Canagliflozin,CVCL_1239,1869,2062
Canagliflozin,CVCL_1285,5261,5781
Canagliflozin,CVCL_1381,4071,4397
Canagliflozin,CVCL_1478,3181,3647
Canagliflozin,CVCL_1495,3815,4071
Canagliflozin,CVCL_1517,2058,2161
Canagliflozin,CVCL_1531,45,69
Canagliflozin,CVCL_1547,2871,3134
Canagliflozin,CVCL_1550,4238,4534
Canagliflozin,CVCL_1571,38,74
Canagliflozin,CVCL_1577,311,343
Canagliflozin,CVCL_1635,3285,3502
Canagliflozin,CVCL_1666,2435,2905
Canagliflozin,CVCL_1693,4691,5732
Canagliflozin,CVCL_1715,116,161
Canagliflozin,CVCL_1716,273,320
Canagliflozin,CVCL_1717,3034,3466
Canagliflozin,CVCL_1724,1357,1593
Canagliflozin,CVCL_1731,2780,3161
Canagliflozin,CVCL_C466,1541,1876
Canagliflozin (hemihydrate),CVCL_0023,7732,8028
Canagliflozin (hemihydrate),CVCL_0028,1428,1658
Canagliflozin (hemihydrate),CVCL_0069,4967,5187
Canagliflozin (hemihydrate),CVCL_0099,4639,5205
Canagliflozin (hemihydrate),CVCL_0131,5756,5848
Canagliflozin (hemihydrate),CVCL_0152,5385,5881
Canagliflozin (hemihydrate),CVCL_0179,3030,3139
Canagliflozin (hemihydrate),CVCL_0218,4091,4321
Canagliflozin (hemihydrate),CVCL_0292,4510,5188
Canagliflozin (hemihydrate),CVCL_0293,6899,7661
Canagliflozin (hemihydrate),CVCL_0320,6190,6377
Canagliflozin (hemihydrate),CVCL_0332,6831,6954
Canagliflozin (hemihydrate),CVCL_0334,12622,13626
Canagliflozin (hemihydrate),CVCL_0359,7448,7574
Canagliflozin (hemihydrate),CVCL_0366,4605,4690
Canagliflozin (hemihydrate),CVCL_0371,6266,6513
Canagliflozin (hemihydrate),CVCL_0397,5830,6137
Canagliflozin (hemihydrate),CVCL_0399,7678,8249
Canagliflozin (hemihydrate),CVCL_0428,10182,10449
Canagliflozin (hemihydrate),CVCL_0459,23073,23768
Canagliflozin (hemihydrate),CVCL_0480,16170,16356
Canagliflozin (hemihydrate),CVCL_0504,6443,7118
Canagliflozin (hemihydrate),CVCL_0546,20002,21232
Canagliflozin (hemihydrate),CVCL_1055,3574,3671
Canagliflozin (hemihydrate),CVCL_1056,10489,10580
Canagliflozin (hemihydrate),CVCL_1094,4250,4764
Canagliflozin (hemihydrate),CVCL_1097,5899,6312
Canagliflozin (hemihydrate),CVCL_1098,2762,3029
Canagliflozin (hemihydrate),CVCL_1119,7081,7369
Canagliflozin (hemihydrate),CVCL_1125,1901,2092
Canagliflozin (hemihydrate),CVCL_1239,4546,4651
Canagliflozin (hemihydrate),CVCL_1285,11540,11835
Canagliflozin (hemihydrate),CVCL_1381,7059,7237
Canagliflozin (hemihydrate),CVCL_1478,5821,6399
Canagliflozin (hemihydrate),CVCL_1495,6332,6452
Canagliflozin (hemihydrate),CVCL_1517,4746,4832
Canagliflozin (hemihydrate),CVCL_1531,76,112
Canagliflozin (hemihydrate),CVCL_1547,5480,5656
Canagliflozin (hemihydrate),CVCL_1550,6014,6212
Canagliflozin (hemihydrate),CVCL_1571,67,103
Canagliflozin (hemihydrate),CVCL_1577,382,418
Canagliflozin (hemihydrate),CVCL_1635,5146,5313
Canagliflozin (hemihydrate),CVCL_1666,5290,5644
Canagliflozin (hemihydrate),CVCL_1693,9575,10309
Canagliflozin (hemihydrate),CVCL_1715,311,341
Canagliflozin (hemihydrate),CVCL_1716,587,633
Canagliflozin (hemihydrate),CVCL_1717,5358,5665
Canagliflozin (hemihydrate),CVCL_1724,2755,3039
Canagliflozin (hemihydrate),CVCL_1731,6142,6354
Canagliflozin (hemihydrate),CVCL_C466,5089,5397
Capivasertib,CVCL_0023,5839,6048
Capivasertib,CVCL_0028,1023,1131
Capivasertib,CVCL_0069,2572,2698
Capivasertib,CVCL_0099,1459,1572
Capivasertib,CVCL_0131,5992,6076
Capivasertib,CVCL_0152,6021,6520
Capivasertib,CVCL_0179,2835,2968
Capivasertib,CVCL_0218,3192,3379
Capivasertib,CVCL_0292,3174,3516
Capivasertib,CVCL_0293,7520,8030
Capivasertib,CVCL_0320,5215,5485
Capivasertib,CVCL_0332,3216,3311
Capivasertib,CVCL_0334,2292,2545
Capivasertib,CVCL_0359,4480,4600
Capivasertib,CVCL_0366,3470,3559
Capivasertib,CVCL_0371,5505,5842
Capivasertib,CVCL_0397,4912,5206
Capivasertib,CVCL_0399,8416,9152
Capivasertib,CVCL_0428,2478,2529
Capivasertib,CVCL_0459,11787,12233
Capivasertib,CVCL_0480,6438,6605
Capivasertib,CVCL_0504,4600,4916
Capivasertib,CVCL_0546,12144,12875
Capivasertib,CVCL_1055,2594,2657
Capivasertib,CVCL_1056,4789,4895
Capivasertib,CVCL_1094,2840,3061
Capivasertib,CVCL_1097,4960,5170
Capivasertib,CVCL_1098,3354,3595
Capivasertib,CVCL_1119,4883,5070
Capivasertib,CVCL_1125,874,939
Capivasertib,CVCL_1239,1980,2065
Capivasertib,CVCL_1285,6631,6882
Capivasertib,CVCL_1381,4306,4470
Capivasertib,CVCL_1478,5268,5717
Capivasertib,CVCL_1495,3504,3621
Capivasertib,CVCL_1517,5925,6074
Capivasertib,CVCL_1531,65,87
Capivasertib,CVCL_1547,4006,4146
Capivasertib,CVCL_1550,5388,5733
Capivasertib,CVCL_1571,39,66
Capivasertib,CVCL_1577,209,235
Capivasertib,CVCL_1635,3767,3898
Capivasertib,CVCL_1666,3442,3664
Capivasertib,CVCL_1693,2153,2380
Capivasertib,CVCL_1715,538,583
Capivasertib,CVCL_1716,533,576
Capivasertib,CVCL_1717,4635,4927
Capivasertib,CVCL_1724,2465,2621
Capivasertib,CVCL_1731,3401,3614
Capivasertib,CVCL_C466,4532,4790
Capmatinib,CVCL_0023,5424,5651
Capmatinib,CVCL_0028,1152,1305
Capmatinib,CVCL_0069,2116,2216
Capmatinib,CVCL_0099,1485,1628
Capmatinib,CVCL_0131,5398,5483
Capmatinib,CVCL_0152,5738,6270
Capmatinib,CVCL_0179,2722,2830
Capmatinib,CVCL_0218,2721,2902
Capmatinib,CVCL_0292,2918,3256
Capmatinib,CVCL_0293,7118,7650
Capmatinib,CVCL_0320,4408,4656
Capmatinib,CVCL_0332,2987,3073
Capmatinib,CVCL_0334,1961,2220
Capmatinib,CVCL_0359,4215,4330
Capmatinib,CVCL_0366,3119,3217
Capmatinib,CVCL_0371,5131,5399
Capmatinib,CVCL_0397,4317,4601
Capmatinib,CVCL_0399,8021,8592
Capmatinib,CVCL_0428,2181,2257
Capmatinib,CVCL_0459,10130,10589
Capmatinib,CVCL_0480,5984,6137
Capmatinib,CVCL_0504,4589,5019
Capmatinib,CVCL_0546,11463,12236
Capmatinib,CVCL_1055,2198,2284
Capmatinib,CVCL_1056,4298,4385
Capmatinib,CVCL_1094,3175,3387
Capmatinib,CVCL_1097,4409,4642
Capmatinib,CVCL_1098,2999,3257
Capmatinib,CVCL_1119,4795,4975
Capmatinib,CVCL_1125,756,815
Capmatinib,CVCL_1239,1668,1770
Capmatinib,CVCL_1285,5770,6074
Capmatinib,CVCL_1381,3896,4069
Capmatinib,CVCL_1478,4790,5237
Capmatinib,CVCL_1495,3002,3111
Capmatinib,CVCL_1517,5532,5652
Capmatinib,CVCL_1531,81,100
Capmatinib,CVCL_1547,3652,3830
Capmatinib,CVCL_1550,5438,5800
Capmatinib,CVCL_1571,34,58
Capmatinib,CVCL_1577,191,219
Capmatinib,CVCL_1635,3565,3719
Capmatinib,CVCL_1666,3334,3560
Capmatinib,CVCL_1693,2289,2511
Capmatinib,CVCL_1715,407,449
Capmatinib,CVCL_1716,456,504
Capmatinib,CVCL_1717,4327,4615
Capmatinib,CVCL_1724,2035,2167
Capmatinib,CVCL_1731,3314,3506
Capmatinib,CVCL_C466,4262,4593
Captopril,CVCL_0023,7479,7823
Captopril,CVCL_0028,1268,1464
Captopril,CVCL_0069,5238,5420
Captopril,CVCL_0099,4461,5012
Captopril,CVCL_0131,6097,6194
Captopril,CVCL_0152,5649,6232
Captopril,CVCL_0179,3295,3446
Captopril,CVCL_0218,4688,4879
Captopril,CVCL_0292,4831,5457
Captopril,CVCL_0293,6447,7191
Captopril,CVCL_0320,6481,6664
Captopril,CVCL_0332,6069,6197
Captopril,CVCL_0334,12239,13169
Captopril,CVCL_0359,6776,6909
Captopril,CVCL_0366,4117,4197
Captopril,CVCL_0371,6984,7265
Captopril,CVCL_0397,5867,6245
Captopril,CVCL_0399,8104,8749
Captopril,CVCL_0428,10677,10953
Captopril,CVCL_0459,20553,21261
Captopril,CVCL_0480,15949,16150
Captopril,CVCL_0504,6033,6677
Captopril,CVCL_0546,20075,21125
Captopril,CVCL_1055,4293,4389
Captopril,CVCL_1056,9705,9811
Captopril,CVCL_1094,3911,4397
Captopril,CVCL_1097,5858,6243
Captopril,CVCL_1098,2354,2570
Captopril,CVCL_1119,7827,8174
Captopril,CVCL_1125,1986,2200
Captopril,CVCL_1239,3750,3831
Captopril,CVCL_1285,11057,11353
Captopril,CVCL_1381,6868,7049
Captopril,CVCL_1478,6119,6863
Captopril,CVCL_1495,6468,6592
Captopril,CVCL_1517,4398,4510
Captopril,CVCL_1531,71,100
Captopril,CVCL_1547,5021,5179
Captopril,CVCL_1550,6580,6864
Captopril,CVCL_1571,64,91
Captopril,CVCL_1577,412,446
Captopril,CVCL_1635,5590,5750
Captopril,CVCL_1666,5123,5440
Captopril,CVCL_1693,8631,9313
Captopril,CVCL_1715,263,301
Captopril,CVCL_1716,615,668
Captopril,CVCL_1717,5667,6019
Captopril,CVCL_1724,2690,2943
Captopril,CVCL_1731,5777,5953
Captopril,CVCL_C466,4462,4754
Carbamazepine,CVCL_0023,4427,4541
Carbamazepine,CVCL_0028,1029,1148
Carbamazepine,CVCL_0069,3362,3455
Carbamazepine,CVCL_0099,2990,3292
Carbamazepine,CVCL_0131,3361,3399
Carbamazepine,CVCL_0152,3224,3534
Carbamazepine,CVCL_0179,1947,2031
Carbamazepine,CVCL_0218,2521,2611
Carbamazepine,CVCL_0292,3077,3359
Carbamazepine,CVCL_0293,3341,3798
Carbamazepine,CVCL_0320,3735,3831
Carbamazepine,CVCL_0332,3335,3399
Carbamazepine,CVCL_0334,7018,7454
Carbamazepine,CVCL_0359,4361,4415
Carbamazepine,CVCL_0366,2245,2316
Carbamazepine,CVCL_0371,3750,3873
Carbamazepine,CVCL_0397,3059,3225
Carbamazepine,CVCL_0399,4642,4989
Carbamazepine,CVCL_0428,6767,6885
Carbamazepine,CVCL_0459,10970,11260
Carbamazepine,CVCL_0480,8585,8709
Carbamazepine,CVCL_0504,3868,4142
Carbamazepine,CVCL_0546,11768,12236
Carbamazepine,CVCL_1055,2754,2826
Carbamazepine,CVCL_1056,5259,5324
Carbamazepine,CVCL_1094,2752,2995
Carbamazepine,CVCL_1097,3382,3530
Carbamazepine,CVCL_1098,1503,1644
Carbamazepine,CVCL_1119,4912,5086
Carbamazepine,CVCL_1125,1183,1272
Carbamazepine,CVCL_1239,2268,2303
Carbamazepine,CVCL_1285,6440,6562
Carbamazepine,CVCL_1381,4713,4825
Carbamazepine,CVCL_1478,3405,4019
Carbamazepine,CVCL_1495,3580,3630
Carbamazepine,CVCL_1517,2240,2298
Carbamazepine,CVCL_1531,42,54
Carbamazepine,CVCL_1547,3041,3117
Carbamazepine,CVCL_1550,3860,4084
Carbamazepine,CVCL_1571,38,49
Carbamazepine,CVCL_1577,283,305
Carbamazepine,CVCL_1635,3248,3317
Carbamazepine,CVCL_1666,3281,3419
Carbamazepine,CVCL_1693,6200,6570
Carbamazepine,CVCL_1715,98,116
Carbamazepine,CVCL_1716,364,382
Carbamazepine,CVCL_1717,3227,3429
Carbamazepine,CVCL_1724,1465,1582
Carbamazepine,CVCL_1731,3240,3320
Carbamazepine,CVCL_C466,2593,2696
Carbidopa (monohydrate),CVCL_0023,7746,7984
Carbidopa (monohydrate),CVCL_0028,1296,1486
Carbidopa (monohydrate),CVCL_0069,5987,6166
Carbidopa (monohydrate),CVCL_0099,4958,5449
Carbidopa (monohydrate),CVCL_0131,6604,6706
Carbidopa (monohydrate),CVCL_0152,6021,6485
Carbidopa (monohydrate),CVCL_0179,3504,3645
Carbidopa (monohydrate),CVCL_0218,4814,4967
Carbidopa (monohydrate),CVCL_0292,5462,5953
Carbidopa (monohydrate),CVCL_0293,7105,7832
Carbidopa (monohydrate),CVCL_0320,6681,6856
Carbidopa (monohydrate),CVCL_0332,6485,6621
Carbidopa (monohydrate),CVCL_0334,12114,12835
Carbidopa (monohydrate),CVCL_0359,7568,7724
Carbidopa (monohydrate),CVCL_0366,4508,4612
Carbidopa (monohydrate),CVCL_0371,6958,7200
Carbidopa (monohydrate),CVCL_0397,5567,5876
Carbidopa (monohydrate),CVCL_0399,8534,9105
Carbidopa (monohydrate),CVCL_0428,10505,10774
Carbidopa (monohydrate),CVCL_0459,19643,20173
Carbidopa (monohydrate),CVCL_0480,16073,16284
Carbidopa (monohydrate),CVCL_0504,6398,6858
Carbidopa (monohydrate),CVCL_0546,20807,21655
Carbidopa (monohydrate),CVCL_1055,4691,4802
Carbidopa (monohydrate),CVCL_1056,10296,10415
Carbidopa (monohydrate),CVCL_1094,4466,4866
Carbidopa (monohydrate),CVCL_1097,6133,6385
Carbidopa (monohydrate),CVCL_1098,2736,2946
Carbidopa (monohydrate),CVCL_1119,8279,8570
Carbidopa (monohydrate),CVCL_1125,2076,2219
Carbidopa (monohydrate),CVCL_1239,4071,4150
Carbidopa (monohydrate),CVCL_1285,11362,11625
Carbidopa (monohydrate),CVCL_1381,7323,7484
Carbidopa (monohydrate),CVCL_1478,6241,7001
Carbidopa (monohydrate),CVCL_1495,7006,7116
Carbidopa (monohydrate),CVCL_1517,4405,4518
Carbidopa (monohydrate),CVCL_1531,89,109
Carbidopa (monohydrate),CVCL_1547,5297,5459
Carbidopa (monohydrate),CVCL_1550,6569,6865
Carbidopa (monohydrate),CVCL_1571,55,94
Carbidopa (monohydrate),CVCL_1577,531,578
Carbidopa (monohydrate),CVCL_1635,5859,6001
Carbidopa (monohydrate),CVCL_1666,5171,5462
Carbidopa (monohydrate),CVCL_1693,9377,10047
Carbidopa (monohydrate),CVCL_1715,252,274
Carbidopa (monohydrate),CVCL_1716,609,656
Carbidopa (monohydrate),CVCL_1717,5688,6033
Carbidopa (monohydrate),CVCL_1724,2862,3085
Carbidopa (monohydrate),CVCL_1731,6144,6320
Carbidopa (monohydrate),CVCL_C466,4461,4650
Celecoxib,CVCL_0023,3731,4101
Celecoxib,CVCL_0028,990,1290
Celecoxib,CVCL_0069,1838,2073
Celecoxib,CVCL_0099,1173,1424
Celecoxib,CVCL_0131,3482,3587
Celecoxib,CVCL_0152,3514,4197
Celecoxib,CVCL_0179,2087,2203
Celecoxib,CVCL_0218,2319,2624
Celecoxib,CVCL_0292,1626,2076
Celecoxib,CVCL_0293,4141,4699
Celecoxib,CVCL_0320,3270,3583
Celecoxib,CVCL_0332,2040,2160
Celecoxib,CVCL_0334,1317,1638
Celecoxib,CVCL_0359,3230,3451
Celecoxib,CVCL_0366,2177,2282
Celecoxib,CVCL_0371,3133,3483
Celecoxib,CVCL_0397,2592,2908
Celecoxib,CVCL_0399,4619,5337
Celecoxib,CVCL_0428,1726,1859
Celecoxib,CVCL_0459,5893,6754
Celecoxib,CVCL_0480,3763,3928
Celecoxib,CVCL_0504,3439,4178
Celecoxib,CVCL_0546,7090,8193
Celecoxib,CVCL_1055,2017,2096
Celecoxib,CVCL_1056,2773,2872
Celecoxib,CVCL_1094,2322,2696
Celecoxib,CVCL_1097,2516,2904
Celecoxib,CVCL_1098,1930,2334
Celecoxib,CVCL_1119,3324,3639
Celecoxib,CVCL_1125,592,749
Celecoxib,CVCL_1239,1029,1183
Celecoxib,CVCL_1285,3650,4159
Celecoxib,CVCL_1381,2961,3234
Celecoxib,CVCL_1478,2571,2943
Celecoxib,CVCL_1495,2230,2451
Celecoxib,CVCL_1517,3530,3649
Celecoxib,CVCL_1531,63,90
Celecoxib,CVCL_1547,2955,3203
Celecoxib,CVCL_1550,3673,3922
Celecoxib,CVCL_1571,37,67
Celecoxib,CVCL_1577,168,203
Celecoxib,CVCL_1635,2431,2650
Celecoxib,CVCL_1666,1936,2325
Celecoxib,CVCL_1693,1715,2104
Celecoxib,CVCL_1715,275,334
Celecoxib,CVCL_1716,280,374
Celecoxib,CVCL_1717,2752,3023
Celecoxib,CVCL_1724,1395,1634
Celecoxib,CVCL_1731,2002,2341
Celecoxib,CVCL_C466,2221,2616
Cepharanthine,CVCL_0023,6523,6848
Cepharanthine,CVCL_0028,1542,1733
Cepharanthine,CVCL_0069,3424,3596
Cepharanthine,CVCL_0099,1814,2027
Cepharanthine,CVCL_0131,6713,6826
Cepharanthine,CVCL_0152,6040,6768
Cepharanthine,CVCL_0179,3488,3639
Cepharanthine,CVCL_0218,3307,3546
Cepharanthine,CVCL_0292,2941,3448
Cepharanthine,CVCL_0293,6255,6828
Cepharanthine,CVCL_0320,5057,5283
Cepharanthine,CVCL_0332,3494,3620
Cepharanthine,CVCL_0334,2313,2645
Cepharanthine,CVCL_0359,5947,6127
Cepharanthine,CVCL_0366,3948,4064
Cepharanthine,CVCL_0371,5097,5395
Cepharanthine,CVCL_0397,3875,4158
Cepharanthine,CVCL_0399,7318,8148
Cepharanthine,CVCL_0428,2871,2985
Cepharanthine,CVCL_0459,11124,11666
Cepharanthine,CVCL_0480,7328,7529
Cepharanthine,CVCL_0504,5328,5887
Cepharanthine,CVCL_0546,13507,14566
Cepharanthine,CVCL_1055,3427,3510
Cepharanthine,CVCL_1056,5911,6006
Cepharanthine,CVCL_1094,3379,3618
Cepharanthine,CVCL_1097,4782,5137
Cepharanthine,CVCL_1098,3892,4267
Cepharanthine,CVCL_1119,4520,4727
Cepharanthine,CVCL_1125,800,895
Cepharanthine,CVCL_1239,1921,2019
Cepharanthine,CVCL_1285,7322,7706
Cepharanthine,CVCL_1381,5110,5277
Cepharanthine,CVCL_1478,4864,5380
Cepharanthine,CVCL_1495,3624,3781
Cepharanthine,CVCL_1517,5647,5748
Cepharanthine,CVCL_1531,63,79
Cepharanthine,CVCL_1547,4787,4988
Cepharanthine,CVCL_1550,4842,5142
Cepharanthine,CVCL_1571,38,69
Cepharanthine,CVCL_1577,267,294
Cepharanthine,CVCL_1635,3553,3696
Cepharanthine,CVCL_1666,3371,3708
Cepharanthine,CVCL_1693,2767,3086
Cepharanthine,CVCL_1715,436,472
Cepharanthine,CVCL_1716,554,618
Cepharanthine,CVCL_1717,4648,4927
Cepharanthine,CVCL_1724,2455,2665
Cepharanthine,CVCL_1731,3753,3998
Cepharanthine,CVCL_C466,3890,4260
Chlorhexidine (diacetate),CVCL_0023,11906,12270
Chlorhexidine (diacetate),CVCL_0028,2761,3033
Chlorhexidine (diacetate),CVCL_0069,6933,7144
Chlorhexidine (diacetate),CVCL_0099,4265,4558
Chlorhexidine (diacetate),CVCL_0131,11782,11925
Chlorhexidine (diacetate),CVCL_0152,11316,12155
Chlorhexidine (diacetate),CVCL_0179,6431,6565
Chlorhexidine (diacetate),CVCL_0218,6130,6338
Chlorhexidine (diacetate),CVCL_0292,6534,7322
Chlorhexidine (diacetate),CVCL_0293,12688,13611
Chlorhexidine (diacetate),CVCL_0320,9664,9929
Chlorhexidine (diacetate),CVCL_0332,6723,6885
Chlorhexidine (diacetate),CVCL_0334,7057,7524
Chlorhexidine (diacetate),CVCL_0359,10731,10908
Chlorhexidine (diacetate),CVCL_0366,7204,7388
Chlorhexidine (diacetate),CVCL_0371,9691,10085
Chlorhexidine (diacetate),CVCL_0397,7911,8409
Chlorhexidine (diacetate),CVCL_0399,14307,15509
Chlorhexidine (diacetate),CVCL_0428,7257,7393
Chlorhexidine (diacetate),CVCL_0459,21866,22590
Chlorhexidine (diacetate),CVCL_0480,14614,14871
Chlorhexidine (diacetate),CVCL_0504,10309,10835
Chlorhexidine (diacetate),CVCL_0546,25349,26459
Chlorhexidine (diacetate),CVCL_1055,6102,6256
Chlorhexidine (diacetate),CVCL_1056,11149,11342
Chlorhexidine (diacetate),CVCL_1094,6756,6989
Chlorhexidine (diacetate),CVCL_1097,9344,9730
Chlorhexidine (diacetate),CVCL_1098,7196,7794
Chlorhexidine (diacetate),CVCL_1119,9318,9569
Chlorhexidine (diacetate),CVCL_1125,1973,2103
Chlorhexidine (diacetate),CVCL_1239,4086,4176
Chlorhexidine (diacetate),CVCL_1285,14108,14479
Chlorhexidine (diacetate),CVCL_1381,9398,9631
Chlorhexidine (diacetate),CVCL_1478,9484,10427
Chlorhexidine (diacetate),CVCL_1495,7569,7764
Chlorhexidine (diacetate),CVCL_1517,10343,10564
Chlorhexidine (diacetate),CVCL_1531,133,172
Chlorhexidine (diacetate),CVCL_1547,8159,8355
Chlorhexidine (diacetate),CVCL_1550,10058,10579
Chlorhexidine (diacetate),CVCL_1571,70,107
Chlorhexidine (diacetate),CVCL_1577,491,548
Chlorhexidine (diacetate),CVCL_1635,7221,7406
Chlorhexidine (diacetate),CVCL_1666,6692,7047
Chlorhexidine (diacetate),CVCL_1693,8129,8474
Chlorhexidine (diacetate),CVCL_1715,828,887
Chlorhexidine (diacetate),CVCL_1716,1039,1139
Chlorhexidine (diacetate),CVCL_1717,8860,9260
Chlorhexidine (diacetate),CVCL_1724,4402,4726
Chlorhexidine (diacetate),CVCL_1731,6863,7171
Chlorhexidine (diacetate),CVCL_C466,7851,8304
Ciclopirox,CVCL_0023,7523,8088
Ciclopirox,CVCL_0028,1594,1967
Ciclopirox,CVCL_0069,3981,4286
Ciclopirox,CVCL_0099,1928,2286
Ciclopirox,CVCL_0131,8396,8561
Ciclopirox,CVCL_0152,6355,7603
Ciclopirox,CVCL_0179,3952,4146
Ciclopirox,CVCL_0218,3589,4040
Ciclopirox,CVCL_0292,2599,3446
Ciclopirox,CVCL_0293,7470,8328
Ciclopirox,CVCL_0320,5911,6278
Ciclopirox,CVCL_0332,4313,4497
Ciclopirox,CVCL_0334,2737,3271
Ciclopirox,CVCL_0359,7141,7423
Ciclopirox,CVCL_0366,4875,5071
Ciclopirox,CVCL_0371,6222,6742
Ciclopirox,CVCL_0397,4051,4506
Ciclopirox,CVCL_0399,7983,9269
Ciclopirox,CVCL_0428,3751,3927
Ciclopirox,CVCL_0459,11170,12372
Ciclopirox,CVCL_0480,9279,9531
Ciclopirox,CVCL_0504,6172,7132
Ciclopirox,CVCL_0546,13377,15143
Ciclopirox,CVCL_1055,4858,4986
Ciclopirox,CVCL_1056,7472,7647
Ciclopirox,CVCL_1094,3797,4252
Ciclopirox,CVCL_1097,5300,5906
Ciclopirox,CVCL_1098,3879,4526
Ciclopirox,CVCL_1119,5734,6092
Ciclopirox,CVCL_1125,923,1132
Ciclopirox,CVCL_1239,2057,2227
Ciclopirox,CVCL_1285,8351,8963
Ciclopirox,CVCL_1381,6019,6314
Ciclopirox,CVCL_1478,5684,6378
Ciclopirox,CVCL_1495,4526,4815
Ciclopirox,CVCL_1517,7093,7251
Ciclopirox,CVCL_1531,100,143
Ciclopirox,CVCL_1547,5994,6349
Ciclopirox,CVCL_1550,6764,7081
Ciclopirox,CVCL_1571,59,115
Ciclopirox,CVCL_1577,363,406
Ciclopirox,CVCL_1635,4256,4536
Ciclopirox,CVCL_1666,3505,4201
Ciclopirox,CVCL_1693,3102,3654
Ciclopirox,CVCL_1715,420,499
Ciclopirox,CVCL_1716,547,677
Ciclopirox,CVCL_1717,5322,5693
Ciclopirox,CVCL_1724,2467,2833
Ciclopirox,CVCL_1731,4065,4535
Ciclopirox,CVCL_C466,3691,4377
Cilostazol,CVCL_0023,5618,5805
Cilostazol,CVCL_0028,1030,1146
Cilostazol,CVCL_0069,4205,4339
Cilostazol,CVCL_0099,3640,4012
Cilostazol,CVCL_0131,4374,4441
Cilostazol,CVCL_0152,4210,4630
Cilostazol,CVCL_0179,2602,2714
Cilostazol,CVCL_0218,3720,3842
Cilostazol,CVCL_0292,4115,4515
Cilostazol,CVCL_0293,4901,5503
Cilostazol,CVCL_0320,4880,5017
Cilostazol,CVCL_0332,4049,4160
Cilostazol,CVCL_0334,7609,8219
Cilostazol,CVCL_0359,5097,5199
Cilostazol,CVCL_0366,2831,2926
Cilostazol,CVCL_0371,4964,5116
Cilostazol,CVCL_0397,4052,4278
Cilostazol,CVCL_0399,6848,7334
Cilostazol,CVCL_0428,8313,8477
Cilostazol,CVCL_0459,14237,14684
Cilostazol,CVCL_0480,10872,11092
Cilostazol,CVCL_0504,4976,5297
Cilostazol,CVCL_0546,15747,16369
Cilostazol,CVCL_1055,3629,3768
Cilostazol,CVCL_1056,6394,6498
Cilostazol,CVCL_1094,3521,3835
Cilostazol,CVCL_1097,4095,4281
Cilostazol,CVCL_1098,1670,1820
Cilostazol,CVCL_1119,6912,7126
Cilostazol,CVCL_1125,2162,2290
Cilostazol,CVCL_1239,2587,2644
Cilostazol,CVCL_1285,8068,8231
Cilostazol,CVCL_1381,5591,5736
Cilostazol,CVCL_1478,4504,5344
Cilostazol,CVCL_1495,5007,5109
Cilostazol,CVCL_1517,2802,2916
Cilostazol,CVCL_1531,48,59
Cilostazol,CVCL_1547,3805,3922
Cilostazol,CVCL_1550,5261,5606
Cilostazol,CVCL_1571,49,71
Cilostazol,CVCL_1577,310,344
Cilostazol,CVCL_1635,4380,4465
Cilostazol,CVCL_1666,4016,4187
Cilostazol,CVCL_1693,6889,7302
Cilostazol,CVCL_1715,177,198
Cilostazol,CVCL_1716,444,472
Cilostazol,CVCL_1717,4162,4471
Cilostazol,CVCL_1724,2127,2281
Cilostazol,CVCL_1731,4074,4239
Cilostazol,CVCL_C466,3037,3185
Cinacalcet,CVCL_0023,5975,6079
Cinacalcet,CVCL_0028,1352,1454
Cinacalcet,CVCL_0069,4259,4358
Cinacalcet,CVCL_0099,4062,4259
Cinacalcet,CVCL_0131,4688,4720
Cinacalcet,CVCL_0152,4438,4720
Cinacalcet,CVCL_0179,2708,2751
Cinacalcet,CVCL_0218,3655,3724
Cinacalcet,CVCL_0292,4169,4380
Cinacalcet,CVCL_0293,5265,5796
Cinacalcet,CVCL_0320,5017,5103
Cinacalcet,CVCL_0332,4820,4896
Cinacalcet,CVCL_0334,10271,10680
Cinacalcet,CVCL_0359,6011,6072
Cinacalcet,CVCL_0366,3493,3559
Cinacalcet,CVCL_0371,5018,5137
Cinacalcet,CVCL_0397,4387,4584
Cinacalcet,CVCL_0399,6342,6685
Cinacalcet,CVCL_0428,8957,9039
Cinacalcet,CVCL_0459,16329,16503
Cinacalcet,CVCL_0480,12430,12563
Cinacalcet,CVCL_0504,5394,5578
Cinacalcet,CVCL_0546,16330,16683
Cinacalcet,CVCL_1055,3124,3221
Cinacalcet,CVCL_1056,8014,8114
Cinacalcet,CVCL_1094,3812,3943
Cinacalcet,CVCL_1097,5034,5159
Cinacalcet,CVCL_1098,2244,2364
Cinacalcet,CVCL_1119,5756,5859
Cinacalcet,CVCL_1125,1677,1735
Cinacalcet,CVCL_1239,3229,3255
Cinacalcet,CVCL_1285,9458,9569
Cinacalcet,CVCL_1381,5661,5732
Cinacalcet,CVCL_1478,4955,5543
Cinacalcet,CVCL_1495,5021,5070
Cinacalcet,CVCL_1517,3362,3451
Cinacalcet,CVCL_1531,57,72
Cinacalcet,CVCL_1547,4284,4348
Cinacalcet,CVCL_1550,4647,4933
Cinacalcet,CVCL_1571,29,47
Cinacalcet,CVCL_1577,333,355
Cinacalcet,CVCL_1635,4176,4236
Cinacalcet,CVCL_1666,4430,4545
Cinacalcet,CVCL_1693,8241,8486
Cinacalcet,CVCL_1715,228,234
Cinacalcet,CVCL_1716,481,495
Cinacalcet,CVCL_1717,4491,4660
Cinacalcet,CVCL_1724,2238,2334
Cinacalcet,CVCL_1731,4741,4820
Cinacalcet,CVCL_C466,4013,4115
Citalopram (hydrobromide),CVCL_0023,7044,7137
Citalopram (hydrobromide),CVCL_0028,1368,1447
Citalopram (hydrobromide),CVCL_0069,4855,4938
Citalopram (hydrobromide),CVCL_0099,4353,4583
Citalopram (hydrobromide),CVCL_0131,5246,5293
Citalopram (hydrobromide),CVCL_0152,4675,4948
Citalopram (hydrobromide),CVCL_0179,2822,2875
Citalopram (hydrobromide),CVCL_0218,3949,4017
Citalopram (hydrobromide),CVCL_0292,4574,4840
Citalopram (hydrobromide),CVCL_0293,5840,6391
Citalopram (hydrobromide),CVCL_0320,5443,5548
Citalopram (hydrobromide),CVCL_0332,5828,5922
Citalopram (hydrobromide),CVCL_0334,11442,11860
Citalopram (hydrobromide),CVCL_0359,6847,6899
Citalopram (hydrobromide),CVCL_0366,4310,4388
Citalopram (hydrobromide),CVCL_0371,5394,5506
Citalopram (hydrobromide),CVCL_0397,4769,5007
Citalopram (hydrobromide),CVCL_0399,6749,7142
Citalopram (hydrobromide),CVCL_0428,10235,10326
Citalopram (hydrobromide),CVCL_0459,20070,20267
Citalopram (hydrobromide),CVCL_0480,13990,14147
Citalopram (hydrobromide),CVCL_0504,6065,6248
Citalopram (hydrobromide),CVCL_0546,17758,18112
Citalopram (hydrobromide),CVCL_1055,3411,3497
Citalopram (hydrobromide),CVCL_1056,9264,9375
Citalopram (hydrobromide),CVCL_1094,4110,4270
Citalopram (hydrobromide),CVCL_1097,5622,5738
Citalopram (hydrobromide),CVCL_1098,2308,2438
Citalopram (hydrobromide),CVCL_1119,6739,6855
Citalopram (hydrobromide),CVCL_1125,1823,1877
Citalopram (hydrobromide),CVCL_1239,3810,3838
Citalopram (hydrobromide),CVCL_1285,11150,11282
Citalopram (hydrobromide),CVCL_1381,6603,6697
Citalopram (hydrobromide),CVCL_1478,5040,5604
Citalopram (hydrobromide),CVCL_1495,5694,5753
Citalopram (hydrobromide),CVCL_1517,3855,3939
Citalopram (hydrobromide),CVCL_1531,77,100
Citalopram (hydrobromide),CVCL_1547,4696,4766
Citalopram (hydrobromide),CVCL_1550,5377,5664
Citalopram (hydrobromide),CVCL_1571,66,85
Citalopram (hydrobromide),CVCL_1577,374,396
Citalopram (hydrobromide),CVCL_1635,4733,4803
Citalopram (hydrobromide),CVCL_1666,5119,5221
Citalopram (hydrobromide),CVCL_1693,8558,8825
Citalopram (hydrobromide),CVCL_1715,311,328
Citalopram (hydrobromide),CVCL_1716,535,549
Citalopram (hydrobromide),CVCL_1717,4981,5212
Citalopram (hydrobromide),CVCL_1724,2345,2445
Citalopram (hydrobromide),CVCL_1731,5608,5689
Citalopram (hydrobromide),CVCL_C466,4852,4937
Clobetasol propionate,CVCL_0023,4954,5079
Clobetasol propionate,CVCL_0028,1277,1495
Clobetasol propionate,CVCL_0069,3904,4046
Clobetasol propionate,CVCL_0099,3634,4099
Clobetasol propionate,CVCL_0131,3626,3684
Clobetasol propionate,CVCL_0152,3428,3793
Clobetasol propionate,CVCL_0179,2291,2386
Clobetasol propionate,CVCL_0218,2720,2878
Clobetasol propionate,CVCL_0292,3192,3573
Clobetasol propionate,CVCL_0293,3803,4290
Clobetasol propionate,CVCL_0320,3850,3957
Clobetasol propionate,CVCL_0332,3580,3655
Clobetasol propionate,CVCL_0334,7576,8167
Clobetasol propionate,CVCL_0359,4780,4854
Clobetasol propionate,CVCL_0366,2606,2683
Clobetasol propionate,CVCL_0371,4137,4296
Clobetasol propionate,CVCL_0397,3269,3471
Clobetasol propionate,CVCL_0399,5207,5642
Clobetasol propionate,CVCL_0428,7796,7946
Clobetasol propionate,CVCL_0459,11272,11655
Clobetasol propionate,CVCL_0480,9908,10052
Clobetasol propionate,CVCL_0504,4488,4958
Clobetasol propionate,CVCL_0546,13390,14137
Clobetasol propionate,CVCL_1055,3317,3398
Clobetasol propionate,CVCL_1056,5942,6021
Clobetasol propionate,CVCL_1094,3332,3683
Clobetasol propionate,CVCL_1097,3663,3899
Clobetasol propionate,CVCL_1098,1758,1920
Clobetasol propionate,CVCL_1119,5371,5528
Clobetasol propionate,CVCL_1125,1225,1332
Clobetasol propionate,CVCL_1239,2382,2426
Clobetasol propionate,CVCL_1285,7256,7429
Clobetasol propionate,CVCL_1381,5356,5465
Clobetasol propionate,CVCL_1478,3680,4281
Clobetasol propionate,CVCL_1495,4319,4386
Clobetasol propionate,CVCL_1517,2217,2275
Clobetasol propionate,CVCL_1531,47,61
Clobetasol propionate,CVCL_1547,3399,3487
Clobetasol propionate,CVCL_1550,4149,4407
Clobetasol propionate,CVCL_1571,43,67
Clobetasol propionate,CVCL_1577,299,314
Clobetasol propionate,CVCL_1635,3458,3546
Clobetasol propionate,CVCL_1666,3650,3853
Clobetasol propionate,CVCL_1693,7283,7799
Clobetasol propionate,CVCL_1715,137,166
Clobetasol propionate,CVCL_1716,396,418
Clobetasol propionate,CVCL_1717,3621,3842
Clobetasol propionate,CVCL_1724,1685,1839
Clobetasol propionate,CVCL_1731,3643,3769
Clobetasol propionate,CVCL_C466,2588,2749
Clofarabine,CVCL_0023,2928,2986
Clofarabine,CVCL_0028,868,965
Clofarabine,CVCL_0069,2663,2735
Clofarabine,CVCL_0099,2697,2888
Clofarabine,CVCL_0131,2292,2324
Clofarabine,CVCL_0152,2518,2748
Clofarabine,CVCL_0179,1593,1655
Clofarabine,CVCL_0218,2377,2428
Clofarabine,CVCL_0292,2470,2655
Clofarabine,CVCL_0293,2549,2924
Clofarabine,CVCL_0320,2980,3059
Clofarabine,CVCL_0332,2002,2047
Clofarabine,CVCL_0334,4473,4765
Clofarabine,CVCL_0359,2592,2634
Clofarabine,CVCL_0366,1220,1273
Clofarabine,CVCL_0371,3190,3269
Clofarabine,CVCL_0397,2402,2553
Clofarabine,CVCL_0399,3862,4138
Clofarabine,CVCL_0428,4674,4768
Clofarabine,CVCL_0459,7373,7521
Clofarabine,CVCL_0480,5823,5956
Clofarabine,CVCL_0504,3140,3297
Clofarabine,CVCL_0546,9863,10166
Clofarabine,CVCL_1055,2354,2452
Clofarabine,CVCL_1056,2978,3039
Clofarabine,CVCL_1094,2513,2665
Clofarabine,CVCL_1097,2313,2414
Clofarabine,CVCL_1098,1006,1101
Clofarabine,CVCL_1119,4089,4199
Clofarabine,CVCL_1125,1152,1214
Clofarabine,CVCL_1239,1441,1474
Clofarabine,CVCL_1285,3710,3801
Clofarabine,CVCL_1381,3226,3307
Clofarabine,CVCL_1478,2345,2799
Clofarabine,CVCL_1495,2740,2775
Clofarabine,CVCL_1517,1377,1436
Clofarabine,CVCL_1531,27,37
Clofarabine,CVCL_1547,1999,2048
Clofarabine,CVCL_1550,3011,3244
Clofarabine,CVCL_1571,28,36
Clofarabine,CVCL_1577,198,235
Clofarabine,CVCL_1635,2610,2672
Clofarabine,CVCL_1666,2327,2417
Clofarabine,CVCL_1693,5271,5486
Clofarabine,CVCL_1715,103,114
Clofarabine,CVCL_1716,218,238
Clofarabine,CVCL_1717,2646,2817
Clofarabine,CVCL_1724,1310,1411
Clofarabine,CVCL_1731,2193,2263
Clofarabine,CVCL_C466,1644,1713
Clonidine (hydrochloride),CVCL_0023,12463,12601
Clonidine (hydrochloride),CVCL_0028,3489,3617
Clonidine (hydrochloride),CVCL_0069,6977,7136
Clonidine (hydrochloride),CVCL_0099,3918,4102
Clonidine (hydrochloride),CVCL_0131,12945,13054
Clonidine (hydrochloride),CVCL_0152,12946,13398
Clonidine (hydrochloride),CVCL_0179,6817,7045
Clonidine (hydrochloride),CVCL_0218,6155,6279
Clonidine (hydrochloride),CVCL_0292,6687,7017
Clonidine (hydrochloride),CVCL_0293,11364,12412
Clonidine (hydrochloride),CVCL_0320,10054,10303
Clonidine (hydrochloride),CVCL_0332,6771,6910
Clonidine (hydrochloride),CVCL_0334,5130,5473
Clonidine (hydrochloride),CVCL_0359,11718,11847
Clonidine (hydrochloride),CVCL_0366,8021,8155
Clonidine (hydrochloride),CVCL_0371,9876,10159
Clonidine (hydrochloride),CVCL_0397,7487,7860
Clonidine (hydrochloride),CVCL_0399,14774,15677
Clonidine (hydrochloride),CVCL_0428,5602,5661
Clonidine (hydrochloride),CVCL_0459,23111,23447
Clonidine (hydrochloride),CVCL_0480,14569,14887
Clonidine (hydrochloride),CVCL_0504,10830,11095
Clonidine (hydrochloride),CVCL_0546,25946,26609
Clonidine (hydrochloride),CVCL_1055,6768,6967
Clonidine (hydrochloride),CVCL_1056,12190,12379
Clonidine (hydrochloride),CVCL_1094,6545,6662
Clonidine (hydrochloride),CVCL_1097,10793,10998
Clonidine (hydrochloride),CVCL_1098,8358,8670
Clonidine (hydrochloride),CVCL_1119,8123,8314
Clonidine (hydrochloride),CVCL_1125,2012,2100
Clonidine (hydrochloride),CVCL_1239,4122,4184
Clonidine (hydrochloride),CVCL_1285,14452,14638
Clonidine (hydrochloride),CVCL_1381,9580,9714
Clonidine (hydrochloride),CVCL_1478,10082,10923
Clonidine (hydrochloride),CVCL_1495,7415,7519
Clonidine (hydrochloride),CVCL_1517,10762,11017
Clonidine (hydrochloride),CVCL_1531,105,131
Clonidine (hydrochloride),CVCL_1547,8801,8934
Clonidine (hydrochloride),CVCL_1550,8456,9121
Clonidine (hydrochloride),CVCL_1571,34,57
Clonidine (hydrochloride),CVCL_1577,509,544
Clonidine (hydrochloride),CVCL_1635,6463,6576
Clonidine (hydrochloride),CVCL_1666,7249,7429
Clonidine (hydrochloride),CVCL_1693,5984,6161
Clonidine (hydrochloride),CVCL_1715,895,923
Clonidine (hydrochloride),CVCL_1716,1166,1209
Clonidine (hydrochloride),CVCL_1717,8602,8979
Clonidine (hydrochloride),CVCL_1724,4950,5073
Clonidine (hydrochloride),CVCL_1731,7265,7468
Clonidine (hydrochloride),CVCL_C466,9298,9493
Clopidogrel,CVCL_0023,7881,8468
Clopidogrel,CVCL_0028,1021,1256
Clopidogrel,CVCL_0069,4806,5056
Clopidogrel,CVCL_0099,3872,4604
Clopidogrel,CVCL_0131,6437,6588
Clopidogrel,CVCL_0152,5247,6047
Clopidogrel,CVCL_0179,2929,3078
Clopidogrel,CVCL_0218,4673,5149
Clopidogrel,CVCL_0292,4122,5053
Clopidogrel,CVCL_0293,6713,7544
Clopidogrel,CVCL_0320,6949,7180
Clopidogrel,CVCL_0332,7664,7871
Clopidogrel,CVCL_0334,13367,15014
Clopidogrel,CVCL_0359,7114,7339
Clopidogrel,CVCL_0366,5310,5448
Clopidogrel,CVCL_0371,6939,7365
Clopidogrel,CVCL_0397,5840,6281
Clopidogrel,CVCL_0399,7590,8414
Clopidogrel,CVCL_0428,10921,11304
Clopidogrel,CVCL_0459,24698,25996
Clopidogrel,CVCL_0480,17362,17591
Clopidogrel,CVCL_0504,5994,7008
Clopidogrel,CVCL_0546,19820,21598
Clopidogrel,CVCL_1055,3619,3736
Clopidogrel,CVCL_1056,11366,11519
Clopidogrel,CVCL_1094,3124,3846
Clopidogrel,CVCL_1097,5620,6211
Clopidogrel,CVCL_1098,2401,2748
Clopidogrel,CVCL_1119,7037,7398
Clopidogrel,CVCL_1125,1773,2126
Clopidogrel,CVCL_1239,4583,4740
Clopidogrel,CVCL_1285,12402,12975
Clopidogrel,CVCL_1381,6967,7257
Clopidogrel,CVCL_1478,5839,6517
Clopidogrel,CVCL_1495,6624,6835
Clopidogrel,CVCL_1517,5319,5463
Clopidogrel,CVCL_1531,68,110
Clopidogrel,CVCL_1547,5670,5902
Clopidogrel,CVCL_1550,5907,6165
Clopidogrel,CVCL_1571,77,113
Clopidogrel,CVCL_1577,383,436
Clopidogrel,CVCL_1635,5305,5518
Clopidogrel,CVCL_1666,5138,5721
Clopidogrel,CVCL_1693,7620,8691
Clopidogrel,CVCL_1715,421,489
Clopidogrel,CVCL_1716,645,723
Clopidogrel,CVCL_1717,5385,5926
Clopidogrel,CVCL_1724,2642,3029
Clopidogrel,CVCL_1731,6628,6951
Clopidogrel,CVCL_C466,4922,5506
Clotrimazole,CVCL_0023,7401,7581
Clotrimazole,CVCL_0028,1977,2116
Clotrimazole,CVCL_0069,3770,3891
Clotrimazole,CVCL_0099,2319,2456
Clotrimazole,CVCL_0131,6587,6680
Clotrimazole,CVCL_0152,7479,7987
Clotrimazole,CVCL_0179,3701,3817
Clotrimazole,CVCL_0218,4274,4408
Clotrimazole,CVCL_0292,3724,4164
Clotrimazole,CVCL_0293,7755,8422
Clotrimazole,CVCL_0320,5801,6017
Clotrimazole,CVCL_0332,3741,3838
Clotrimazole,CVCL_0334,2917,3167
Clotrimazole,CVCL_0359,6278,6385
Clotrimazole,CVCL_0366,4281,4400
Clotrimazole,CVCL_0371,5772,6005
Clotrimazole,CVCL_0397,4667,4938
Clotrimazole,CVCL_0399,8978,9708
Clotrimazole,CVCL_0428,3100,3173
Clotrimazole,CVCL_0459,13598,13957
Clotrimazole,CVCL_0480,7848,8039
Clotrimazole,CVCL_0504,6393,6695
Clotrimazole,CVCL_0546,14834,15439
Clotrimazole,CVCL_1055,3511,3617
Clotrimazole,CVCL_1056,6190,6333
Clotrimazole,CVCL_1094,3999,4142
Clotrimazole,CVCL_1097,5784,5976
Clotrimazole,CVCL_1098,4646,4968
Clotrimazole,CVCL_1119,5179,5347
Clotrimazole,CVCL_1125,984,1053
Clotrimazole,CVCL_1239,2302,2361
Clotrimazole,CVCL_1285,7631,7813
Clotrimazole,CVCL_1381,5503,5640
Clotrimazole,CVCL_1478,5431,5910
Clotrimazole,CVCL_1495,4301,4409
Clotrimazole,CVCL_1517,6541,6688
Clotrimazole,CVCL_1531,104,143
Clotrimazole,CVCL_1547,5279,5396
Clotrimazole,CVCL_1550,5855,6218
Clotrimazole,CVCL_1571,71,112
Clotrimazole,CVCL_1577,284,318
Clotrimazole,CVCL_1635,4311,4427
Clotrimazole,CVCL_1666,4582,4791
Clotrimazole,CVCL_1693,3402,3579
Clotrimazole,CVCL_1715,509,546
Clotrimazole,CVCL_1716,616,657
Clotrimazole,CVCL_1717,5319,5584
Clotrimazole,CVCL_1724,2801,2967
Clotrimazole,CVCL_1731,4254,4444
Clotrimazole,CVCL_C466,5376,5635
Cloxacillin (sodium),CVCL_0023,10425,10656
Cloxacillin (sodium),CVCL_0028,2863,3043
Cloxacillin (sodium),CVCL_0069,5377,5495
Cloxacillin (sodium),CVCL_0099,3166,3345
Cloxacillin (sodium),CVCL_0131,10367,10470
Cloxacillin (sodium),CVCL_0152,10423,11081
Cloxacillin (sodium),CVCL_0179,5373,5521
Cloxacillin (sodium),CVCL_0218,5016,5136
Cloxacillin (sodium),CVCL_0292,5125,5622
Cloxacillin (sodium),CVCL_0293,9569,10312
Cloxacillin (sodium),CVCL_0320,7444,7649
Cloxacillin (sodium),CVCL_0332,5526,5656
Cloxacillin (sodium),CVCL_0334,4273,4564
Cloxacillin (sodium),CVCL_0359,10141,10278
Cloxacillin (sodium),CVCL_0366,6470,6608
Cloxacillin (sodium),CVCL_0371,7861,8122
Cloxacillin (sodium),CVCL_0397,5898,6169
Cloxacillin (sodium),CVCL_0399,12022,12950
Cloxacillin (sodium),CVCL_0428,4946,5023
Cloxacillin (sodium),CVCL_0459,17966,18406
Cloxacillin (sodium),CVCL_0480,11500,11705
Cloxacillin (sodium),CVCL_0504,9152,9536
Cloxacillin (sodium),CVCL_0546,19804,20566
Cloxacillin (sodium),CVCL_1055,6073,6216
Cloxacillin (sodium),CVCL_1056,9388,9548
Cloxacillin (sodium),CVCL_1094,5740,5878
Cloxacillin (sodium),CVCL_1097,7986,8245
Cloxacillin (sodium),CVCL_1098,5962,6314
Cloxacillin (sodium),CVCL_1119,7278,7452
Cloxacillin (sodium),CVCL_1125,1576,1675
Cloxacillin (sodium),CVCL_1239,2983,3059
Cloxacillin (sodium),CVCL_1285,11873,12116
Cloxacillin (sodium),CVCL_1381,8041,8194
Cloxacillin (sodium),CVCL_1478,7376,7972
Cloxacillin (sodium),CVCL_1495,6007,6136
Cloxacillin (sodium),CVCL_1517,8367,8527
Cloxacillin (sodium),CVCL_1531,108,132
Cloxacillin (sodium),CVCL_1547,7521,7656
Cloxacillin (sodium),CVCL_1550,7956,8304
Cloxacillin (sodium),CVCL_1571,53,76
Cloxacillin (sodium),CVCL_1577,430,468
Cloxacillin (sodium),CVCL_1635,5419,5524
Cloxacillin (sodium),CVCL_1666,5897,6180
Cloxacillin (sodium),CVCL_1693,4866,5108
Cloxacillin (sodium),CVCL_1715,580,613
Cloxacillin (sodium),CVCL_1716,914,980
Cloxacillin (sodium),CVCL_1717,6655,6960
Cloxacillin (sodium),CVCL_1724,3513,3692
Cloxacillin (sodium),CVCL_1731,5555,5755
Cloxacillin (sodium),CVCL_C466,6930,7272
Cobimetinib,CVCL_0023,2499,2636
Cobimetinib,CVCL_0028,763,919
Cobimetinib,CVCL_0069,1915,2009
Cobimetinib,CVCL_0099,2162,2498
Cobimetinib,CVCL_0131,2345,2407
Cobimetinib,CVCL_0152,2445,2766
Cobimetinib,CVCL_0179,1521,1607
Cobimetinib,CVCL_0218,1949,2077
Cobimetinib,CVCL_0292,2233,2570
Cobimetinib,CVCL_0293,2474,2832
Cobimetinib,CVCL_0320,2836,2948
Cobimetinib,CVCL_0332,1935,2003
Cobimetinib,CVCL_0334,3874,4372
Cobimetinib,CVCL_0359,2432,2517
Cobimetinib,CVCL_0366,1098,1152
Cobimetinib,CVCL_0371,3418,3546
Cobimetinib,CVCL_0397,2276,2418
Cobimetinib,CVCL_0399,3358,3696
Cobimetinib,CVCL_0428,4459,4600
Cobimetinib,CVCL_0459,5912,6238
Cobimetinib,CVCL_0480,5210,5333
Cobimetinib,CVCL_0504,2749,3166
Cobimetinib,CVCL_0546,8465,9169
Cobimetinib,CVCL_1055,2280,2338
Cobimetinib,CVCL_1056,2721,2765
Cobimetinib,CVCL_1094,2297,2636
Cobimetinib,CVCL_1097,1873,2068
Cobimetinib,CVCL_1098,956,1038
Cobimetinib,CVCL_1119,3746,3905
Cobimetinib,CVCL_1125,467,549
Cobimetinib,CVCL_1239,1349,1397
Cobimetinib,CVCL_1285,3469,3628
Cobimetinib,CVCL_1381,2861,2945
Cobimetinib,CVCL_1478,2323,2730
Cobimetinib,CVCL_1495,1968,2033
Cobimetinib,CVCL_1517,1277,1320
Cobimetinib,CVCL_1531,22,31
Cobimetinib,CVCL_1547,1485,1574
Cobimetinib,CVCL_1550,3100,3305
Cobimetinib,CVCL_1571,19,34
Cobimetinib,CVCL_1577,223,235
Cobimetinib,CVCL_1635,2429,2492
Cobimetinib,CVCL_1666,2100,2282
Cobimetinib,CVCL_1693,5355,5855
Cobimetinib,CVCL_1715,72,84
Cobimetinib,CVCL_1716,238,256
Cobimetinib,CVCL_1717,2485,2690
Cobimetinib,CVCL_1724,1170,1290
Cobimetinib,CVCL_1731,1915,2019
Cobimetinib,CVCL_C466,1300,1415
Crizotinib (hydrochloride),CVCL_0023,6167,6285
Crizotinib (hydrochloride),CVCL_0028,1241,1311
Crizotinib (hydrochloride),CVCL_0069,4282,4361
Crizotinib (hydrochloride),CVCL_0099,3986,4205
Crizotinib (hydrochloride),CVCL_0131,4995,5029
Crizotinib (hydrochloride),CVCL_0152,4931,5269
Crizotinib (hydrochloride),CVCL_0179,2807,2860
Crizotinib (hydrochloride),CVCL_0218,3459,3518
Crizotinib (hydrochloride),CVCL_0292,4098,4383
Crizotinib (hydrochloride),CVCL_0293,6342,6849
Crizotinib (hydrochloride),CVCL_0320,5563,5640
Crizotinib (hydrochloride),CVCL_0332,5229,5297
Crizotinib (hydrochloride),CVCL_0334,10874,11278
Crizotinib (hydrochloride),CVCL_0359,6431,6506
Crizotinib (hydrochloride),CVCL_0366,3600,3662
Crizotinib (hydrochloride),CVCL_0371,5495,5624
Crizotinib (hydrochloride),CVCL_0397,4657,4851
Crizotinib (hydrochloride),CVCL_0399,6752,7101
Crizotinib (hydrochloride),CVCL_0428,8922,9054
Crizotinib (hydrochloride),CVCL_0459,15991,16207
Crizotinib (hydrochloride),CVCL_0480,13047,13184
Crizotinib (hydrochloride),CVCL_0504,4900,5117
Crizotinib (hydrochloride),CVCL_0546,16542,16901
Crizotinib (hydrochloride),CVCL_1055,3268,3355
Crizotinib (hydrochloride),CVCL_1056,8499,8585
Crizotinib (hydrochloride),CVCL_1094,4147,4349
Crizotinib (hydrochloride),CVCL_1097,4908,5035
Crizotinib (hydrochloride),CVCL_1098,2259,2394
Crizotinib (hydrochloride),CVCL_1119,6273,6410
Crizotinib (hydrochloride),CVCL_1125,1663,1750
Crizotinib (hydrochloride),CVCL_1239,2966,3000
Crizotinib (hydrochloride),CVCL_1285,9589,9718
Crizotinib (hydrochloride),CVCL_1381,5718,5808
Crizotinib (hydrochloride),CVCL_1478,5074,5621
Crizotinib (hydrochloride),CVCL_1495,4969,5015
Crizotinib (hydrochloride),CVCL_1517,3520,3585
Crizotinib (hydrochloride),CVCL_1531,59,71
Crizotinib (hydrochloride),CVCL_1547,4078,4148
Crizotinib (hydrochloride),CVCL_1550,5729,5979
Crizotinib (hydrochloride),CVCL_1571,56,69
Crizotinib (hydrochloride),CVCL_1577,332,370
Crizotinib (hydrochloride),CVCL_1635,4606,4689
Crizotinib (hydrochloride),CVCL_1666,4447,4559
Crizotinib (hydrochloride),CVCL_1693,8064,8398
Crizotinib (hydrochloride),CVCL_1715,265,285
Crizotinib (hydrochloride),CVCL_1716,624,647
Crizotinib (hydrochloride),CVCL_1717,4886,5089
Crizotinib (hydrochloride),CVCL_1724,2251,2378
Crizotinib (hydrochloride),CVCL_1731,4816,4899
Crizotinib (hydrochloride),CVCL_C466,4225,4321
Cyclosporin A,CVCL_0023,7272,7466
Cyclosporin A,CVCL_0028,1069,1170
Cyclosporin A,CVCL_0069,3904,4007
Cyclosporin A,CVCL_0099,3582,3903
Cyclosporin A,CVCL_0131,5104,5159
Cyclosporin A,CVCL_0152,4922,5337
Cyclosporin A,CVCL_0179,2729,2819
Cyclosporin A,CVCL_0218,3964,4081
Cyclosporin A,CVCL_0292,4279,4730
Cyclosporin A,CVCL_0293,6190,6811
Cyclosporin A,CVCL_0320,5866,5962
Cyclosporin A,CVCL_0332,5781,5877
Cyclosporin A,CVCL_0334,12189,12791
Cyclosporin A,CVCL_0359,6438,6541
Cyclosporin A,CVCL_0366,3883,3953
Cyclosporin A,CVCL_0371,5836,6005
Cyclosporin A,CVCL_0397,5123,5376
Cyclosporin A,CVCL_0399,7074,7513
Cyclosporin A,CVCL_0428,9034,9177
Cyclosporin A,CVCL_0459,20705,21088
Cyclosporin A,CVCL_0480,13775,13925
Cyclosporin A,CVCL_0504,5705,6032
Cyclosporin A,CVCL_0546,18219,18798
Cyclosporin A,CVCL_1055,3052,3116
Cyclosporin A,CVCL_1056,9042,9133
Cyclosporin A,CVCL_1094,3624,3918
Cyclosporin A,CVCL_1097,5219,5437
Cyclosporin A,CVCL_1098,2336,2557
Cyclosporin A,CVCL_1119,6726,6932
Cyclosporin A,CVCL_1125,1522,1617
Cyclosporin A,CVCL_1239,3634,3685
Cyclosporin A,CVCL_1285,10901,11079
Cyclosporin A,CVCL_1381,6199,6297
Cyclosporin A,CVCL_1478,4943,5499
Cyclosporin A,CVCL_1495,5245,5327
Cyclosporin A,CVCL_1517,4187,4292
Cyclosporin A,CVCL_1531,68,82
Cyclosporin A,CVCL_1547,4410,4521
Cyclosporin A,CVCL_1550,6032,6281
Cyclosporin A,CVCL_1571,46,66
Cyclosporin A,CVCL_1577,318,337
Cyclosporin A,CVCL_1635,4780,4875
Cyclosporin A,CVCL_1666,4889,5080
Cyclosporin A,CVCL_1693,7549,8031
Cyclosporin A,CVCL_1715,261,274
Cyclosporin A,CVCL_1716,543,572
Cyclosporin A,CVCL_1717,5021,5290
Cyclosporin A,CVCL_1724,2195,2383
Cyclosporin A,CVCL_1731,5486,5606
Cyclosporin A,CVCL_C466,4872,5065
Cysteamine (hydrochloride),CVCL_0023,8238,8438
Cysteamine (hydrochloride),CVCL_0028,1956,2098
Cysteamine (hydrochloride),CVCL_0069,4253,4386
Cysteamine (hydrochloride),CVCL_0099,2403,2567
Cysteamine (hydrochloride),CVCL_0131,8098,8200
Cysteamine (hydrochloride),CVCL_0152,8492,9105
Cysteamine (hydrochloride),CVCL_0179,4261,4393
Cysteamine (hydrochloride),CVCL_0218,4690,4898
Cysteamine (hydrochloride),CVCL_0292,4134,4697
Cysteamine (hydrochloride),CVCL_0293,8869,9495
Cysteamine (hydrochloride),CVCL_0320,6598,6821
Cysteamine (hydrochloride),CVCL_0332,4074,4165
Cysteamine (hydrochloride),CVCL_0334,3402,3713
Cysteamine (hydrochloride),CVCL_0359,7271,7393
Cysteamine (hydrochloride),CVCL_0366,4693,4785
Cysteamine (hydrochloride),CVCL_0371,6793,7053
Cysteamine (hydrochloride),CVCL_0397,5559,5865
Cysteamine (hydrochloride),CVCL_0399,11032,11910
Cysteamine (hydrochloride),CVCL_0428,3504,3591
Cysteamine (hydrochloride),CVCL_0459,14887,15390
Cysteamine (hydrochloride),CVCL_0480,9062,9226
Cysteamine (hydrochloride),CVCL_0504,6392,6735
Cysteamine (hydrochloride),CVCL_0546,16933,17736
Cysteamine (hydrochloride),CVCL_1055,3904,4002
Cysteamine (hydrochloride),CVCL_1056,7261,7377
Cysteamine (hydrochloride),CVCL_1094,4198,4369
Cysteamine (hydrochloride),CVCL_1097,6582,6867
Cysteamine (hydrochloride),CVCL_1098,5360,5721
Cysteamine (hydrochloride),CVCL_1119,6099,6294
Cysteamine (hydrochloride),CVCL_1125,1282,1396
Cysteamine (hydrochloride),CVCL_1239,2555,2625
Cysteamine (hydrochloride),CVCL_1285,9419,9687
Cysteamine (hydrochloride),CVCL_1381,5899,6021
Cysteamine (hydrochloride),CVCL_1478,6761,7259
Cysteamine (hydrochloride),CVCL_1495,4812,4947
Cysteamine (hydrochloride),CVCL_1517,7301,7474
Cysteamine (hydrochloride),CVCL_1531,112,138
Cysteamine (hydrochloride),CVCL_1547,5518,5680
Cysteamine (hydrochloride),CVCL_1550,6563,6950
Cysteamine (hydrochloride),CVCL_1571,44,75
Cysteamine (hydrochloride),CVCL_1577,287,308
Cysteamine (hydrochloride),CVCL_1635,4665,4802
Cysteamine (hydrochloride),CVCL_1666,4590,4880
Cysteamine (hydrochloride),CVCL_1693,3715,3952
Cysteamine (hydrochloride),CVCL_1715,598,647
Cysteamine (hydrochloride),CVCL_1716,675,751
Cysteamine (hydrochloride),CVCL_1717,5890,6170
Cysteamine (hydrochloride),CVCL_1724,3154,3356
Cysteamine (hydrochloride),CVCL_1731,4608,4795
Cysteamine (hydrochloride),CVCL_C466,5972,6288
Cytarabine,CVCL_0023,12996,13213
Cytarabine,CVCL_0028,2781,3047
Cytarabine,CVCL_0069,10374,10612
Cytarabine,CVCL_0099,9109,9700
Cytarabine,CVCL_0131,11060,11186
Cytarabine,CVCL_0152,10693,11352
Cytarabine,CVCL_0179,6390,6536
Cytarabine,CVCL_0218,8795,8954
Cytarabine,CVCL_0292,10453,11014
Cytarabine,CVCL_0293,12983,14083
Cytarabine,CVCL_0320,11740,11953
Cytarabine,CVCL_0332,10479,10671
Cytarabine,CVCL_0334,20840,21683
Cytarabine,CVCL_0359,11957,12138
Cytarabine,CVCL_0366,6993,7185
Cytarabine,CVCL_0371,12017,12310
Cytarabine,CVCL_0397,10133,10520
Cytarabine,CVCL_0399,15626,16446
Cytarabine,CVCL_0428,18240,18595
Cytarabine,CVCL_0459,33846,34420
Cytarabine,CVCL_0480,26505,26892
Cytarabine,CVCL_0504,11673,12205
Cytarabine,CVCL_0546,36771,37661
Cytarabine,CVCL_1055,8217,8413
Cytarabine,CVCL_1056,15830,16032
Cytarabine,CVCL_1094,9310,9795
Cytarabine,CVCL_1097,10495,10822
Cytarabine,CVCL_1098,4749,5075
Cytarabine,CVCL_1119,15143,15489
Cytarabine,CVCL_1125,3404,3593
Cytarabine,CVCL_1239,6114,6226
Cytarabine,CVCL_1285,18808,19150
Cytarabine,CVCL_1381,12521,12769
Cytarabine,CVCL_1478,11168,12302
Cytarabine,CVCL_1495,10846,11016
Cytarabine,CVCL_1517,7057,7235
Cytarabine,CVCL_1531,138,183
Cytarabine,CVCL_1547,8997,9180
Cytarabine,CVCL_1550,11608,12188
Cytarabine,CVCL_1571,87,148
Cytarabine,CVCL_1577,792,893
Cytarabine,CVCL_1635,10085,10290
Cytarabine,CVCL_1666,9431,9748
Cytarabine,CVCL_1693,18776,19559
Cytarabine,CVCL_1715,456,518
Cytarabine,CVCL_1716,1144,1201
Cytarabine,CVCL_1717,10632,11150
Cytarabine,CVCL_1724,5422,5757
Cytarabine,CVCL_1731,10105,10352
Cytarabine,CVCL_C466,7926,8155
Cytarabine (hydrochloride),CVCL_0023,4551,4662
Cytarabine (hydrochloride),CVCL_0028,1246,1354
Cytarabine (hydrochloride),CVCL_0069,3981,4083
Cytarabine (hydrochloride),CVCL_0099,3864,4179
Cytarabine (hydrochloride),CVCL_0131,3889,3934
Cytarabine (hydrochloride),CVCL_0152,4145,4497
Cytarabine (hydrochloride),CVCL_0179,2678,2763
Cytarabine (hydrochloride),CVCL_0218,3531,3615
Cytarabine (hydrochloride),CVCL_0292,4083,4345
Cytarabine (hydrochloride),CVCL_0293,4337,4851
Cytarabine (hydrochloride),CVCL_0320,4571,4654
Cytarabine (hydrochloride),CVCL_0332,3478,3543
Cytarabine (hydrochloride),CVCL_0334,7758,8197
Cytarabine (hydrochloride),CVCL_0359,4287,4365
Cytarabine (hydrochloride),CVCL_0366,2301,2355
Cytarabine (hydrochloride),CVCL_0371,4729,4846
Cytarabine (hydrochloride),CVCL_0397,3779,3993
Cytarabine (hydrochloride),CVCL_0399,5794,6216
Cytarabine (hydrochloride),CVCL_0428,7367,7464
Cytarabine (hydrochloride),CVCL_0459,11515,11743
Cytarabine (hydrochloride),CVCL_0480,9101,9262
Cytarabine (hydrochloride),CVCL_0504,4324,4542
Cytarabine (hydrochloride),CVCL_0546,13921,14259
Cytarabine (hydrochloride),CVCL_1055,3243,3348
Cytarabine (hydrochloride),CVCL_1056,5182,5255
Cytarabine (hydrochloride),CVCL_1094,4018,4292
Cytarabine (hydrochloride),CVCL_1097,3657,3807
Cytarabine (hydrochloride),CVCL_1098,1817,1967
Cytarabine (hydrochloride),CVCL_1119,5964,6139
Cytarabine (hydrochloride),CVCL_1125,1626,1727
Cytarabine (hydrochloride),CVCL_1239,1893,1918
Cytarabine (hydrochloride),CVCL_1285,6294,6441
Cytarabine (hydrochloride),CVCL_1381,4492,4591
Cytarabine (hydrochloride),CVCL_1478,4051,4723
Cytarabine (hydrochloride),CVCL_1495,4157,4224
Cytarabine (hydrochloride),CVCL_1517,2408,2471
Cytarabine (hydrochloride),CVCL_1531,45,60
Cytarabine (hydrochloride),CVCL_1547,3077,3142
Cytarabine (hydrochloride),CVCL_1550,4741,5016
Cytarabine (hydrochloride),CVCL_1571,22,36
Cytarabine (hydrochloride),CVCL_1577,269,295
Cytarabine (hydrochloride),CVCL_1635,4065,4135
Cytarabine (hydrochloride),CVCL_1666,3749,3901
Cytarabine (hydrochloride),CVCL_1693,7983,8370
Cytarabine (hydrochloride),CVCL_1715,128,149
Cytarabine (hydrochloride),CVCL_1716,385,408
Cytarabine (hydrochloride),CVCL_1717,4219,4445
Cytarabine (hydrochloride),CVCL_1724,1969,2123
Cytarabine (hydrochloride),CVCL_1731,3520,3594
Cytarabine (hydrochloride),CVCL_C466,2765,2888
DMSO_TF,CVCL_0023,60135,62836
DMSO_TF,CVCL_0028,13778,15446
DMSO_TF,CVCL_0069,35843,37501
DMSO_TF,CVCL_0099,29414,32550
DMSO_TF,CVCL_0131,56447,57421
DMSO_TF,CVCL_0152,51407,56628
DMSO_TF,CVCL_0179,31009,32310
DMSO_TF,CVCL_0218,32353,34320
DMSO_TF,CVCL_0292,34053,38521
DMSO_TF,CVCL_0293,54333,60152
DMSO_TF,CVCL_0320,50552,52506
DMSO_TF,CVCL_0332,39854,40995
DMSO_TF,CVCL_0334,55202,60761
DMSO_TF,CVCL_0359,56439,57781
DMSO_TF,CVCL_0366,36803,37646
DMSO_TF,CVCL_0371,51949,54483
DMSO_TF,CVCL_0397,41614,44404
DMSO_TF,CVCL_0399,67833,74255
DMSO_TF,CVCL_0428,56383,57678
DMSO_TF,CVCL_0459,126345,131593
DMSO_TF,CVCL_0480,95259,97098
DMSO_TF,CVCL_0504,54386,59271
DMSO_TF,CVCL_0546,139224,147988
DMSO_TF,CVCL_1055,35415,36517
DMSO_TF,CVCL_1056,64417,65432
DMSO_TF,CVCL_1094,34685,37735
DMSO_TF,CVCL_1097,49119,51984
DMSO_TF,CVCL_1098,29046,31538
DMSO_TF,CVCL_1119,51178,53365
DMSO_TF,CVCL_1125,11219,12431
DMSO_TF,CVCL_1239,24306,25187
DMSO_TF,CVCL_1285,75431,78130
DMSO_TF,CVCL_1381,52427,54047
DMSO_TF,CVCL_1478,46867,52500
DMSO_TF,CVCL_1495,42864,44125
DMSO_TF,CVCL_1517,46472,47619
DMSO_TF,CVCL_1531,610,817
DMSO_TF,CVCL_1547,43557,45150
DMSO_TF,CVCL_1550,48845,51980
DMSO_TF,CVCL_1571,345,586
DMSO_TF,CVCL_1577,3206,3532
DMSO_TF,CVCL_1635,37487,38855
DMSO_TF,CVCL_1666,36612,39343
DMSO_TF,CVCL_1693,50344,54459
DMSO_TF,CVCL_1715,3254,3552
DMSO_TF,CVCL_1716,4940,5423
DMSO_TF,CVCL_1717,43500,46281
DMSO_TF,CVCL_1724,22444,24267
DMSO_TF,CVCL_1731,38161,40061
DMSO_TF,CVCL_C466,38420,41096
DT-061,CVCL_0023,5343,5561
DT-061,CVCL_0028,1350,1531
DT-061,CVCL_0069,2612,2753
DT-061,CVCL_0099,1656,1811
DT-061,CVCL_0131,5711,5787
DT-061,CVCL_0152,5335,5854
DT-061,CVCL_0179,3164,3260
DT-061,CVCL_0218,2976,3141
DT-061,CVCL_0292,2666,3051
DT-061,CVCL_0293,6355,6881
DT-061,CVCL_0320,4611,4860
DT-061,CVCL_0332,3122,3212
DT-061,CVCL_0334,2283,2500
DT-061,CVCL_0359,4495,4648
DT-061,CVCL_0366,3411,3516
DT-061,CVCL_0371,5131,5383
DT-061,CVCL_0397,4140,4362
DT-061,CVCL_0399,7099,7704
DT-061,CVCL_0428,2353,2437
DT-061,CVCL_0459,10458,10920
DT-061,CVCL_0480,6095,6226
DT-061,CVCL_0504,4854,5325
DT-061,CVCL_0546,11413,12146
DT-061,CVCL_1055,2872,2948
DT-061,CVCL_1056,4585,4635
DT-061,CVCL_1094,3069,3294
DT-061,CVCL_1097,4315,4548
DT-061,CVCL_1098,3292,3555
DT-061,CVCL_1119,4374,4567
DT-061,CVCL_1125,741,820
DT-061,CVCL_1239,1773,1870
DT-061,CVCL_1285,5871,6135
DT-061,CVCL_1381,4220,4404
DT-061,CVCL_1478,4387,4819
DT-061,CVCL_1495,3188,3323
DT-061,CVCL_1517,5398,5498
DT-061,CVCL_1531,73,95
DT-061,CVCL_1547,4137,4319
DT-061,CVCL_1550,4690,4986
DT-061,CVCL_1571,29,50
DT-061,CVCL_1577,260,297
DT-061,CVCL_1635,3433,3584
DT-061,CVCL_1666,3146,3384
DT-061,CVCL_1693,2422,2688
DT-061,CVCL_1715,445,497
DT-061,CVCL_1716,486,532
DT-061,CVCL_1717,4289,4545
DT-061,CVCL_1724,2288,2429
DT-061,CVCL_1731,3292,3525
DT-061,CVCL_C466,3914,4222
DTP3,CVCL_0023,7169,7521
DTP3,CVCL_0028,1575,1754
DTP3,CVCL_0069,4588,4797
DTP3,CVCL_0099,3736,3988
DTP3,CVCL_0131,6824,6937
DTP3,CVCL_0152,6400,7020
DTP3,CVCL_0179,4234,4347
DTP3,CVCL_0218,4036,4244
DTP3,CVCL_0292,4268,4699
DTP3,CVCL_0293,7557,8219
DTP3,CVCL_0320,6424,6746
DTP3,CVCL_0332,4389,4501
DTP3,CVCL_0334,6126,6438
DTP3,CVCL_0359,6440,6650
DTP3,CVCL_0366,4084,4205
DTP3,CVCL_0371,6538,6863
DTP3,CVCL_0397,5128,5446
DTP3,CVCL_0399,8382,9141
DTP3,CVCL_0428,5750,5879
DTP3,CVCL_0459,15263,16011
DTP3,CVCL_0480,10677,10925
DTP3,CVCL_0504,6066,6704
DTP3,CVCL_0546,17516,18572
DTP3,CVCL_1055,4109,4248
DTP3,CVCL_1056,6895,7011
DTP3,CVCL_1094,4143,4391
DTP3,CVCL_1097,5679,5965
DTP3,CVCL_1098,3647,3995
DTP3,CVCL_1119,6781,7028
DTP3,CVCL_1125,1483,1576
DTP3,CVCL_1239,2408,2526
DTP3,CVCL_1285,8557,8944
DTP3,CVCL_1381,6093,6333
DTP3,CVCL_1478,5928,6489
DTP3,CVCL_1495,5010,5234
DTP3,CVCL_1517,6145,6290
DTP3,CVCL_1531,66,84
DTP3,CVCL_1547,5197,5420
DTP3,CVCL_1550,6555,6904
DTP3,CVCL_1571,38,88
DTP3,CVCL_1577,386,429
DTP3,CVCL_1635,4905,5099
DTP3,CVCL_1666,4428,4728
DTP3,CVCL_1693,6848,7191
DTP3,CVCL_1715,459,541
DTP3,CVCL_1716,563,613
DTP3,CVCL_1717,5902,6234
DTP3,CVCL_1724,2917,3126
DTP3,CVCL_1731,4786,5082
DTP3,CVCL_C466,4615,4924
Dabrafenib,CVCL_0023,7555,7643
Dabrafenib,CVCL_0028,1602,1704
Dabrafenib,CVCL_0069,3030,3104
Dabrafenib,CVCL_0099,1982,2103
Dabrafenib,CVCL_0131,7079,7120
Dabrafenib,CVCL_0152,7264,7737
Dabrafenib,CVCL_0179,3811,3912
Dabrafenib,CVCL_0218,3957,4053
Dabrafenib,CVCL_0292,3877,4303
Dabrafenib,CVCL_0293,9044,9538
Dabrafenib,CVCL_0320,6359,6489
Dabrafenib,CVCL_0332,3992,4061
Dabrafenib,CVCL_0334,3267,3483
Dabrafenib,CVCL_0359,5649,5701
Dabrafenib,CVCL_0366,4573,4653
Dabrafenib,CVCL_0371,6723,6894
Dabrafenib,CVCL_0397,6051,6350
Dabrafenib,CVCL_0399,9594,10296
Dabrafenib,CVCL_0428,3162,3197
Dabrafenib,CVCL_0459,16798,17070
Dabrafenib,CVCL_0480,8233,8371
Dabrafenib,CVCL_0504,5810,5997
Dabrafenib,CVCL_0546,15982,16494
Dabrafenib,CVCL_1055,3472,3541
Dabrafenib,CVCL_1056,6202,6278
Dabrafenib,CVCL_1094,3689,3787
Dabrafenib,CVCL_1097,5956,6202
Dabrafenib,CVCL_1098,4756,5015
Dabrafenib,CVCL_1119,5647,5756
Dabrafenib,CVCL_1125,1808,1888
Dabrafenib,CVCL_1239,2509,2552
Dabrafenib,CVCL_1285,8679,8813
Dabrafenib,CVCL_1381,5116,5187
Dabrafenib,CVCL_1478,5567,6070
Dabrafenib,CVCL_1495,4795,4868
Dabrafenib,CVCL_1517,7632,7740
Dabrafenib,CVCL_1531,88,106
Dabrafenib,CVCL_1547,5067,5144
Dabrafenib,CVCL_1550,6055,6438
Dabrafenib,CVCL_1571,38,61
Dabrafenib,CVCL_1577,298,322
Dabrafenib,CVCL_1635,4673,4755
Dabrafenib,CVCL_1666,4579,4786
Dabrafenib,CVCL_1693,3389,3528
Dabrafenib,CVCL_1715,950,972
Dabrafenib,CVCL_1716,748,788
Dabrafenib,CVCL_1717,5833,6074
Dabrafenib,CVCL_1724,3212,3376
Dabrafenib,CVCL_1731,4672,4803
Dabrafenib,CVCL_C466,6367,6609
Daidzin,CVCL_0023,12153,12601
Daidzin,CVCL_0028,2824,3195
Daidzin,CVCL_0069,9028,9341
Daidzin,CVCL_0099,8661,9361
Daidzin,CVCL_0131,9453,9654
Daidzin,CVCL_0152,8801,9611
Daidzin,CVCL_0179,5559,5784
Daidzin,CVCL_0218,7164,7423
Daidzin,CVCL_0292,8710,9423
Daidzin,CVCL_0293,10089,11411
Daidzin,CVCL_0320,10162,10576
Daidzin,CVCL_0332,9750,10051
Daidzin,CVCL_0334,18135,19292
Daidzin,CVCL_0359,11696,11955
Daidzin,CVCL_0366,6930,7186
Daidzin,CVCL_0371,10412,10834
Daidzin,CVCL_0397,8439,8986
Daidzin,CVCL_0399,13158,14196
Daidzin,CVCL_0428,17189,17666
Daidzin,CVCL_0459,31765,32711
Daidzin,CVCL_0480,24123,24616
Daidzin,CVCL_0504,10428,11118
Daidzin,CVCL_0546,31356,32658
Daidzin,CVCL_1055,7707,7972
Daidzin,CVCL_1056,15151,15445
Daidzin,CVCL_1094,8089,8721
Daidzin,CVCL_1097,8929,9356
Daidzin,CVCL_1098,4747,5156
Daidzin,CVCL_1119,13211,13792
Daidzin,CVCL_1125,3526,3787
Daidzin,CVCL_1239,6463,6653
Daidzin,CVCL_1285,16740,17220
Daidzin,CVCL_1381,12463,12871
Daidzin,CVCL_1478,8729,10014
Daidzin,CVCL_1495,10276,10521
Daidzin,CVCL_1517,6595,6800
Daidzin,CVCL_1531,116,191
Daidzin,CVCL_1547,8378,8689
Daidzin,CVCL_1550,10226,10868
Daidzin,CVCL_1571,102,193
Daidzin,CVCL_1577,685,793
Daidzin,CVCL_1635,8766,9011
Daidzin,CVCL_1666,8555,8978
Daidzin,CVCL_1693,16921,17868
Daidzin,CVCL_1715,375,475
Daidzin,CVCL_1716,881,957
Daidzin,CVCL_1717,8776,9382
Daidzin,CVCL_1724,4361,4722
Daidzin,CVCL_1731,9254,9666
Daidzin,CVCL_C466,7515,7852
Dapagliflozin,CVCL_0023,8900,8995
Dapagliflozin,CVCL_0028,1915,1976
Dapagliflozin,CVCL_0069,5821,5918
Dapagliflozin,CVCL_0099,6343,6560
Dapagliflozin,CVCL_0131,6816,6842
Dapagliflozin,CVCL_0152,7070,7450
Dapagliflozin,CVCL_0179,4165,4233
Dapagliflozin,CVCL_0218,5647,5721
Dapagliflozin,CVCL_0292,6578,6797
Dapagliflozin,CVCL_0293,7794,8502
Dapagliflozin,CVCL_0320,7553,7673
Dapagliflozin,CVCL_0332,7220,7321
Dapagliflozin,CVCL_0334,15559,15996
Dapagliflozin,CVCL_0359,8129,8198
Dapagliflozin,CVCL_0366,5243,5349
Dapagliflozin,CVCL_0371,7599,7724
Dapagliflozin,CVCL_0397,6858,7187
Dapagliflozin,CVCL_0399,9256,9791
Dapagliflozin,CVCL_0428,12633,12733
Dapagliflozin,CVCL_0459,26668,26858
Dapagliflozin,CVCL_0480,17707,17968
Dapagliflozin,CVCL_0504,8258,8436
Dapagliflozin,CVCL_0546,25174,25566
Dapagliflozin,CVCL_1055,4521,4715
Dapagliflozin,CVCL_1056,11088,11256
Dapagliflozin,CVCL_1094,5688,5855
Dapagliflozin,CVCL_1097,7461,7568
Dapagliflozin,CVCL_1098,3359,3540
Dapagliflozin,CVCL_1119,8343,8516
Dapagliflozin,CVCL_1125,2605,2676
Dapagliflozin,CVCL_1239,4851,4888
Dapagliflozin,CVCL_1285,12917,13036
Dapagliflozin,CVCL_1381,8257,8375
Dapagliflozin,CVCL_1478,7202,8137
Dapagliflozin,CVCL_1495,7412,7480
Dapagliflozin,CVCL_1517,4893,5076
Dapagliflozin,CVCL_1531,59,74
Dapagliflozin,CVCL_1547,6386,6484
Dapagliflozin,CVCL_1550,6671,7156
Dapagliflozin,CVCL_1571,36,52
Dapagliflozin,CVCL_1577,445,477
Dapagliflozin,CVCL_1635,6097,6168
Dapagliflozin,CVCL_1666,6608,6705
Dapagliflozin,CVCL_1693,11921,12247
Dapagliflozin,CVCL_1715,336,353
Dapagliflozin,CVCL_1716,685,704
Dapagliflozin,CVCL_1717,6716,7006
Dapagliflozin,CVCL_1724,3340,3441
Dapagliflozin,CVCL_1731,6966,7051
Dapagliflozin,CVCL_C466,6247,6330
"Dapagliflozin ((2S)-1,2-propanediol, hydrate)",CVCL_0023,2604,2862
"Dapagliflozin ((2S)-1,2-propanediol, hydrate)",CVCL_0028,634,765
"Dapagliflozin ((2S)-1,2-propanediol, hydrate)",CVCL_0069,2500,2659
"Dapagliflozin ((2S)-1,2-propanediol, hydrate)",CVCL_0099,2256,2588
"Dapagliflozin ((2S)-1,2-propanediol, hydrate)",CVCL_0131,2293,2383
"Dapagliflozin ((2S)-1,2-propanediol, hydrate)",CVCL_0152,2400,2718
"Dapagliflozin ((2S)-1,2-propanediol, hydrate)",CVCL_0179,1747,1833
"Dapagliflozin ((2S)-1,2-propanediol, hydrate)",CVCL_0218,2132,2305
"Dapagliflozin ((2S)-1,2-propanediol, hydrate)",CVCL_0292,2183,2481
"Dapagliflozin ((2S)-1,2-propanediol, hydrate)",CVCL_0293,2530,2916
"Dapagliflozin ((2S)-1,2-propanediol, hydrate)",CVCL_0320,2850,2983
"Dapagliflozin ((2S)-1,2-propanediol, hydrate)",CVCL_0332,2058,2153
"Dapagliflozin ((2S)-1,2-propanediol, hydrate)",CVCL_0334,4333,4912
"Dapagliflozin ((2S)-1,2-propanediol, hydrate)",CVCL_0359,2504,2632
"Dapagliflozin ((2S)-1,2-propanediol, hydrate)",CVCL_0366,1266,1324
"Dapagliflozin ((2S)-1,2-propanediol, hydrate)",CVCL_0371,2984,3188
"Dapagliflozin ((2S)-1,2-propanediol, hydrate)",CVCL_0397,2332,2466
"Dapagliflozin ((2S)-1,2-propanediol, hydrate)",CVCL_0399,3611,3930
"Dapagliflozin ((2S)-1,2-propanediol, hydrate)",CVCL_0428,4801,5003
"Dapagliflozin ((2S)-1,2-propanediol, hydrate)",CVCL_0459,6804,7199
"Dapagliflozin ((2S)-1,2-propanediol, hydrate)",CVCL_0480,6004,6153
"Dapagliflozin ((2S)-1,2-propanediol, hydrate)",CVCL_0504,2738,3181
"Dapagliflozin ((2S)-1,2-propanediol, hydrate)",CVCL_0546,8764,9556
"Dapagliflozin ((2S)-1,2-propanediol, hydrate)",CVCL_1055,2324,2411
"Dapagliflozin ((2S)-1,2-propanediol, hydrate)",CVCL_1056,3033,3104
"Dapagliflozin ((2S)-1,2-propanediol, hydrate)",CVCL_1094,2087,2372
"Dapagliflozin ((2S)-1,2-propanediol, hydrate)",CVCL_1097,2021,2215
"Dapagliflozin ((2S)-1,2-propanediol, hydrate)",CVCL_1098,1036,1153
"Dapagliflozin ((2S)-1,2-propanediol, hydrate)",CVCL_1119,3940,4146
"Dapagliflozin ((2S)-1,2-propanediol, hydrate)",CVCL_1125,927,1063
"Dapagliflozin ((2S)-1,2-propanediol, hydrate)",CVCL_1239,1390,1462
"Dapagliflozin ((2S)-1,2-propanediol, hydrate)",CVCL_1285,3575,3810
"Dapagliflozin ((2S)-1,2-propanediol, hydrate)",CVCL_1381,3096,3290
"Dapagliflozin ((2S)-1,2-propanediol, hydrate)",CVCL_1478,2505,2935
"Dapagliflozin ((2S)-1,2-propanediol, hydrate)",CVCL_1495,2748,2871
"Dapagliflozin ((2S)-1,2-propanediol, hydrate)",CVCL_1517,1440,1495
"Dapagliflozin ((2S)-1,2-propanediol, hydrate)",CVCL_1531,37,47
"Dapagliflozin ((2S)-1,2-propanediol, hydrate)",CVCL_1547,2059,2171
"Dapagliflozin ((2S)-1,2-propanediol, hydrate)",CVCL_1550,3110,3301
"Dapagliflozin ((2S)-1,2-propanediol, hydrate)",CVCL_1571,25,48
"Dapagliflozin ((2S)-1,2-propanediol, hydrate)",CVCL_1577,215,243
"Dapagliflozin ((2S)-1,2-propanediol, hydrate)",CVCL_1635,2434,2539
"Dapagliflozin ((2S)-1,2-propanediol, hydrate)",CVCL_1666,1981,2198
"Dapagliflozin ((2S)-1,2-propanediol, hydrate)",CVCL_1693,4310,4773
"Dapagliflozin ((2S)-1,2-propanediol, hydrate)",CVCL_1715,88,105
"Dapagliflozin ((2S)-1,2-propanediol, hydrate)",CVCL_1716,236,263
"Dapagliflozin ((2S)-1,2-propanediol, hydrate)",CVCL_1717,2452,2677
"Dapagliflozin ((2S)-1,2-propanediol, hydrate)",CVCL_1724,1175,1313
"Dapagliflozin ((2S)-1,2-propanediol, hydrate)",CVCL_1731,2068,2229
"Dapagliflozin ((2S)-1,2-propanediol, hydrate)",CVCL_C466,1245,1373
Daptomycin,CVCL_0023,5194,5340
Daptomycin,CVCL_0028,1124,1229
Daptomycin,CVCL_0069,4554,4712
Daptomycin,CVCL_0099,3725,3996
Daptomycin,CVCL_0131,4748,4826
Daptomycin,CVCL_0152,5639,5975
Daptomycin,CVCL_0179,3315,3422
Daptomycin,CVCL_0218,2858,2936
Daptomycin,CVCL_0292,4083,4377
Daptomycin,CVCL_0293,4838,5388
Daptomycin,CVCL_0320,4447,4611
Daptomycin,CVCL_0332,3722,3839
Daptomycin,CVCL_0334,9247,9735
Daptomycin,CVCL_0359,4544,4682
Daptomycin,CVCL_0366,2635,2763
Daptomycin,CVCL_0371,4390,4586
Daptomycin,CVCL_0397,4178,4363
Daptomycin,CVCL_0399,6107,6546
Daptomycin,CVCL_0428,7745,7974
Daptomycin,CVCL_0459,11747,12024
Daptomycin,CVCL_0480,11046,11328
Daptomycin,CVCL_0504,3947,4258
Daptomycin,CVCL_0546,13028,13484
Daptomycin,CVCL_1055,3534,3713
Daptomycin,CVCL_1056,6486,6665
Daptomycin,CVCL_1094,3906,4141
Daptomycin,CVCL_1097,4307,4431
Daptomycin,CVCL_1098,2481,2653
Daptomycin,CVCL_1119,6691,6968
Daptomycin,CVCL_1125,1849,1949
Daptomycin,CVCL_1239,1334,1387
Daptomycin,CVCL_1285,6870,7035
Daptomycin,CVCL_1381,4492,4653
Daptomycin,CVCL_1478,5172,5598
Daptomycin,CVCL_1495,4879,4976
Daptomycin,CVCL_1517,2762,2893
Daptomycin,CVCL_1531,53,78
Daptomycin,CVCL_1547,2533,2678
Daptomycin,CVCL_1550,5583,5948
Daptomycin,CVCL_1571,45,78
Daptomycin,CVCL_1577,338,377
Daptomycin,CVCL_1635,4163,4274
Daptomycin,CVCL_1666,2910,3048
Daptomycin,CVCL_1693,8528,8993
Daptomycin,CVCL_1715,130,154
Daptomycin,CVCL_1716,456,483
Daptomycin,CVCL_1717,4323,4590
Daptomycin,CVCL_1724,2137,2296
Daptomycin,CVCL_1731,3888,4034
Daptomycin,CVCL_C466,2530,2627
Darinaparsin,CVCL_0023,6756,6978
Darinaparsin,CVCL_0028,1917,2139
Darinaparsin,CVCL_0069,3733,3896
Darinaparsin,CVCL_0099,2080,2274
Darinaparsin,CVCL_0131,7435,7534
Darinaparsin,CVCL_0152,7113,7731
Darinaparsin,CVCL_0179,3874,4069
Darinaparsin,CVCL_0218,3978,4164
Darinaparsin,CVCL_0292,3510,3992
Darinaparsin,CVCL_0293,7340,8004
Darinaparsin,CVCL_0320,5625,5880
Darinaparsin,CVCL_0332,3697,3835
Darinaparsin,CVCL_0334,2698,3051
Darinaparsin,CVCL_0359,6600,6731
Darinaparsin,CVCL_0366,4267,4396
Darinaparsin,CVCL_0371,5804,6076
Darinaparsin,CVCL_0397,4468,4768
Darinaparsin,CVCL_0399,8877,9670
Darinaparsin,CVCL_0428,3394,3483
Darinaparsin,CVCL_0459,11477,11967
Darinaparsin,CVCL_0480,8285,8511
Darinaparsin,CVCL_0504,5606,6086
Darinaparsin,CVCL_0546,14108,14947
Darinaparsin,CVCL_1055,4016,4144
Darinaparsin,CVCL_1056,6133,6246
Darinaparsin,CVCL_1094,3981,4172
Darinaparsin,CVCL_1097,5559,5862
Darinaparsin,CVCL_1098,4246,4611
Darinaparsin,CVCL_1119,5607,5817
Darinaparsin,CVCL_1125,1042,1141
Darinaparsin,CVCL_1239,1920,2000
Darinaparsin,CVCL_1285,8031,8394
Darinaparsin,CVCL_1381,5183,5400
Darinaparsin,CVCL_1478,5945,6580
Darinaparsin,CVCL_1495,4377,4530
Darinaparsin,CVCL_1517,5826,5975
Darinaparsin,CVCL_1531,81,115
Darinaparsin,CVCL_1547,4684,4856
Darinaparsin,CVCL_1550,6116,6528
Darinaparsin,CVCL_1571,49,68
Darinaparsin,CVCL_1577,313,350
Darinaparsin,CVCL_1635,4054,4185
Darinaparsin,CVCL_1666,3747,4049
Darinaparsin,CVCL_1693,3601,3839
Darinaparsin,CVCL_1715,423,462
Darinaparsin,CVCL_1716,584,649
Darinaparsin,CVCL_1717,5054,5323
Darinaparsin,CVCL_1724,2850,3059
Darinaparsin,CVCL_1731,3987,4226
Darinaparsin,CVCL_C466,4325,4642
Darolutamide,CVCL_0023,7506,7805
Darolutamide,CVCL_0028,1120,1327
Darolutamide,CVCL_0069,4501,4693
Darolutamide,CVCL_0099,3719,4254
Darolutamide,CVCL_0131,5588,5673
Darolutamide,CVCL_0152,4873,5377
Darolutamide,CVCL_0179,2750,2865
Darolutamide,CVCL_0218,4002,4206
Darolutamide,CVCL_0292,3916,4510
Darolutamide,CVCL_0293,5803,6485
Darolutamide,CVCL_0320,6150,6332
Darolutamide,CVCL_0332,6750,6866
Darolutamide,CVCL_0334,11729,12707
Darolutamide,CVCL_0359,6871,7011
Darolutamide,CVCL_0366,4674,4785
Darolutamide,CVCL_0371,5979,6208
Darolutamide,CVCL_0397,5254,5567
Darolutamide,CVCL_0399,6834,7377
Darolutamide,CVCL_0428,11244,11424
Darolutamide,CVCL_0459,20632,21276
Darolutamide,CVCL_0480,15680,15848
Darolutamide,CVCL_0504,5878,6505
Darolutamide,CVCL_0546,17717,18686
Darolutamide,CVCL_1055,3597,3688
Darolutamide,CVCL_1056,10495,10630
Darolutamide,CVCL_1094,3420,3903
Darolutamide,CVCL_1097,5158,5531
Darolutamide,CVCL_1098,2177,2415
Darolutamide,CVCL_1119,7056,7337
Darolutamide,CVCL_1125,1734,1950
Darolutamide,CVCL_1239,3906,3990
Darolutamide,CVCL_1285,11411,11758
Darolutamide,CVCL_1381,6912,7123
Darolutamide,CVCL_1478,4932,5535
Darolutamide,CVCL_1495,6372,6501
Darolutamide,CVCL_1517,4854,4969
Darolutamide,CVCL_1531,94,130
Darolutamide,CVCL_1547,5206,5351
Darolutamide,CVCL_1550,5839,6099
Darolutamide,CVCL_1571,74,115
Darolutamide,CVCL_1577,381,408
Darolutamide,CVCL_1635,4934,5085
Darolutamide,CVCL_1666,5019,5373
Darolutamide,CVCL_1693,7096,7749
Darolutamide,CVCL_1715,299,350
Darolutamide,CVCL_1716,512,558
Darolutamide,CVCL_1717,4955,5275
Darolutamide,CVCL_1724,2305,2552
Darolutamide,CVCL_1731,5777,5992
Darolutamide,CVCL_C466,4622,4920
Decitabine,CVCL_0023,3744,4477
Decitabine,CVCL_0028,507,738
Decitabine,CVCL_0069,3004,3364
Decitabine,CVCL_0099,1953,2660
Decitabine,CVCL_0131,3253,3564
Decitabine,CVCL_0152,2637,3273
Decitabine,CVCL_0179,1698,1896
Decitabine,CVCL_0218,2083,2583
Decitabine,CVCL_0292,2050,2803
Decitabine,CVCL_0293,3187,3751
Decitabine,CVCL_0320,3673,4140
Decitabine,CVCL_0332,3295,3546
Decitabine,CVCL_0334,5319,6749
Decitabine,CVCL_0359,3952,4301
Decitabine,CVCL_0366,2343,2534
Decitabine,CVCL_0371,3591,4138
Decitabine,CVCL_0397,2871,3183
Decitabine,CVCL_0399,4335,5077
Decitabine,CVCL_0428,6569,7179
Decitabine,CVCL_0459,8493,9882
Decitabine,CVCL_0480,9164,9563
Decitabine,CVCL_0504,2669,3844
Decitabine,CVCL_0546,9045,11040
Decitabine,CVCL_1055,2879,3022
Decitabine,CVCL_1056,5476,5677
Decitabine,CVCL_1094,1512,2191
Decitabine,CVCL_1097,2160,2712
Decitabine,CVCL_1098,980,1213
Decitabine,CVCL_1119,5088,5705
Decitabine,CVCL_1125,797,1110
Decitabine,CVCL_1239,1732,1939
Decitabine,CVCL_1285,5786,6647
Decitabine,CVCL_1381,4295,4790
Decitabine,CVCL_1478,3279,3800
Decitabine,CVCL_1495,4018,4343
Decitabine,CVCL_1517,2292,2437
Decitabine,CVCL_1531,60,90
Decitabine,CVCL_1547,2894,3223
Decitabine,CVCL_1550,4583,4904
Decitabine,CVCL_1571,45,100
Decitabine,CVCL_1577,255,300
Decitabine,CVCL_1635,3441,3783
Decitabine,CVCL_1666,2323,2925
Decitabine,CVCL_1693,3732,4841
Decitabine,CVCL_1715,89,137
Decitabine,CVCL_1716,243,319
Decitabine,CVCL_1717,2811,3270
Decitabine,CVCL_1724,1118,1384
Decitabine,CVCL_1731,2819,3303
Decitabine,CVCL_C466,1591,2034
Delamanid,CVCL_0023,6638,6791
Delamanid,CVCL_0028,1146,1251
Delamanid,CVCL_0069,4503,4619
Delamanid,CVCL_0099,4086,4423
Delamanid,CVCL_0131,5097,5156
Delamanid,CVCL_0152,4887,5298
Delamanid,CVCL_0179,2882,2978
Delamanid,CVCL_0218,3792,3887
Delamanid,CVCL_0292,4324,4730
Delamanid,CVCL_0293,5281,5851
Delamanid,CVCL_0320,5635,5739
Delamanid,CVCL_0332,5180,5265
Delamanid,CVCL_0334,10609,11238
Delamanid,CVCL_0359,6236,6297
Delamanid,CVCL_0366,3588,3660
Delamanid,CVCL_0371,5721,5879
Delamanid,CVCL_0397,4826,5067
Delamanid,CVCL_0399,6770,7225
Delamanid,CVCL_0428,10220,10361
Delamanid,CVCL_0459,17425,17760
Delamanid,CVCL_0480,13804,13964
Delamanid,CVCL_0504,5786,6179
Delamanid,CVCL_0546,18015,18679
Delamanid,CVCL_1055,3610,3710
Delamanid,CVCL_1056,8436,8533
Delamanid,CVCL_1094,3587,3864
Delamanid,CVCL_1097,5142,5351
Delamanid,CVCL_1098,1969,2114
Delamanid,CVCL_1119,6735,6947
Delamanid,CVCL_1125,1906,2014
Delamanid,CVCL_1239,3172,3223
Delamanid,CVCL_1285,10239,10410
Delamanid,CVCL_1381,6383,6496
Delamanid,CVCL_1478,5363,6130
Delamanid,CVCL_1495,5629,5694
Delamanid,CVCL_1517,3698,3805
Delamanid,CVCL_1531,45,58
Delamanid,CVCL_1547,4539,4623
Delamanid,CVCL_1550,5483,5804
Delamanid,CVCL_1571,45,69
Delamanid,CVCL_1577,368,397
Delamanid,CVCL_1635,4711,4792
Delamanid,CVCL_1666,4763,4934
Delamanid,CVCL_1693,7731,8201
Delamanid,CVCL_1715,283,293
Delamanid,CVCL_1716,530,565
Delamanid,CVCL_1717,4863,5130
Delamanid,CVCL_1724,2225,2387
Delamanid,CVCL_1731,5152,5290
Delamanid,CVCL_C466,4028,4207
Demeclocycline,CVCL_0023,7599,7793
Demeclocycline,CVCL_0028,1836,2014
Demeclocycline,CVCL_0069,3866,4012
Demeclocycline,CVCL_0099,2178,2330
Demeclocycline,CVCL_0131,7785,7873
Demeclocycline,CVCL_0152,7479,8129
Demeclocycline,CVCL_0179,3978,4095
Demeclocycline,CVCL_0218,4078,4222
Demeclocycline,CVCL_0292,3490,3951
Demeclocycline,CVCL_0293,7620,8342
Demeclocycline,CVCL_0320,5863,6036
Demeclocycline,CVCL_0332,3972,4089
Demeclocycline,CVCL_0334,3176,3455
Demeclocycline,CVCL_0359,7242,7369
Demeclocycline,CVCL_0366,5052,5173
Demeclocycline,CVCL_0371,6004,6248
Demeclocycline,CVCL_0397,4589,4914
Demeclocycline,CVCL_0399,9001,9850
Demeclocycline,CVCL_0428,3373,3461
Demeclocycline,CVCL_0459,13527,14008
Demeclocycline,CVCL_0480,9118,9335
Demeclocycline,CVCL_0504,6045,6475
Demeclocycline,CVCL_0546,14433,15255
Demeclocycline,CVCL_1055,4192,4288
Demeclocycline,CVCL_1056,7110,7230
Demeclocycline,CVCL_1094,3950,4119
Demeclocycline,CVCL_1097,6123,6369
Demeclocycline,CVCL_1098,4601,4970
Demeclocycline,CVCL_1119,5621,5810
Demeclocycline,CVCL_1125,1068,1160
Demeclocycline,CVCL_1239,2232,2297
Demeclocycline,CVCL_1285,8858,9137
Demeclocycline,CVCL_1381,5806,5971
Demeclocycline,CVCL_1478,5935,6589
Demeclocycline,CVCL_1495,4568,4692
Demeclocycline,CVCL_1517,6913,7064
Demeclocycline,CVCL_1531,91,117
Demeclocycline,CVCL_1547,5500,5650
Demeclocycline,CVCL_1550,6121,6447
Demeclocycline,CVCL_1571,48,82
Demeclocycline,CVCL_1577,311,342
Demeclocycline,CVCL_1635,4288,4424
Demeclocycline,CVCL_1666,4315,4590
Demeclocycline,CVCL_1693,3315,3550
Demeclocycline,CVCL_1715,562,607
Demeclocycline,CVCL_1716,648,720
Demeclocycline,CVCL_1717,5349,5624
Demeclocycline,CVCL_1724,2621,2807
Demeclocycline,CVCL_1731,4218,4420
Demeclocycline,CVCL_C466,5318,5629
Dexamethasone,CVCL_0023,5485,5583
Dexamethasone,CVCL_0028,1135,1273
Dexamethasone,CVCL_0069,4696,4800
Dexamethasone,CVCL_0099,4065,4486
Dexamethasone,CVCL_0131,4640,4686
Dexamethasone,CVCL_0152,4167,4527
Dexamethasone,CVCL_0179,2401,2531
Dexamethasone,CVCL_0218,4029,4127
Dexamethasone,CVCL_0292,4252,4629
Dexamethasone,CVCL_0293,5058,5578
Dexamethasone,CVCL_0320,5153,5236
Dexamethasone,CVCL_0332,3646,3710
Dexamethasone,CVCL_0334,7769,8438
Dexamethasone,CVCL_0359,4595,4658
Dexamethasone,CVCL_0366,2632,2693
Dexamethasone,CVCL_0371,5643,5783
Dexamethasone,CVCL_0397,4312,4511
Dexamethasone,CVCL_0399,6846,7245
Dexamethasone,CVCL_0428,8349,8463
Dexamethasone,CVCL_0459,13394,13697
Dexamethasone,CVCL_0480,11153,11332
Dexamethasone,CVCL_0504,5124,5394
Dexamethasone,CVCL_0546,17190,17637
Dexamethasone,CVCL_1055,3843,3975
Dexamethasone,CVCL_1056,5904,5987
Dexamethasone,CVCL_1094,3847,4111
Dexamethasone,CVCL_1097,4518,4641
Dexamethasone,CVCL_1098,1791,1940
Dexamethasone,CVCL_1119,6582,6741
Dexamethasone,CVCL_1125,1552,1640
Dexamethasone,CVCL_1239,2595,2627
Dexamethasone,CVCL_1285,7457,7541
Dexamethasone,CVCL_1381,5651,5737
Dexamethasone,CVCL_1478,4958,5727
Dexamethasone,CVCL_1495,4917,4971
Dexamethasone,CVCL_1517,2462,2555
Dexamethasone,CVCL_1531,38,51
Dexamethasone,CVCL_1547,4002,4078
Dexamethasone,CVCL_1550,4740,5082
Dexamethasone,CVCL_1571,27,36
Dexamethasone,CVCL_1577,312,332
Dexamethasone,CVCL_1635,4240,4319
Dexamethasone,CVCL_1666,4190,4323
Dexamethasone,CVCL_1693,7732,8137
Dexamethasone,CVCL_1715,150,165
Dexamethasone,CVCL_1716,435,452
Dexamethasone,CVCL_1717,4544,4829
Dexamethasone,CVCL_1724,2199,2358
Dexamethasone,CVCL_1731,4210,4295
Dexamethasone,CVCL_C466,2749,2861
Dexmedetomidine,CVCL_0023,4941,5116
Dexmedetomidine,CVCL_0028,1208,1473
Dexmedetomidine,CVCL_0069,4096,4289
Dexmedetomidine,CVCL_0099,3542,3925
Dexmedetomidine,CVCL_0131,4437,4567
Dexmedetomidine,CVCL_0152,4117,4610
Dexmedetomidine,CVCL_0179,2286,2474
Dexmedetomidine,CVCL_0218,3160,3346
Dexmedetomidine,CVCL_0292,4056,4370
Dexmedetomidine,CVCL_0293,4525,5112
Dexmedetomidine,CVCL_0320,4745,5047
Dexmedetomidine,CVCL_0332,4095,4285
Dexmedetomidine,CVCL_0334,6695,7594
Dexmedetomidine,CVCL_0359,5004,5182
Dexmedetomidine,CVCL_0366,2679,2904
Dexmedetomidine,CVCL_0371,4756,4977
Dexmedetomidine,CVCL_0397,3744,4018
Dexmedetomidine,CVCL_0399,6173,6615
Dexmedetomidine,CVCL_0428,8807,8994
Dexmedetomidine,CVCL_0459,12225,12608
Dexmedetomidine,CVCL_0480,11110,11474
Dexmedetomidine,CVCL_0504,4946,5263
Dexmedetomidine,CVCL_0546,13744,14242
Dexmedetomidine,CVCL_1055,3559,3758
Dexmedetomidine,CVCL_1056,6431,6664
Dexmedetomidine,CVCL_1094,3440,3781
Dexmedetomidine,CVCL_1097,4035,4224
Dexmedetomidine,CVCL_1098,1480,1669
Dexmedetomidine,CVCL_1119,6611,6859
Dexmedetomidine,CVCL_1125,1597,1761
Dexmedetomidine,CVCL_1239,2529,2650
Dexmedetomidine,CVCL_1285,8110,8470
Dexmedetomidine,CVCL_1381,5592,5939
Dexmedetomidine,CVCL_1478,3861,4648
Dexmedetomidine,CVCL_1495,4735,4937
Dexmedetomidine,CVCL_1517,2542,2748
Dexmedetomidine,CVCL_1531,81,161
Dexmedetomidine,CVCL_1547,3592,3710
Dexmedetomidine,CVCL_1550,4796,5229
Dexmedetomidine,CVCL_1571,61,136
Dexmedetomidine,CVCL_1577,368,460
Dexmedetomidine,CVCL_1635,4249,4392
Dexmedetomidine,CVCL_1666,3798,3958
Dexmedetomidine,CVCL_1693,6610,7020
Dexmedetomidine,CVCL_1715,165,252
Dexmedetomidine,CVCL_1716,443,510
Dexmedetomidine,CVCL_1717,3678,4011
Dexmedetomidine,CVCL_1724,1954,2119
Dexmedetomidine,CVCL_1731,3787,4119
Dexmedetomidine,CVCL_C466,2999,3240
Diammonium Glycyrrhizinate,CVCL_0023,8459,8916
Diammonium Glycyrrhizinate,CVCL_0028,2008,2324
Diammonium Glycyrrhizinate,CVCL_0069,4550,4820
Diammonium Glycyrrhizinate,CVCL_0099,2514,2842
Diammonium Glycyrrhizinate,CVCL_0131,8957,9100
Diammonium Glycyrrhizinate,CVCL_0152,8186,9178
Diammonium Glycyrrhizinate,CVCL_0179,4991,5113
Diammonium Glycyrrhizinate,CVCL_0218,4858,5202
Diammonium Glycyrrhizinate,CVCL_0292,3505,4282
Diammonium Glycyrrhizinate,CVCL_0293,9023,9857
Diammonium Glycyrrhizinate,CVCL_0320,7192,7515
Diammonium Glycyrrhizinate,CVCL_0332,4993,5140
Diammonium Glycyrrhizinate,CVCL_0334,3343,3815
Diammonium Glycyrrhizinate,CVCL_0359,7647,7838
Diammonium Glycyrrhizinate,CVCL_0366,5590,5751
Diammonium Glycyrrhizinate,CVCL_0371,7354,7833
Diammonium Glycyrrhizinate,CVCL_0397,5699,6127
Diammonium Glycyrrhizinate,CVCL_0399,10001,11186
Diammonium Glycyrrhizinate,CVCL_0428,4084,4192
Diammonium Glycyrrhizinate,CVCL_0459,15789,16711
Diammonium Glycyrrhizinate,CVCL_0480,10775,10977
Diammonium Glycyrrhizinate,CVCL_0504,7347,8098
Diammonium Glycyrrhizinate,CVCL_0546,17248,18666
Diammonium Glycyrrhizinate,CVCL_1055,4928,5014
Diammonium Glycyrrhizinate,CVCL_1056,8163,8301
Diammonium Glycyrrhizinate,CVCL_1094,4414,4737
Diammonium Glycyrrhizinate,CVCL_1097,6702,7215
Diammonium Glycyrrhizinate,CVCL_1098,5142,5775
Diammonium Glycyrrhizinate,CVCL_1119,6515,6792
Diammonium Glycyrrhizinate,CVCL_1125,1187,1348
Diammonium Glycyrrhizinate,CVCL_1239,2780,2943
Diammonium Glycyrrhizinate,CVCL_1285,10082,10610
Diammonium Glycyrrhizinate,CVCL_1381,6905,7149
Diammonium Glycyrrhizinate,CVCL_1478,6735,7419
Diammonium Glycyrrhizinate,CVCL_1495,5232,5478
Diammonium Glycyrrhizinate,CVCL_1517,8610,8759
Diammonium Glycyrrhizinate,CVCL_1531,103,144
Diammonium Glycyrrhizinate,CVCL_1547,6411,6680
Diammonium Glycyrrhizinate,CVCL_1550,7406,7680
Diammonium Glycyrrhizinate,CVCL_1571,73,129
Diammonium Glycyrrhizinate,CVCL_1577,407,453
Diammonium Glycyrrhizinate,CVCL_1635,4935,5175
Diammonium Glycyrrhizinate,CVCL_1666,4603,5115
Diammonium Glycyrrhizinate,CVCL_1693,3630,4044
Diammonium Glycyrrhizinate,CVCL_1715,777,858
Diammonium Glycyrrhizinate,CVCL_1716,735,841
Diammonium Glycyrrhizinate,CVCL_1717,6338,6682
Diammonium Glycyrrhizinate,CVCL_1724,3171,3504
Diammonium Glycyrrhizinate,CVCL_1731,5134,5517
Diammonium Glycyrrhizinate,CVCL_C466,5533,6128
Digitoxin,CVCL_0023,4072,4325
Digitoxin,CVCL_0028,1002,1210
Digitoxin,CVCL_0069,3173,3348
Digitoxin,CVCL_0099,1646,1925
Digitoxin,CVCL_0131,3007,3132
Digitoxin,CVCL_0152,3170,3654
Digitoxin,CVCL_0179,2397,2520
Digitoxin,CVCL_0218,2265,2456
Digitoxin,CVCL_0292,2550,2931
Digitoxin,CVCL_0293,4413,5135
Digitoxin,CVCL_0320,3627,3816
Digitoxin,CVCL_0332,3166,3335
Digitoxin,CVCL_0334,5974,6689
Digitoxin,CVCL_0359,3582,3743
Digitoxin,CVCL_0366,2563,2675
Digitoxin,CVCL_0371,2586,2839
Digitoxin,CVCL_0397,3015,3348
Digitoxin,CVCL_0399,4437,5035
Digitoxin,CVCL_0428,6296,6505
Digitoxin,CVCL_0459,7062,7790
Digitoxin,CVCL_0480,8589,8833
Digitoxin,CVCL_0504,2691,3179
Digitoxin,CVCL_0546,9120,10006
Digitoxin,CVCL_1055,2745,2847
Digitoxin,CVCL_1056,5697,5804
Digitoxin,CVCL_1094,1806,2292
Digitoxin,CVCL_1097,3484,3763
Digitoxin,CVCL_1098,1983,2343
Digitoxin,CVCL_1119,5327,5619
Digitoxin,CVCL_1125,1216,1482
Digitoxin,CVCL_1239,1420,1530
Digitoxin,CVCL_1285,5262,5560
Digitoxin,CVCL_1381,2689,2893
Digitoxin,CVCL_1478,2262,2630
Digitoxin,CVCL_1495,3043,3198
Digitoxin,CVCL_1517,2237,2334
Digitoxin,CVCL_1531,50,76
Digitoxin,CVCL_1547,2215,2350
Digitoxin,CVCL_1550,4149,4468
Digitoxin,CVCL_1571,37,71
Digitoxin,CVCL_1577,357,386
Digitoxin,CVCL_1635,3944,4104
Digitoxin,CVCL_1666,2298,2476
Digitoxin,CVCL_1693,4888,5578
Digitoxin,CVCL_1715,117,157
Digitoxin,CVCL_1716,244,289
Digitoxin,CVCL_1717,3428,3752
Digitoxin,CVCL_1724,1185,1390
Digitoxin,CVCL_1731,2369,2590
Digitoxin,CVCL_C466,2267,2515
Dihydroartemisinin,CVCL_0023,4588,4769
Dihydroartemisinin,CVCL_0028,853,940
Dihydroartemisinin,CVCL_0069,3104,3218
Dihydroartemisinin,CVCL_0099,2945,3255
Dihydroartemisinin,CVCL_0131,3611,3653
Dihydroartemisinin,CVCL_0152,3517,3855
Dihydroartemisinin,CVCL_0179,2237,2340
Dihydroartemisinin,CVCL_0218,2930,3038
Dihydroartemisinin,CVCL_0292,3305,3651
Dihydroartemisinin,CVCL_0293,3631,4037
Dihydroartemisinin,CVCL_0320,4092,4200
Dihydroartemisinin,CVCL_0332,3593,3669
Dihydroartemisinin,CVCL_0334,7393,7971
Dihydroartemisinin,CVCL_0359,4272,4341
Dihydroartemisinin,CVCL_0366,2750,2811
Dihydroartemisinin,CVCL_0371,4146,4323
Dihydroartemisinin,CVCL_0397,3627,3842
Dihydroartemisinin,CVCL_0399,5028,5452
Dihydroartemisinin,CVCL_0428,7202,7313
Dihydroartemisinin,CVCL_0459,12399,12735
Dihydroartemisinin,CVCL_0480,9680,9815
Dihydroartemisinin,CVCL_0504,4353,4698
Dihydroartemisinin,CVCL_0546,13382,13899
Dihydroartemisinin,CVCL_1055,2677,2778
Dihydroartemisinin,CVCL_1056,5656,5735
Dihydroartemisinin,CVCL_1094,2962,3255
Dihydroartemisinin,CVCL_1097,3752,3949
Dihydroartemisinin,CVCL_1098,1612,1753
Dihydroartemisinin,CVCL_1119,5183,5364
Dihydroartemisinin,CVCL_1125,1068,1192
Dihydroartemisinin,CVCL_1239,2322,2369
Dihydroartemisinin,CVCL_1285,6688,6875
Dihydroartemisinin,CVCL_1381,4379,4477
Dihydroartemisinin,CVCL_1478,3571,4067
Dihydroartemisinin,CVCL_1495,3949,4029
Dihydroartemisinin,CVCL_1517,2506,2574
Dihydroartemisinin,CVCL_1531,32,47
Dihydroartemisinin,CVCL_1547,3124,3205
Dihydroartemisinin,CVCL_1550,4211,4442
Dihydroartemisinin,CVCL_1571,24,44
Dihydroartemisinin,CVCL_1577,303,331
Dihydroartemisinin,CVCL_1635,3397,3469
Dihydroartemisinin,CVCL_1666,3305,3491
Dihydroartemisinin,CVCL_1693,5733,6136
Dihydroartemisinin,CVCL_1715,166,180
Dihydroartemisinin,CVCL_1716,369,400
Dihydroartemisinin,CVCL_1717,3729,3955
Dihydroartemisinin,CVCL_1724,1772,1911
Dihydroartemisinin,CVCL_1731,3453,3558
Dihydroartemisinin,CVCL_C466,2498,2639
Dimethyl fumarate,CVCL_0023,6944,7117
Dimethyl fumarate,CVCL_0028,1567,1723
Dimethyl fumarate,CVCL_0069,5214,5367
Dimethyl fumarate,CVCL_0099,5450,5864
Dimethyl fumarate,CVCL_0131,5772,5840
Dimethyl fumarate,CVCL_0152,5194,5593
Dimethyl fumarate,CVCL_0179,3384,3473
Dimethyl fumarate,CVCL_0218,4337,4450
Dimethyl fumarate,CVCL_0292,5301,5741
Dimethyl fumarate,CVCL_0293,5843,6501
Dimethyl fumarate,CVCL_0320,5986,6088
Dimethyl fumarate,CVCL_0332,5820,5905
Dimethyl fumarate,CVCL_0334,10735,11257
Dimethyl fumarate,CVCL_0359,6571,6663
Dimethyl fumarate,CVCL_0366,3756,3840
Dimethyl fumarate,CVCL_0371,6078,6261
Dimethyl fumarate,CVCL_0397,5098,5320
Dimethyl fumarate,CVCL_0399,7436,7922
Dimethyl fumarate,CVCL_0428,9272,9469
Dimethyl fumarate,CVCL_0459,19399,19817
Dimethyl fumarate,CVCL_0480,14012,14175
Dimethyl fumarate,CVCL_0504,6249,6652
Dimethyl fumarate,CVCL_0546,19487,20179
Dimethyl fumarate,CVCL_1055,4387,4498
Dimethyl fumarate,CVCL_1056,8516,8624
Dimethyl fumarate,CVCL_1094,4458,4783
Dimethyl fumarate,CVCL_1097,5204,5394
Dimethyl fumarate,CVCL_1098,2998,3225
Dimethyl fumarate,CVCL_1119,7566,7766
Dimethyl fumarate,CVCL_1125,2034,2183
Dimethyl fumarate,CVCL_1239,4006,4065
Dimethyl fumarate,CVCL_1285,9609,9781
Dimethyl fumarate,CVCL_1381,7256,7400
Dimethyl fumarate,CVCL_1478,5057,5790
Dimethyl fumarate,CVCL_1495,5631,5700
Dimethyl fumarate,CVCL_1517,3895,3988
Dimethyl fumarate,CVCL_1531,58,75
Dimethyl fumarate,CVCL_1547,5013,5109
Dimethyl fumarate,CVCL_1550,5644,5998
Dimethyl fumarate,CVCL_1571,39,62
Dimethyl fumarate,CVCL_1577,410,440
Dimethyl fumarate,CVCL_1635,4990,5095
Dimethyl fumarate,CVCL_1666,4810,5038
Dimethyl fumarate,CVCL_1693,10151,10697
Dimethyl fumarate,CVCL_1715,181,200
Dimethyl fumarate,CVCL_1716,515,543
Dimethyl fumarate,CVCL_1717,5069,5363
Dimethyl fumarate,CVCL_1724,2710,2886
Dimethyl fumarate,CVCL_1731,5343,5465
Dimethyl fumarate,CVCL_C466,4137,4317
Dinaciclib,CVCL_0023,1085,1640
Dinaciclib,CVCL_0028,245,416
Dinaciclib,CVCL_0069,231,374
Dinaciclib,CVCL_0099,140,258
Dinaciclib,CVCL_0131,738,1048
Dinaciclib,CVCL_0152,1164,1531
Dinaciclib,CVCL_0179,892,1087
Dinaciclib,CVCL_0218,117,210
Dinaciclib,CVCL_0292,302,574
Dinaciclib,CVCL_0293,953,1353
Dinaciclib,CVCL_0320,1431,2235
Dinaciclib,CVCL_0332,1843,2201
Dinaciclib,CVCL_0334,952,1578
Dinaciclib,CVCL_0359,1817,2255
Dinaciclib,CVCL_0366,1557,1865
Dinaciclib,CVCL_0371,593,908
Dinaciclib,CVCL_0397,690,914
Dinaciclib,CVCL_0399,705,998
Dinaciclib,CVCL_0428,1547,2118
Dinaciclib,CVCL_0459,1576,2427
Dinaciclib,CVCL_0480,3132,3615
Dinaciclib,CVCL_0504,117,289
Dinaciclib,CVCL_0546,1289,2066
Dinaciclib,CVCL_1055,195,290
Dinaciclib,CVCL_1056,3370,3706
Dinaciclib,CVCL_1094,229,416
Dinaciclib,CVCL_1097,679,977
Dinaciclib,CVCL_1098,408,541
Dinaciclib,CVCL_1119,2555,3262
Dinaciclib,CVCL_1125,231,432
Dinaciclib,CVCL_1239,380,526
Dinaciclib,CVCL_1285,3346,4811
Dinaciclib,CVCL_1381,1511,2264
Dinaciclib,CVCL_1478,283,422
Dinaciclib,CVCL_1495,1065,1323
Dinaciclib,CVCL_1517,1018,1191
Dinaciclib,CVCL_1531,79,142
Dinaciclib,CVCL_1547,133,228
Dinaciclib,CVCL_1550,2151,2406
Dinaciclib,CVCL_1571,49,126
Dinaciclib,CVCL_1577,244,319
Dinaciclib,CVCL_1635,486,737
Dinaciclib,CVCL_1666,663,945
Dinaciclib,CVCL_1693,409,847
Dinaciclib,CVCL_1715,97,175
Dinaciclib,CVCL_1716,71,149
Dinaciclib,CVCL_1717,879,1191
Dinaciclib,CVCL_1724,298,461
Dinaciclib,CVCL_1731,941,1524
Dinaciclib,CVCL_C466,806,1228
Diphenhydramine,CVCL_0023,6215,6295
Diphenhydramine,CVCL_0028,1426,1537
Diphenhydramine,CVCL_0069,5079,5194
Diphenhydramine,CVCL_0099,5229,5526
Diphenhydramine,CVCL_0131,5058,5088
Diphenhydramine,CVCL_0152,4798,5103
Diphenhydramine,CVCL_0179,3109,3203
Diphenhydramine,CVCL_0218,4292,4373
Diphenhydramine,CVCL_0292,4898,5159
Diphenhydramine,CVCL_0293,5220,5773
Diphenhydramine,CVCL_0320,5687,5783
Diphenhydramine,CVCL_0332,4719,4786
Diphenhydramine,CVCL_0334,9538,10169
Diphenhydramine,CVCL_0359,5558,5619
Diphenhydramine,CVCL_0366,3119,3159
Diphenhydramine,CVCL_0371,5767,5859
Diphenhydramine,CVCL_0397,4655,4846
Diphenhydramine,CVCL_0399,6644,7047
Diphenhydramine,CVCL_0428,9111,9193
Diphenhydramine,CVCL_0459,16575,16744
Diphenhydramine,CVCL_0480,12392,12570
Diphenhydramine,CVCL_0504,5852,6044
Diphenhydramine,CVCL_0546,18263,18610
Diphenhydramine,CVCL_1055,3988,4144
Diphenhydramine,CVCL_1056,7021,7110
Diphenhydramine,CVCL_1094,4230,4402
Diphenhydramine,CVCL_1097,5249,5340
Diphenhydramine,CVCL_1098,2589,2763
Diphenhydramine,CVCL_1119,6521,6655
Diphenhydramine,CVCL_1125,1882,1936
Diphenhydramine,CVCL_1239,3437,3461
Diphenhydramine,CVCL_1285,8651,8713
Diphenhydramine,CVCL_1381,6346,6429
Diphenhydramine,CVCL_1478,5346,6233
Diphenhydramine,CVCL_1495,5135,5182
Diphenhydramine,CVCL_1517,3148,3238
Diphenhydramine,CVCL_1531,47,55
Diphenhydramine,CVCL_1547,4157,4246
Diphenhydramine,CVCL_1550,5068,5431
Diphenhydramine,CVCL_1571,27,38
Diphenhydramine,CVCL_1577,362,395
Diphenhydramine,CVCL_1635,4371,4435
Diphenhydramine,CVCL_1666,4702,4810
Diphenhydramine,CVCL_1693,9539,9867
Diphenhydramine,CVCL_1715,207,219
Diphenhydramine,CVCL_1716,498,512
Diphenhydramine,CVCL_1717,4852,5105
Diphenhydramine,CVCL_1724,2553,2648
Diphenhydramine,CVCL_1731,4933,5012
Diphenhydramine,CVCL_C466,3678,3753
Docetaxel,CVCL_0023,6092,6313
Docetaxel,CVCL_0028,2402,2595
Docetaxel,CVCL_0069,3537,3744
Docetaxel,CVCL_0099,2650,2874
Docetaxel,CVCL_0131,6680,6878
Docetaxel,CVCL_0152,6737,7320
Docetaxel,CVCL_0179,4114,4278
Docetaxel,CVCL_0218,3767,3981
Docetaxel,CVCL_0292,3511,3956
Docetaxel,CVCL_0293,7922,8626
Docetaxel,CVCL_0320,5452,5915
Docetaxel,CVCL_0332,3650,3820
Docetaxel,CVCL_0334,2806,3084
Docetaxel,CVCL_0359,5626,5828
Docetaxel,CVCL_0366,4522,4736
Docetaxel,CVCL_0371,4841,5231
Docetaxel,CVCL_0397,4551,4898
Docetaxel,CVCL_0399,7983,8978
Docetaxel,CVCL_0428,2934,3049
Docetaxel,CVCL_0459,11800,12245
Docetaxel,CVCL_0480,7133,7486
Docetaxel,CVCL_0504,4450,4757
Docetaxel,CVCL_0546,13148,13880
Docetaxel,CVCL_1055,4004,4226
Docetaxel,CVCL_1056,6317,6593
Docetaxel,CVCL_1094,4276,4467
Docetaxel,CVCL_1097,5057,5335
Docetaxel,CVCL_1098,5113,5517
Docetaxel,CVCL_1119,4815,5040
Docetaxel,CVCL_1125,1153,1269
Docetaxel,CVCL_1239,1971,2081
Docetaxel,CVCL_1285,7192,7540
Docetaxel,CVCL_1381,4739,5004
Docetaxel,CVCL_1478,4991,5552
Docetaxel,CVCL_1495,3930,4097
Docetaxel,CVCL_1517,5553,5886
Docetaxel,CVCL_1531,91,137
Docetaxel,CVCL_1547,4169,4382
Docetaxel,CVCL_1550,5394,5826
Docetaxel,CVCL_1571,45,88
Docetaxel,CVCL_1577,332,390
Docetaxel,CVCL_1635,3710,3897
Docetaxel,CVCL_1666,3548,3775
Docetaxel,CVCL_1693,3661,3908
Docetaxel,CVCL_1715,527,594
Docetaxel,CVCL_1716,546,616
Docetaxel,CVCL_1717,4856,5241
Docetaxel,CVCL_1724,2961,3229
Docetaxel,CVCL_1731,3997,4314
Docetaxel,CVCL_C466,4801,5082
Docetaxel (Trihydrate),CVCL_0023,3550,3686
Docetaxel (Trihydrate),CVCL_0028,1011,1158
Docetaxel (Trihydrate),CVCL_0069,2877,3011
Docetaxel (Trihydrate),CVCL_0099,2777,3069
Docetaxel (Trihydrate),CVCL_0131,2763,2826
Docetaxel (Trihydrate),CVCL_0152,3263,3663
Docetaxel (Trihydrate),CVCL_0179,1852,1962
Docetaxel (Trihydrate),CVCL_0218,2242,2379
Docetaxel (Trihydrate),CVCL_0292,3015,3378
Docetaxel (Trihydrate),CVCL_0293,3604,4120
Docetaxel (Trihydrate),CVCL_0320,3412,3581
Docetaxel (Trihydrate),CVCL_0332,2533,2639
Docetaxel (Trihydrate),CVCL_0334,6478,7001
Docetaxel (Trihydrate),CVCL_0359,3471,3581
Docetaxel (Trihydrate),CVCL_0366,1530,1641
Docetaxel (Trihydrate),CVCL_0371,3265,3480
Docetaxel (Trihydrate),CVCL_0397,2973,3166
Docetaxel (Trihydrate),CVCL_0399,4560,5040
Docetaxel (Trihydrate),CVCL_0428,6471,6639
Docetaxel (Trihydrate),CVCL_0459,7963,8313
Docetaxel (Trihydrate),CVCL_0480,7537,7738
Docetaxel (Trihydrate),CVCL_0504,3173,3501
Docetaxel (Trihydrate),CVCL_0546,9992,10419
Docetaxel (Trihydrate),CVCL_1055,2623,2761
Docetaxel (Trihydrate),CVCL_1056,4270,4392
Docetaxel (Trihydrate),CVCL_1094,2925,3277
Docetaxel (Trihydrate),CVCL_1097,2542,2709
Docetaxel (Trihydrate),CVCL_1098,1364,1523
Docetaxel (Trihydrate),CVCL_1119,5276,5500
Docetaxel (Trihydrate),CVCL_1125,1340,1465
Docetaxel (Trihydrate),CVCL_1239,1308,1373
Docetaxel (Trihydrate),CVCL_1285,5179,5421
Docetaxel (Trihydrate),CVCL_1381,3711,3895
Docetaxel (Trihydrate),CVCL_1478,3117,3690
Docetaxel (Trihydrate),CVCL_1495,3514,3616
Docetaxel (Trihydrate),CVCL_1517,1806,1918
Docetaxel (Trihydrate),CVCL_1531,52,87
Docetaxel (Trihydrate),CVCL_1547,1906,2017
Docetaxel (Trihydrate),CVCL_1550,4409,4669
Docetaxel (Trihydrate),CVCL_1571,52,101
Docetaxel (Trihydrate),CVCL_1577,253,296
Docetaxel (Trihydrate),CVCL_1635,3354,3476
Docetaxel (Trihydrate),CVCL_1666,2363,2508
Docetaxel (Trihydrate),CVCL_1693,5757,6252
Docetaxel (Trihydrate),CVCL_1715,134,183
Docetaxel (Trihydrate),CVCL_1716,337,368
Docetaxel (Trihydrate),CVCL_1717,3170,3432
Docetaxel (Trihydrate),CVCL_1724,1598,1769
Docetaxel (Trihydrate),CVCL_1731,2619,2772
Docetaxel (Trihydrate),CVCL_C466,1826,1953
Dorzolamide (hydrochloride),CVCL_0023,4680,4930
Dorzolamide (hydrochloride),CVCL_0028,894,1094
Dorzolamide (hydrochloride),CVCL_0069,3319,3459
Dorzolamide (hydrochloride),CVCL_0099,2911,3343
Dorzolamide (hydrochloride),CVCL_0131,3785,3903
Dorzolamide (hydrochloride),CVCL_0152,3438,3868
Dorzolamide (hydrochloride),CVCL_0179,2181,2315
Dorzolamide (hydrochloride),CVCL_0218,2825,3050
Dorzolamide (hydrochloride),CVCL_0292,3105,3588
Dorzolamide (hydrochloride),CVCL_0293,4028,4615
Dorzolamide (hydrochloride),CVCL_0320,4425,4642
Dorzolamide (hydrochloride),CVCL_0332,3845,3996
Dorzolamide (hydrochloride),CVCL_0334,6256,7127
Dorzolamide (hydrochloride),CVCL_0359,4415,4548
Dorzolamide (hydrochloride),CVCL_0366,2699,2843
Dorzolamide (hydrochloride),CVCL_0371,4095,4314
Dorzolamide (hydrochloride),CVCL_0397,3486,3727
Dorzolamide (hydrochloride),CVCL_0399,5566,6064
Dorzolamide (hydrochloride),CVCL_0428,7456,7710
Dorzolamide (hydrochloride),CVCL_0459,11747,12346
Dorzolamide (hydrochloride),CVCL_0480,10291,10510
Dorzolamide (hydrochloride),CVCL_0504,4030,4551
Dorzolamide (hydrochloride),CVCL_0546,11954,12826
Dorzolamide (hydrochloride),CVCL_1055,3266,3385
Dorzolamide (hydrochloride),CVCL_1056,6003,6127
Dorzolamide (hydrochloride),CVCL_1094,2801,3231
Dorzolamide (hydrochloride),CVCL_1097,3181,3468
Dorzolamide (hydrochloride),CVCL_1098,1444,1636
Dorzolamide (hydrochloride),CVCL_1119,5871,6168
Dorzolamide (hydrochloride),CVCL_1125,1279,1451
Dorzolamide (hydrochloride),CVCL_1239,2376,2496
Dorzolamide (hydrochloride),CVCL_1285,6809,7146
Dorzolamide (hydrochloride),CVCL_1381,4826,5043
Dorzolamide (hydrochloride),CVCL_1478,3475,4111
Dorzolamide (hydrochloride),CVCL_1495,4463,4618
Dorzolamide (hydrochloride),CVCL_1517,2510,2620
Dorzolamide (hydrochloride),CVCL_1531,64,110
Dorzolamide (hydrochloride),CVCL_1547,3435,3561
Dorzolamide (hydrochloride),CVCL_1550,4388,4687
Dorzolamide (hydrochloride),CVCL_1571,63,114
Dorzolamide (hydrochloride),CVCL_1577,336,388
Dorzolamide (hydrochloride),CVCL_1635,3840,3965
Dorzolamide (hydrochloride),CVCL_1666,3113,3372
Dorzolamide (hydrochloride),CVCL_1693,5632,6169
Dorzolamide (hydrochloride),CVCL_1715,176,222
Dorzolamide (hydrochloride),CVCL_1716,351,389
Dorzolamide (hydrochloride),CVCL_1717,3463,3798
Dorzolamide (hydrochloride),CVCL_1724,1780,1951
Dorzolamide (hydrochloride),CVCL_1731,3605,3837
Dorzolamide (hydrochloride),CVCL_C466,2477,2736
Doxorubicin (hydrochloride),CVCL_0023,3264,3441
Doxorubicin (hydrochloride),CVCL_0028,698,824
Doxorubicin (hydrochloride),CVCL_0069,2218,2369
Doxorubicin (hydrochloride),CVCL_0099,1864,2168
Doxorubicin (hydrochloride),CVCL_0131,2470,2559
Doxorubicin (hydrochloride),CVCL_0152,2876,3237
Doxorubicin (hydrochloride),CVCL_0179,1898,1988
Doxorubicin (hydrochloride),CVCL_0218,2257,2429
Doxorubicin (hydrochloride),CVCL_0292,2568,2885
Doxorubicin (hydrochloride),CVCL_0293,2768,3206
Doxorubicin (hydrochloride),CVCL_0320,3554,3694
Doxorubicin (hydrochloride),CVCL_0332,2468,2575
Doxorubicin (hydrochloride),CVCL_0334,5533,6117
Doxorubicin (hydrochloride),CVCL_0359,3430,3531
Doxorubicin (hydrochloride),CVCL_0366,1700,1805
Doxorubicin (hydrochloride),CVCL_0371,3520,3691
Doxorubicin (hydrochloride),CVCL_0397,2762,2943
Doxorubicin (hydrochloride),CVCL_0399,4343,4755
Doxorubicin (hydrochloride),CVCL_0428,5114,5323
Doxorubicin (hydrochloride),CVCL_0459,7610,8045
Doxorubicin (hydrochloride),CVCL_0480,7451,7609
Doxorubicin (hydrochloride),CVCL_0504,2274,2651
Doxorubicin (hydrochloride),CVCL_0546,8868,9524
Doxorubicin (hydrochloride),CVCL_1055,2138,2219
Doxorubicin (hydrochloride),CVCL_1056,4060,4142
Doxorubicin (hydrochloride),CVCL_1094,2171,2491
Doxorubicin (hydrochloride),CVCL_1097,2324,2560
Doxorubicin (hydrochloride),CVCL_1098,1302,1405
Doxorubicin (hydrochloride),CVCL_1119,4745,4963
Doxorubicin (hydrochloride),CVCL_1125,811,939
Doxorubicin (hydrochloride),CVCL_1239,1241,1308
Doxorubicin (hydrochloride),CVCL_1285,4666,4928
Doxorubicin (hydrochloride),CVCL_1381,3258,3429
Doxorubicin (hydrochloride),CVCL_1478,3395,3960
Doxorubicin (hydrochloride),CVCL_1495,3324,3414
Doxorubicin (hydrochloride),CVCL_1517,1807,1893
Doxorubicin (hydrochloride),CVCL_1531,40,52
Doxorubicin (hydrochloride),CVCL_1547,1928,2031
Doxorubicin (hydrochloride),CVCL_1550,3709,3898
Doxorubicin (hydrochloride),CVCL_1571,37,67
Doxorubicin (hydrochloride),CVCL_1577,287,315
Doxorubicin (hydrochloride),CVCL_1635,3039,3147
Doxorubicin (hydrochloride),CVCL_1666,2229,2434
Doxorubicin (hydrochloride),CVCL_1693,5312,5749
Doxorubicin (hydrochloride),CVCL_1715,137,157
Doxorubicin (hydrochloride),CVCL_1716,254,281
Doxorubicin (hydrochloride),CVCL_1717,2872,3122
Doxorubicin (hydrochloride),CVCL_1724,1105,1271
Doxorubicin (hydrochloride),CVCL_1731,2534,2710
Doxorubicin (hydrochloride),CVCL_C466,1526,1705
Doxycycline (monohydrate),CVCL_0023,2965,3063
Doxycycline (monohydrate),CVCL_0028,823,925
Doxycycline (monohydrate),CVCL_0069,2712,2791
Doxycycline (monohydrate),CVCL_0099,2800,3084
Doxycycline (monohydrate),CVCL_0131,2667,2704
Doxycycline (monohydrate),CVCL_0152,2926,3166
Doxycycline (monohydrate),CVCL_0179,1987,2048
Doxycycline (monohydrate),CVCL_0218,2713,2810
Doxycycline (monohydrate),CVCL_0292,2803,3035
Doxycycline (monohydrate),CVCL_0293,3005,3338
Doxycycline (monohydrate),CVCL_0320,3463,3526
Doxycycline (monohydrate),CVCL_0332,1994,2041
Doxycycline (monohydrate),CVCL_0334,4908,5229
Doxycycline (monohydrate),CVCL_0359,2380,2419
Doxycycline (monohydrate),CVCL_0366,1147,1207
Doxycycline (monohydrate),CVCL_0371,3968,4083
Doxycycline (monohydrate),CVCL_0397,2923,3064
Doxycycline (monohydrate),CVCL_0399,4424,4742
Doxycycline (monohydrate),CVCL_0428,4929,5009
Doxycycline (monohydrate),CVCL_0459,7500,7715
Doxycycline (monohydrate),CVCL_0480,6375,6462
Doxycycline (monohydrate),CVCL_0504,3175,3407
Doxycycline (monohydrate),CVCL_0546,10837,11272
Doxycycline (monohydrate),CVCL_1055,2660,2739
Doxycycline (monohydrate),CVCL_1056,2892,2935
Doxycycline (monohydrate),CVCL_1094,2563,2791
Doxycycline (monohydrate),CVCL_1097,2403,2510
Doxycycline (monohydrate),CVCL_1098,1024,1120
Doxycycline (monohydrate),CVCL_1119,4595,4738
Doxycycline (monohydrate),CVCL_1125,1240,1329
Doxycycline (monohydrate),CVCL_1239,1357,1374
Doxycycline (monohydrate),CVCL_1285,3826,3901
Doxycycline (monohydrate),CVCL_1381,3230,3309
Doxycycline (monohydrate),CVCL_1478,3117,3622
Doxycycline (monohydrate),CVCL_1495,3055,3094
Doxycycline (monohydrate),CVCL_1517,1495,1541
Doxycycline (monohydrate),CVCL_1531,29,39
Doxycycline (monohydrate),CVCL_1547,1975,2052
Doxycycline (monohydrate),CVCL_1550,3851,4059
Doxycycline (monohydrate),CVCL_1571,23,44
Doxycycline (monohydrate),CVCL_1577,248,272
Doxycycline (monohydrate),CVCL_1635,2965,3028
Doxycycline (monohydrate),CVCL_1666,2451,2595
Doxycycline (monohydrate),CVCL_1693,5630,5962
Doxycycline (monohydrate),CVCL_1715,80,94
Doxycycline (monohydrate),CVCL_1716,305,321
Doxycycline (monohydrate),CVCL_1717,3046,3237
Doxycycline (monohydrate),CVCL_1724,1501,1646
Doxycycline (monohydrate),CVCL_1731,2213,2276
Doxycycline (monohydrate),CVCL_C466,1526,1594
Drospirenone,CVCL_0023,7005,7134
Drospirenone,CVCL_0028,1705,1772
Drospirenone,CVCL_0069,4589,4699
Drospirenone,CVCL_0099,5267,5456
Drospirenone,CVCL_0131,4971,5007
Drospirenone,CVCL_0152,4654,4937
Drospirenone,CVCL_0179,3083,3150
Drospirenone,CVCL_0218,3923,3999
Drospirenone,CVCL_0292,4951,5216
Drospirenone,CVCL_0293,5220,5838
Drospirenone,CVCL_0320,5380,5478
Drospirenone,CVCL_0332,5158,5257
Drospirenone,CVCL_0334,11475,11939
Drospirenone,CVCL_0359,6567,6631
Drospirenone,CVCL_0366,3809,3876
Drospirenone,CVCL_0371,5454,5586
Drospirenone,CVCL_0397,4568,4839
Drospirenone,CVCL_0399,6878,7305
Drospirenone,CVCL_0428,9347,9474
Drospirenone,CVCL_0459,19530,19811
Drospirenone,CVCL_0480,12980,13202
Drospirenone,CVCL_0504,6191,6414
Drospirenone,CVCL_0546,18688,19138
Drospirenone,CVCL_1055,3513,3621
Drospirenone,CVCL_1056,8155,8274
Drospirenone,CVCL_1094,4569,4760
Drospirenone,CVCL_1097,5463,5592
Drospirenone,CVCL_1098,3130,3263
Drospirenone,CVCL_1119,6317,6470
Drospirenone,CVCL_1125,1840,1943
Drospirenone,CVCL_1239,3848,3875
Drospirenone,CVCL_1285,9844,9988
Drospirenone,CVCL_1381,7014,7137
Drospirenone,CVCL_1478,5335,5952
Drospirenone,CVCL_1495,5207,5262
Drospirenone,CVCL_1517,3730,3843
Drospirenone,CVCL_1531,57,73
Drospirenone,CVCL_1547,4788,4879
Drospirenone,CVCL_1550,4887,5259
Drospirenone,CVCL_1571,38,52
Drospirenone,CVCL_1577,325,367
Drospirenone,CVCL_1635,4344,4428
Drospirenone,CVCL_1666,5003,5133
Drospirenone,CVCL_1693,10186,10420
Drospirenone,CVCL_1715,234,243
Drospirenone,CVCL_1716,578,596
Drospirenone,CVCL_1717,4877,5098
Drospirenone,CVCL_1724,2370,2489
Drospirenone,CVCL_1731,5305,5398
Drospirenone,CVCL_C466,4718,4832
ERK5-IN-2,CVCL_0023,4821,4879
ERK5-IN-2,CVCL_0028,1081,1156
ERK5-IN-2,CVCL_0069,2315,2376
ERK5-IN-2,CVCL_0099,1577,1647
ERK5-IN-2,CVCL_0131,4833,4864
ERK5-IN-2,CVCL_0152,5984,6310
ERK5-IN-2,CVCL_0179,3047,3131
ERK5-IN-2,CVCL_0218,3866,3944
ERK5-IN-2,CVCL_0292,3415,3675
ERK5-IN-2,CVCL_0293,6654,7055
ERK5-IN-2,CVCL_0320,5158,5336
ERK5-IN-2,CVCL_0332,2655,2720
ERK5-IN-2,CVCL_0334,2180,2314
ERK5-IN-2,CVCL_0359,3601,3647
ERK5-IN-2,CVCL_0366,2786,2853
ERK5-IN-2,CVCL_0371,4842,4983
ERK5-IN-2,CVCL_0397,4790,5038
ERK5-IN-2,CVCL_0399,8294,8867
ERK5-IN-2,CVCL_0428,2139,2175
ERK5-IN-2,CVCL_0459,11254,11377
ERK5-IN-2,CVCL_0480,5098,5241
ERK5-IN-2,CVCL_0504,4499,4581
ERK5-IN-2,CVCL_0546,11632,11891
ERK5-IN-2,CVCL_1055,1751,1818
ERK5-IN-2,CVCL_1056,3708,3805
ERK5-IN-2,CVCL_1094,3070,3134
ERK5-IN-2,CVCL_1097,4438,4505
ERK5-IN-2,CVCL_1098,3365,3491
ERK5-IN-2,CVCL_1119,4407,4510
ERK5-IN-2,CVCL_1125,948,991
ERK5-IN-2,CVCL_1239,2001,2030
ERK5-IN-2,CVCL_1285,5015,5106
ERK5-IN-2,CVCL_1381,3431,3508
ERK5-IN-2,CVCL_1478,4653,5088
ERK5-IN-2,CVCL_1495,3261,3320
ERK5-IN-2,CVCL_1517,5076,5212
ERK5-IN-2,CVCL_1531,64,84
ERK5-IN-2,CVCL_1547,3440,3503
ERK5-IN-2,CVCL_1550,4868,5248
ERK5-IN-2,CVCL_1571,32,51
ERK5-IN-2,CVCL_1577,174,207
ERK5-IN-2,CVCL_1635,3575,3646
ERK5-IN-2,CVCL_1666,3338,3424
ERK5-IN-2,CVCL_1693,2638,2708
ERK5-IN-2,CVCL_1715,592,612
ERK5-IN-2,CVCL_1716,496,524
ERK5-IN-2,CVCL_1717,4320,4516
ERK5-IN-2,CVCL_1724,2082,2196
ERK5-IN-2,CVCL_1731,3295,3392
ERK5-IN-2,CVCL_C466,4434,4559
ETC-206,CVCL_0023,6234,6436
ETC-206,CVCL_0028,1482,1649
ETC-206,CVCL_0069,3211,3366
ETC-206,CVCL_0099,1622,1759
ETC-206,CVCL_0131,6481,6563
ETC-206,CVCL_0152,6345,6894
ETC-206,CVCL_0179,3846,3961
ETC-206,CVCL_0218,3681,3898
ETC-206,CVCL_0292,3217,3680
ETC-206,CVCL_0293,7358,7901
ETC-206,CVCL_0320,6052,6285
ETC-206,CVCL_0332,3658,3747
ETC-206,CVCL_0334,2501,2765
ETC-206,CVCL_0359,5327,5427
ETC-206,CVCL_0366,4291,4366
ETC-206,CVCL_0371,5651,5913
ETC-206,CVCL_0397,5205,5517
ETC-206,CVCL_0399,8579,9270
ETC-206,CVCL_0428,2659,2727
ETC-206,CVCL_0459,12958,13500
ETC-206,CVCL_0480,7190,7353
ETC-206,CVCL_0504,5758,6163
ETC-206,CVCL_0546,13597,14428
ETC-206,CVCL_1055,3134,3217
ETC-206,CVCL_1056,5158,5253
ETC-206,CVCL_1094,3463,3655
ETC-206,CVCL_1097,5306,5560
ETC-206,CVCL_1098,3738,4014
ETC-206,CVCL_1119,5109,5279
ETC-206,CVCL_1125,901,979
ETC-206,CVCL_1239,2044,2124
ETC-206,CVCL_1285,7415,7713
ETC-206,CVCL_1381,4724,4874
ETC-206,CVCL_1478,5182,5674
ETC-206,CVCL_1495,3766,3903
ETC-206,CVCL_1517,6594,6714
ETC-206,CVCL_1531,77,101
ETC-206,CVCL_1547,4813,4935
ETC-206,CVCL_1550,5675,5998
ETC-206,CVCL_1571,42,70
ETC-206,CVCL_1577,284,312
ETC-206,CVCL_1635,4008,4142
ETC-206,CVCL_1666,3764,4082
ETC-206,CVCL_1693,2698,2871
ETC-206,CVCL_1715,713,754
ETC-206,CVCL_1716,596,653
ETC-206,CVCL_1717,5020,5283
ETC-206,CVCL_1724,2684,2867
ETC-206,CVCL_1731,4173,4393
ETC-206,CVCL_C466,4826,5125
EX229,CVCL_0023,4541,4816
EX229,CVCL_0028,837,1017
EX229,CVCL_0069,1789,1941
EX229,CVCL_0099,1238,1428
EX229,CVCL_0131,4755,4837
EX229,CVCL_0152,4998,5698
EX229,CVCL_0179,1982,2062
EX229,CVCL_0218,2554,2770
EX229,CVCL_0292,2061,2588
EX229,CVCL_0293,5756,6402
EX229,CVCL_0320,4463,4657
EX229,CVCL_0332,2649,2734
EX229,CVCL_0334,1564,1831
EX229,CVCL_0359,3450,3585
EX229,CVCL_0366,2850,2937
EX229,CVCL_0371,4547,4830
EX229,CVCL_0397,3535,3937
EX229,CVCL_0399,6878,7840
EX229,CVCL_0428,2117,2204
EX229,CVCL_0459,9214,9831
EX229,CVCL_0480,5259,5365
EX229,CVCL_0504,3441,3738
EX229,CVCL_0546,9489,10294
EX229,CVCL_1055,2205,2259
EX229,CVCL_1056,3238,3355
EX229,CVCL_1094,2511,2819
EX229,CVCL_1097,3534,3811
EX229,CVCL_1098,2351,2772
EX229,CVCL_1119,3651,3938
EX229,CVCL_1125,1038,1176
EX229,CVCL_1239,1267,1356
EX229,CVCL_1285,4788,5119
EX229,CVCL_1381,3412,3562
EX229,CVCL_1478,3894,4327
EX229,CVCL_1495,2653,2796
EX229,CVCL_1517,5035,5158
EX229,CVCL_1531,63,95
EX229,CVCL_1547,3344,3519
EX229,CVCL_1550,4714,4922
EX229,CVCL_1571,38,81
EX229,CVCL_1577,178,218
EX229,CVCL_1635,2822,3022
EX229,CVCL_1666,2421,2708
EX229,CVCL_1693,1785,2075
EX229,CVCL_1715,343,400
EX229,CVCL_1716,372,437
EX229,CVCL_1717,3847,4096
EX229,CVCL_1724,2004,2249
EX229,CVCL_1731,2558,2822
EX229,CVCL_C466,3319,3748
Econazole,CVCL_0023,6856,6977
Econazole,CVCL_0028,1403,1520
Econazole,CVCL_0069,5005,5125
Econazole,CVCL_0099,4545,4881
Econazole,CVCL_0131,5608,5661
Econazole,CVCL_0152,5062,5441
Econazole,CVCL_0179,2828,2937
Econazole,CVCL_0218,4112,4206
Econazole,CVCL_0292,4947,5291
Econazole,CVCL_0293,5916,6557
Econazole,CVCL_0320,5776,5887
Econazole,CVCL_0332,5587,5682
Econazole,CVCL_0334,10385,11133
Econazole,CVCL_0359,6406,6501
Econazole,CVCL_0366,3902,3989
Econazole,CVCL_0371,6031,6192
Econazole,CVCL_0397,4794,5066
Econazole,CVCL_0399,7698,8138
Econazole,CVCL_0428,9849,9972
Econazole,CVCL_0459,19173,19473
Econazole,CVCL_0480,13903,14116
Econazole,CVCL_0504,5866,6122
Econazole,CVCL_0546,18366,18828
Econazole,CVCL_1055,3866,3977
Econazole,CVCL_1056,8837,8976
Econazole,CVCL_1094,4235,4447
Econazole,CVCL_1097,5396,5538
Econazole,CVCL_1098,2607,2804
Econazole,CVCL_1119,7130,7312
Econazole,CVCL_1125,1800,1874
Econazole,CVCL_1239,3684,3736
Econazole,CVCL_1285,10038,10180
Econazole,CVCL_1381,6203,6301
Econazole,CVCL_1478,5469,6197
Econazole,CVCL_1495,5828,5888
Econazole,CVCL_1517,3691,3792
Econazole,CVCL_1531,57,76
Econazole,CVCL_1547,4852,4938
Econazole,CVCL_1550,5510,5941
Econazole,CVCL_1571,37,53
Econazole,CVCL_1577,349,380
Econazole,CVCL_1635,4777,4856
Econazole,CVCL_1666,5013,5163
Econazole,CVCL_1693,8845,9218
Econazole,CVCL_1715,199,209
Econazole,CVCL_1716,547,575
Econazole,CVCL_1717,5050,5334
Econazole,CVCL_1724,2591,2719
Econazole,CVCL_1731,5500,5645
Econazole,CVCL_C466,4371,4499
Edoxaban (tosylate monohydrate),CVCL_0023,7144,7254
Edoxaban (tosylate monohydrate),CVCL_0028,1506,1622
Edoxaban (tosylate monohydrate),CVCL_0069,5729,5857
Edoxaban (tosylate monohydrate),CVCL_0099,5094,5367
Edoxaban (tosylate monohydrate),CVCL_0131,5865,5904
Edoxaban (tosylate monohydrate),CVCL_0152,5570,5878
Edoxaban (tosylate monohydrate),CVCL_0179,3185,3250
Edoxaban (tosylate monohydrate),CVCL_0218,4444,4503
Edoxaban (tosylate monohydrate),CVCL_0292,5343,5588
Edoxaban (tosylate monohydrate),CVCL_0293,6630,7156
Edoxaban (tosylate monohydrate),CVCL_0320,6195,6307
Edoxaban (tosylate monohydrate),CVCL_0332,5399,5499
Edoxaban (tosylate monohydrate),CVCL_0334,10718,11094
Edoxaban (tosylate monohydrate),CVCL_0359,6297,6384
Edoxaban (tosylate monohydrate),CVCL_0366,3645,3711
Edoxaban (tosylate monohydrate),CVCL_0371,6507,6665
Edoxaban (tosylate monohydrate),CVCL_0397,5204,5432
Edoxaban (tosylate monohydrate),CVCL_0399,8402,8818
Edoxaban (tosylate monohydrate),CVCL_0428,8294,8462
Edoxaban (tosylate monohydrate),CVCL_0459,17206,17473
Edoxaban (tosylate monohydrate),CVCL_0480,13626,13794
Edoxaban (tosylate monohydrate),CVCL_0504,6050,6301
Edoxaban (tosylate monohydrate),CVCL_0546,20481,20944
Edoxaban (tosylate monohydrate),CVCL_1055,4531,4633
Edoxaban (tosylate monohydrate),CVCL_1056,8327,8428
Edoxaban (tosylate monohydrate),CVCL_1094,4828,5021
Edoxaban (tosylate monohydrate),CVCL_1097,5681,5794
Edoxaban (tosylate monohydrate),CVCL_1098,2676,2810
Edoxaban (tosylate monohydrate),CVCL_1119,8202,8360
Edoxaban (tosylate monohydrate),CVCL_1125,2193,2279
Edoxaban (tosylate monohydrate),CVCL_1239,3603,3657
Edoxaban (tosylate monohydrate),CVCL_1285,9476,9586
Edoxaban (tosylate monohydrate),CVCL_1381,6813,6916
Edoxaban (tosylate monohydrate),CVCL_1478,6173,6679
Edoxaban (tosylate monohydrate),CVCL_1495,5965,6026
Edoxaban (tosylate monohydrate),CVCL_1517,3585,3661
Edoxaban (tosylate monohydrate),CVCL_1531,72,85
Edoxaban (tosylate monohydrate),CVCL_1547,4519,4611
Edoxaban (tosylate monohydrate),CVCL_1550,6149,6439
Edoxaban (tosylate monohydrate),CVCL_1571,39,58
Edoxaban (tosylate monohydrate),CVCL_1577,409,438
Edoxaban (tosylate monohydrate),CVCL_1635,5290,5362
Edoxaban (tosylate monohydrate),CVCL_1666,5195,5315
Edoxaban (tosylate monohydrate),CVCL_1693,10242,10573
Edoxaban (tosylate monohydrate),CVCL_1715,211,223
Edoxaban (tosylate monohydrate),CVCL_1716,571,589
Edoxaban (tosylate monohydrate),CVCL_1717,5498,5721
Edoxaban (tosylate monohydrate),CVCL_1724,2837,2947
Edoxaban (tosylate monohydrate),CVCL_1731,5241,5345
Edoxaban (tosylate monohydrate),CVCL_C466,4097,4164
Elagolix sodium,CVCL_0023,7021,7314
Elagolix sodium,CVCL_0028,2135,2445
Elagolix sodium,CVCL_0069,3944,4154
Elagolix sodium,CVCL_0099,2262,2528
Elagolix sodium,CVCL_0131,6956,7057
Elagolix sodium,CVCL_0152,6750,7552
Elagolix sodium,CVCL_0179,3670,3792
Elagolix sodium,CVCL_0218,3657,3899
Elagolix sodium,CVCL_0292,3211,3874
Elagolix sodium,CVCL_0293,7152,7841
Elagolix sodium,CVCL_0320,5293,5526
Elagolix sodium,CVCL_0332,3756,3870
Elagolix sodium,CVCL_0334,2668,2988
Elagolix sodium,CVCL_0359,6604,6729
Elagolix sodium,CVCL_0366,4182,4305
Elagolix sodium,CVCL_0371,5404,5717
Elagolix sodium,CVCL_0397,3852,4158
Elagolix sodium,CVCL_0399,8142,9124
Elagolix sodium,CVCL_0428,3501,3593
Elagolix sodium,CVCL_0459,11365,12084
Elagolix sodium,CVCL_0480,7947,8075
Elagolix sodium,CVCL_0504,6472,7034
Elagolix sodium,CVCL_0546,13670,14673
Elagolix sodium,CVCL_1055,4300,4369
Elagolix sodium,CVCL_1056,6035,6121
Elagolix sodium,CVCL_1094,4372,4630
Elagolix sodium,CVCL_1097,5317,5699
Elagolix sodium,CVCL_1098,4228,4740
Elagolix sodium,CVCL_1119,5472,5706
Elagolix sodium,CVCL_1125,1053,1208
Elagolix sodium,CVCL_1239,1856,1956
Elagolix sodium,CVCL_1285,7659,8052
Elagolix sodium,CVCL_1381,5464,5688
Elagolix sodium,CVCL_1478,5558,6129
Elagolix sodium,CVCL_1495,4206,4409
Elagolix sodium,CVCL_1517,5825,5950
Elagolix sodium,CVCL_1531,91,132
Elagolix sodium,CVCL_1547,5488,5709
Elagolix sodium,CVCL_1550,6167,6405
Elagolix sodium,CVCL_1571,56,90
Elagolix sodium,CVCL_1577,343,392
Elagolix sodium,CVCL_1635,4026,4199
Elagolix sodium,CVCL_1666,3641,4036
Elagolix sodium,CVCL_1693,3619,3937
Elagolix sodium,CVCL_1715,455,502
Elagolix sodium,CVCL_1716,561,650
Elagolix sodium,CVCL_1717,5047,5294
Elagolix sodium,CVCL_1724,2566,2847
Elagolix sodium,CVCL_1731,3845,4097
Elagolix sodium,CVCL_C466,4341,4794
Elimusertib hydrochloride,CVCL_0023,5019,5187
Elimusertib hydrochloride,CVCL_0028,1325,1489
Elimusertib hydrochloride,CVCL_0069,1893,1990
Elimusertib hydrochloride,CVCL_0099,1471,1611
Elimusertib hydrochloride,CVCL_0131,4951,5014
Elimusertib hydrochloride,CVCL_0152,4990,5489
Elimusertib hydrochloride,CVCL_0179,2697,2789
Elimusertib hydrochloride,CVCL_0218,2166,2273
Elimusertib hydrochloride,CVCL_0292,2742,3192
Elimusertib hydrochloride,CVCL_0293,5801,6299
Elimusertib hydrochloride,CVCL_0320,4133,4318
Elimusertib hydrochloride,CVCL_0332,2694,2781
Elimusertib hydrochloride,CVCL_0334,1979,2198
Elimusertib hydrochloride,CVCL_0359,4148,4276
Elimusertib hydrochloride,CVCL_0366,2883,2973
Elimusertib hydrochloride,CVCL_0371,4775,4993
Elimusertib hydrochloride,CVCL_0397,3517,3732
Elimusertib hydrochloride,CVCL_0399,6331,6946
Elimusertib hydrochloride,CVCL_0428,2037,2102
Elimusertib hydrochloride,CVCL_0459,8081,8503
Elimusertib hydrochloride,CVCL_0480,4998,5118
Elimusertib hydrochloride,CVCL_0504,4513,4958
Elimusertib hydrochloride,CVCL_0546,10494,11243
Elimusertib hydrochloride,CVCL_1055,2626,2699
Elimusertib hydrochloride,CVCL_1056,4093,4176
Elimusertib hydrochloride,CVCL_1094,3278,3497
Elimusertib hydrochloride,CVCL_1097,3432,3643
Elimusertib hydrochloride,CVCL_1098,2659,2906
Elimusertib hydrochloride,CVCL_1119,4566,4742
Elimusertib hydrochloride,CVCL_1125,581,663
Elimusertib hydrochloride,CVCL_1239,1389,1450
Elimusertib hydrochloride,CVCL_1285,5055,5274
Elimusertib hydrochloride,CVCL_1381,3787,3962
Elimusertib hydrochloride,CVCL_1478,3827,4212
Elimusertib hydrochloride,CVCL_1495,2421,2504
Elimusertib hydrochloride,CVCL_1517,4755,4840
Elimusertib hydrochloride,CVCL_1531,61,92
Elimusertib hydrochloride,CVCL_1547,3452,3609
Elimusertib hydrochloride,CVCL_1550,5144,5391
Elimusertib hydrochloride,CVCL_1571,58,85
Elimusertib hydrochloride,CVCL_1577,204,229
Elimusertib hydrochloride,CVCL_1635,3049,3180
Elimusertib hydrochloride,CVCL_1666,2840,3065
Elimusertib hydrochloride,CVCL_1693,2419,2655
Elimusertib hydrochloride,CVCL_1715,275,310
Elimusertib hydrochloride,CVCL_1716,354,395
Elimusertib hydrochloride,CVCL_1717,4090,4305
Elimusertib hydrochloride,CVCL_1724,1747,1908
Elimusertib hydrochloride,CVCL_1731,2745,2903
Elimusertib hydrochloride,CVCL_C466,3474,3712
Encorafenib,CVCL_0023,5636,5735
Encorafenib,CVCL_0028,1141,1238
Encorafenib,CVCL_0069,1784,1865
Encorafenib,CVCL_0099,1431,1567
Encorafenib,CVCL_0131,5615,5649
Encorafenib,CVCL_0152,5166,5761
Encorafenib,CVCL_0179,3072,3199
Encorafenib,CVCL_0218,2652,2795
Encorafenib,CVCL_0292,2393,2944
Encorafenib,CVCL_0293,6900,7347
Encorafenib,CVCL_0320,5104,5242
Encorafenib,CVCL_0332,3349,3403
Encorafenib,CVCL_0334,2219,2503
Encorafenib,CVCL_0359,3878,3931
Encorafenib,CVCL_0366,3697,3745
Encorafenib,CVCL_0371,5805,5997
Encorafenib,CVCL_0397,4582,4912
Encorafenib,CVCL_0399,6759,7492
Encorafenib,CVCL_0428,2153,2195
Encorafenib,CVCL_0459,12081,12412
Encorafenib,CVCL_0480,6410,6509
Encorafenib,CVCL_0504,4505,4808
Encorafenib,CVCL_0546,12012,12646
Encorafenib,CVCL_1055,2225,2266
Encorafenib,CVCL_1056,4671,4726
Encorafenib,CVCL_1094,2662,2784
Encorafenib,CVCL_1097,4544,4833
Encorafenib,CVCL_1098,3415,3745
Encorafenib,CVCL_1119,4371,4439
Encorafenib,CVCL_1125,695,762
Encorafenib,CVCL_1239,2080,2127
Encorafenib,CVCL_1285,6480,6633
Encorafenib,CVCL_1381,3807,3887
Encorafenib,CVCL_1478,4283,4790
Encorafenib,CVCL_1495,3067,3140
Encorafenib,CVCL_1517,6174,6277
Encorafenib,CVCL_1531,61,83
Encorafenib,CVCL_1547,3840,3920
Encorafenib,CVCL_1550,4766,5005
Encorafenib,CVCL_1571,45,70
Encorafenib,CVCL_1577,190,210
Encorafenib,CVCL_1635,3455,3534
Encorafenib,CVCL_1666,3343,3583
Encorafenib,CVCL_1693,2247,2425
Encorafenib,CVCL_1715,739,761
Encorafenib,CVCL_1716,537,589
Encorafenib,CVCL_1717,4570,4737
Encorafenib,CVCL_1724,2630,2856
Encorafenib,CVCL_1731,3751,3891
Encorafenib,CVCL_C466,4564,4844
Entecavir (monohydrate),CVCL_0023,8197,8636
Entecavir (monohydrate),CVCL_0028,1373,1648
Entecavir (monohydrate),CVCL_0069,5482,5736
Entecavir (monohydrate),CVCL_0099,4855,5609
Entecavir (monohydrate),CVCL_0131,6503,6623
Entecavir (monohydrate),CVCL_0152,5461,6077
Entecavir (monohydrate),CVCL_0179,3512,3673
Entecavir (monohydrate),CVCL_0218,4515,4834
Entecavir (monohydrate),CVCL_0292,4866,5779
Entecavir (monohydrate),CVCL_0293,6932,7706
Entecavir (monohydrate),CVCL_0320,6678,6880
Entecavir (monohydrate),CVCL_0332,7294,7467
Entecavir (monohydrate),CVCL_0334,13144,14255
Entecavir (monohydrate),CVCL_0359,7873,8021
Entecavir (monohydrate),CVCL_0366,5329,5440
Entecavir (monohydrate),CVCL_0371,7053,7388
Entecavir (monohydrate),CVCL_0397,6155,6560
Entecavir (monohydrate),CVCL_0399,8370,9107
Entecavir (monohydrate),CVCL_0428,10390,10728
Entecavir (monohydrate),CVCL_0459,24579,25461
Entecavir (monohydrate),CVCL_0480,17095,17319
Entecavir (monohydrate),CVCL_0504,6509,7448
Entecavir (monohydrate),CVCL_0546,19897,21290
Entecavir (monohydrate),CVCL_1055,4686,4790
Entecavir (monohydrate),CVCL_1056,11649,11752
Entecavir (monohydrate),CVCL_1094,4078,4739
Entecavir (monohydrate),CVCL_1097,5749,6240
Entecavir (monohydrate),CVCL_1098,2920,3300
Entecavir (monohydrate),CVCL_1119,8104,8443
Entecavir (monohydrate),CVCL_1125,2082,2341
Entecavir (monohydrate),CVCL_1239,4831,4961
Entecavir (monohydrate),CVCL_1285,12111,12507
Entecavir (monohydrate),CVCL_1381,8022,8230
Entecavir (monohydrate),CVCL_1478,5768,6377
Entecavir (monohydrate),CVCL_1495,6988,7119
Entecavir (monohydrate),CVCL_1517,5201,5304
Entecavir (monohydrate),CVCL_1531,70,101
Entecavir (monohydrate),CVCL_1547,6221,6418
Entecavir (monohydrate),CVCL_1550,6665,6936
Entecavir (monohydrate),CVCL_1571,57,95
Entecavir (monohydrate),CVCL_1577,476,524
Entecavir (monohydrate),CVCL_1635,5837,6029
Entecavir (monohydrate),CVCL_1666,5487,5941
Entecavir (monohydrate),CVCL_1693,9509,10487
Entecavir (monohydrate),CVCL_1715,314,347
Entecavir (monohydrate),CVCL_1716,596,642
Entecavir (monohydrate),CVCL_1717,5552,5945
Entecavir (monohydrate),CVCL_1724,2626,2936
Entecavir (monohydrate),CVCL_1731,6553,6780
Entecavir (monohydrate),CVCL_C466,4928,5343
Entrectinib,CVCL_0023,5968,6064
Entrectinib,CVCL_0028,1515,1633
Entrectinib,CVCL_0069,4687,4779
Entrectinib,CVCL_0099,4574,4854
Entrectinib,CVCL_0131,4729,4759
Entrectinib,CVCL_0152,4612,4921
Entrectinib,CVCL_0179,2769,2871
Entrectinib,CVCL_0218,3683,3733
Entrectinib,CVCL_0292,4595,4843
Entrectinib,CVCL_0293,5291,5785
Entrectinib,CVCL_0320,5151,5248
Entrectinib,CVCL_0332,4686,4761
Entrectinib,CVCL_0334,9694,10045
Entrectinib,CVCL_0359,5794,5853
Entrectinib,CVCL_0366,3117,3186
Entrectinib,CVCL_0371,5280,5398
Entrectinib,CVCL_0397,4334,4513
Entrectinib,CVCL_0399,6653,7004
Entrectinib,CVCL_0428,8542,8650
Entrectinib,CVCL_0459,16640,16870
Entrectinib,CVCL_0480,11969,12146
Entrectinib,CVCL_0504,5639,5841
Entrectinib,CVCL_0546,17052,17380
Entrectinib,CVCL_1055,3494,3612
Entrectinib,CVCL_1056,7534,7645
Entrectinib,CVCL_1094,4104,4305
Entrectinib,CVCL_1097,4714,4819
Entrectinib,CVCL_1098,2593,2758
Entrectinib,CVCL_1119,6626,6789
Entrectinib,CVCL_1125,1453,1523
Entrectinib,CVCL_1239,3215,3256
Entrectinib,CVCL_1285,8451,8559
Entrectinib,CVCL_1381,5929,6029
Entrectinib,CVCL_1478,4486,5202
Entrectinib,CVCL_1495,4711,4761
Entrectinib,CVCL_1517,3155,3234
Entrectinib,CVCL_1531,48,67
Entrectinib,CVCL_1547,4108,4173
Entrectinib,CVCL_1550,5129,5467
Entrectinib,CVCL_1571,51,68
Entrectinib,CVCL_1577,319,347
Entrectinib,CVCL_1635,4324,4403
Entrectinib,CVCL_1666,4343,4440
Entrectinib,CVCL_1693,8607,8955
Entrectinib,CVCL_1715,192,211
Entrectinib,CVCL_1716,477,498
Entrectinib,CVCL_1717,4554,4746
Entrectinib,CVCL_1724,2260,2346
Entrectinib,CVCL_1731,4704,4783
Entrectinib,CVCL_C466,3646,3726
Epirubicin (hydrochloride),CVCL_0023,4231,4295
Epirubicin (hydrochloride),CVCL_0028,785,918
Epirubicin (hydrochloride),CVCL_0069,1849,1959
Epirubicin (hydrochloride),CVCL_0099,1932,2096
Epirubicin (hydrochloride),CVCL_0131,2098,2203
Epirubicin (hydrochloride),CVCL_0152,3334,3651
Epirubicin (hydrochloride),CVCL_0179,1508,1593
Epirubicin (hydrochloride),CVCL_0218,2425,2517
Epirubicin (hydrochloride),CVCL_0292,3502,3736
Epirubicin (hydrochloride),CVCL_0293,2414,2792
Epirubicin (hydrochloride),CVCL_0320,3883,4087
Epirubicin (hydrochloride),CVCL_0332,2747,2881
Epirubicin (hydrochloride),CVCL_0334,6176,6508
Epirubicin (hydrochloride),CVCL_0359,3150,3255
Epirubicin (hydrochloride),CVCL_0366,1933,2090
Epirubicin (hydrochloride),CVCL_0371,3997,4121
Epirubicin (hydrochloride),CVCL_0397,3343,3539
Epirubicin (hydrochloride),CVCL_0399,4652,5028
Epirubicin (hydrochloride),CVCL_0428,4456,4656
Epirubicin (hydrochloride),CVCL_0459,9104,9387
Epirubicin (hydrochloride),CVCL_0480,7855,8058
Epirubicin (hydrochloride),CVCL_0504,2260,2529
Epirubicin (hydrochloride),CVCL_0546,9427,9824
Epirubicin (hydrochloride),CVCL_1055,1536,1652
Epirubicin (hydrochloride),CVCL_1056,4778,4879
Epirubicin (hydrochloride),CVCL_1094,2405,2658
Epirubicin (hydrochloride),CVCL_1097,2447,2615
Epirubicin (hydrochloride),CVCL_1098,1574,1720
Epirubicin (hydrochloride),CVCL_1119,4782,4945
Epirubicin (hydrochloride),CVCL_1125,997,1080
Epirubicin (hydrochloride),CVCL_1239,1240,1299
Epirubicin (hydrochloride),CVCL_1285,4634,4925
Epirubicin (hydrochloride),CVCL_1381,2701,2943
Epirubicin (hydrochloride),CVCL_1478,3631,4194
Epirubicin (hydrochloride),CVCL_1495,3624,3712
Epirubicin (hydrochloride),CVCL_1517,1915,2025
Epirubicin (hydrochloride),CVCL_1531,51,93
Epirubicin (hydrochloride),CVCL_1547,1350,1453
Epirubicin (hydrochloride),CVCL_1550,3047,3323
Epirubicin (hydrochloride),CVCL_1571,45,98
Epirubicin (hydrochloride),CVCL_1577,248,306
Epirubicin (hydrochloride),CVCL_1635,2735,2842
Epirubicin (hydrochloride),CVCL_1666,2226,2348
Epirubicin (hydrochloride),CVCL_1693,6402,6639
Epirubicin (hydrochloride),CVCL_1715,189,236
Epirubicin (hydrochloride),CVCL_1716,260,303
Epirubicin (hydrochloride),CVCL_1717,3048,3293
Epirubicin (hydrochloride),CVCL_1724,1219,1368
Epirubicin (hydrochloride),CVCL_1731,2634,2853
Epirubicin (hydrochloride),CVCL_C466,2071,2255
Eplerenone,CVCL_0023,5356,5651
Eplerenone,CVCL_0028,1030,1223
Eplerenone,CVCL_0069,3929,4110
Eplerenone,CVCL_0099,3389,3949
Eplerenone,CVCL_0131,4135,4243
Eplerenone,CVCL_0152,3700,4204
Eplerenone,CVCL_0179,2482,2639
Eplerenone,CVCL_0218,3192,3439
Eplerenone,CVCL_0292,3482,4041
Eplerenone,CVCL_0293,4336,4993
Eplerenone,CVCL_0320,4457,4652
Eplerenone,CVCL_0332,4173,4291
Eplerenone,CVCL_0334,8223,9141
Eplerenone,CVCL_0359,5450,5591
Eplerenone,CVCL_0366,2863,2959
Eplerenone,CVCL_0371,4655,4912
Eplerenone,CVCL_0397,3641,3900
Eplerenone,CVCL_0399,5931,6470
Eplerenone,CVCL_0428,8346,8588
Eplerenone,CVCL_0459,12758,13439
Eplerenone,CVCL_0480,11144,11336
Eplerenone,CVCL_0504,4883,5494
Eplerenone,CVCL_0546,13868,14916
Eplerenone,CVCL_1055,3478,3588
Eplerenone,CVCL_1056,6294,6386
Eplerenone,CVCL_1094,3257,3778
Eplerenone,CVCL_1097,3723,4087
Eplerenone,CVCL_1098,1562,1791
Eplerenone,CVCL_1119,6430,6741
Eplerenone,CVCL_1125,1487,1697
Eplerenone,CVCL_1239,2622,2704
Eplerenone,CVCL_1285,7704,8042
Eplerenone,CVCL_1381,5448,5685
Eplerenone,CVCL_1478,3999,4594
Eplerenone,CVCL_1495,4931,5083
Eplerenone,CVCL_1517,2601,2693
Eplerenone,CVCL_1531,54,78
Eplerenone,CVCL_1547,3736,3911
Eplerenone,CVCL_1550,5196,5448
Eplerenone,CVCL_1571,48,78
Eplerenone,CVCL_1577,351,382
Eplerenone,CVCL_1635,4096,4235
Eplerenone,CVCL_1666,3666,4005
Eplerenone,CVCL_1693,7381,8175
Eplerenone,CVCL_1715,144,176
Eplerenone,CVCL_1716,397,435
Eplerenone,CVCL_1717,3952,4289
Eplerenone,CVCL_1724,1746,2001
Eplerenone,CVCL_1731,3835,4040
Eplerenone,CVCL_C466,2836,3097
Erdafitinib ,CVCL_0023,3089,3224
Erdafitinib ,CVCL_0028,644,734
Erdafitinib ,CVCL_0069,1490,1575
Erdafitinib ,CVCL_0099,907,1012
Erdafitinib ,CVCL_0131,3155,3192
Erdafitinib ,CVCL_0152,3350,3761
Erdafitinib ,CVCL_0179,1889,1938
Erdafitinib ,CVCL_0218,1774,1927
Erdafitinib ,CVCL_0292,1262,1578
Erdafitinib ,CVCL_0293,4114,4452
Erdafitinib ,CVCL_0320,3513,3656
Erdafitinib ,CVCL_0332,1879,1928
Erdafitinib ,CVCL_0334,1228,1417
Erdafitinib ,CVCL_0359,2177,2235
Erdafitinib ,CVCL_0366,1767,1822
Erdafitinib ,CVCL_0371,3206,3380
Erdafitinib ,CVCL_0397,2882,3156
Erdafitinib ,CVCL_0399,4414,4918
Erdafitinib ,CVCL_0428,1216,1244
Erdafitinib ,CVCL_0459,6293,6679
Erdafitinib ,CVCL_0480,3672,3749
Erdafitinib ,CVCL_0504,2808,3049
Erdafitinib ,CVCL_0546,6487,7075
Erdafitinib ,CVCL_1055,1616,1652
Erdafitinib ,CVCL_1056,2436,2482
Erdafitinib ,CVCL_1094,1613,1720
Erdafitinib ,CVCL_1097,2549,2746
Erdafitinib ,CVCL_1098,1595,1778
Erdafitinib ,CVCL_1119,2905,3005
Erdafitinib ,CVCL_1125,414,476
Erdafitinib ,CVCL_1239,1050,1106
Erdafitinib ,CVCL_1285,3329,3533
Erdafitinib ,CVCL_1381,2451,2548
Erdafitinib ,CVCL_1478,2699,3020
Erdafitinib ,CVCL_1495,1901,1986
Erdafitinib ,CVCL_1517,3864,3907
Erdafitinib ,CVCL_1531,46,61
Erdafitinib ,CVCL_1547,2252,2310
Erdafitinib ,CVCL_1550,3329,3486
Erdafitinib ,CVCL_1571,24,47
Erdafitinib ,CVCL_1577,126,145
Erdafitinib ,CVCL_1635,2229,2309
Erdafitinib ,CVCL_1666,1742,1940
Erdafitinib ,CVCL_1693,1173,1300
Erdafitinib ,CVCL_1715,331,353
Erdafitinib ,CVCL_1716,238,287
Erdafitinib ,CVCL_1717,2726,2860
Erdafitinib ,CVCL_1724,1357,1506
Erdafitinib ,CVCL_1731,1932,2094
Erdafitinib ,CVCL_C466,2189,2443
Erlotinib,CVCL_0023,5892,6118
Erlotinib,CVCL_0028,948,1122
Erlotinib,CVCL_0069,4420,4601
Erlotinib,CVCL_0099,3516,4043
Erlotinib,CVCL_0131,4848,4963
Erlotinib,CVCL_0152,4869,5366
Erlotinib,CVCL_0179,2735,2882
Erlotinib,CVCL_0218,3947,4143
Erlotinib,CVCL_0292,4195,4811
Erlotinib,CVCL_0293,5896,6504
Erlotinib,CVCL_0320,5658,5815
Erlotinib,CVCL_0332,4837,4952
Erlotinib,CVCL_0334,9143,9966
Erlotinib,CVCL_0359,5269,5377
Erlotinib,CVCL_0366,3032,3102
Erlotinib,CVCL_0371,6112,6379
Erlotinib,CVCL_0397,5004,5235
Erlotinib,CVCL_0399,6979,7486
Erlotinib,CVCL_0428,8312,8502
Erlotinib,CVCL_0459,16974,17554
Erlotinib,CVCL_0480,12822,12944
Erlotinib,CVCL_0504,5419,5965
Erlotinib,CVCL_0546,17160,18124
Erlotinib,CVCL_1055,3530,3613
Erlotinib,CVCL_1056,7227,7315
Erlotinib,CVCL_1094,3111,3576
Erlotinib,CVCL_1097,4603,4894
Erlotinib,CVCL_1098,1830,2028
Erlotinib,CVCL_1119,6984,7201
Erlotinib,CVCL_1125,1751,1930
Erlotinib,CVCL_1239,2834,2912
Erlotinib,CVCL_1285,8337,8548
Erlotinib,CVCL_1381,5513,5649
Erlotinib,CVCL_1478,5032,5615
Erlotinib,CVCL_1495,5188,5285
Erlotinib,CVCL_1517,3382,3483
Erlotinib,CVCL_1531,64,101
Erlotinib,CVCL_1547,4068,4186
Erlotinib,CVCL_1550,5864,6098
Erlotinib,CVCL_1571,39,68
Erlotinib,CVCL_1577,405,437
Erlotinib,CVCL_1635,4864,4980
Erlotinib,CVCL_1666,4057,4338
Erlotinib,CVCL_1693,7421,8133
Erlotinib,CVCL_1715,189,223
Erlotinib,CVCL_1716,467,511
Erlotinib,CVCL_1717,4799,5144
Erlotinib,CVCL_1724,2261,2504
Erlotinib,CVCL_1731,4580,4744
Erlotinib,CVCL_C466,3178,3390
Erythromycin,CVCL_0023,4740,4790
Erythromycin,CVCL_0028,1124,1177
Erythromycin,CVCL_0069,3229,3317
Erythromycin,CVCL_0099,3373,3530
Erythromycin,CVCL_0131,3424,3459
Erythromycin,CVCL_0152,3382,3637
Erythromycin,CVCL_0179,2119,2190
Erythromycin,CVCL_0218,2719,2791
Erythromycin,CVCL_0292,3564,3710
Erythromycin,CVCL_0293,3602,4037
Erythromycin,CVCL_0320,3919,4000
Erythromycin,CVCL_0332,3547,3605
Erythromycin,CVCL_0334,7465,7802
Erythromycin,CVCL_0359,4485,4548
Erythromycin,CVCL_0366,2319,2400
Erythromycin,CVCL_0371,3937,4035
Erythromycin,CVCL_0397,3245,3474
Erythromycin,CVCL_0399,4887,5212
Erythromycin,CVCL_0428,7367,7436
Erythromycin,CVCL_0459,12746,12878
Erythromycin,CVCL_0480,9258,9426
Erythromycin,CVCL_0504,4542,4683
Erythromycin,CVCL_0546,12557,12816
Erythromycin,CVCL_1055,2612,2742
Erythromycin,CVCL_1056,5416,5512
Erythromycin,CVCL_1094,3260,3371
Erythromycin,CVCL_1097,3708,3781
Erythromycin,CVCL_1098,1391,1480
Erythromycin,CVCL_1119,4939,5071
Erythromycin,CVCL_1125,1394,1432
Erythromycin,CVCL_1239,2450,2480
Erythromycin,CVCL_1285,6646,6731
Erythromycin,CVCL_1381,4451,4542
Erythromycin,CVCL_1478,3161,3691
Erythromycin,CVCL_1495,3912,3962
Erythromycin,CVCL_1517,2218,2316
Erythromycin,CVCL_1531,47,79
Erythromycin,CVCL_1547,3150,3202
Erythromycin,CVCL_1550,3920,4190
Erythromycin,CVCL_1571,30,45
Erythromycin,CVCL_1577,263,296
Erythromycin,CVCL_1635,3442,3498
Erythromycin,CVCL_1666,3588,3660
Erythromycin,CVCL_1693,6300,6505
Erythromycin,CVCL_1715,197,214
Erythromycin,CVCL_1716,334,352
Erythromycin,CVCL_1717,3313,3486
Erythromycin,CVCL_1724,1792,1882
Erythromycin,CVCL_1731,3174,3258
Erythromycin,CVCL_C466,2886,2959
Esmolol (hydrochloride),CVCL_0023,8777,8913
Esmolol (hydrochloride),CVCL_0028,1732,1854
Esmolol (hydrochloride),CVCL_0069,5202,5329
Esmolol (hydrochloride),CVCL_0099,5682,6039
Esmolol (hydrochloride),CVCL_0131,6397,6448
Esmolol (hydrochloride),CVCL_0152,5877,6296
Esmolol (hydrochloride),CVCL_0179,3495,3568
Esmolol (hydrochloride),CVCL_0218,4546,4653
Esmolol (hydrochloride),CVCL_0292,5448,5968
Esmolol (hydrochloride),CVCL_0293,6948,7670
Esmolol (hydrochloride),CVCL_0320,6725,6841
Esmolol (hydrochloride),CVCL_0332,7219,7338
Esmolol (hydrochloride),CVCL_0334,14034,14655
Esmolol (hydrochloride),CVCL_0359,8298,8385
Esmolol (hydrochloride),CVCL_0366,5464,5528
Esmolol (hydrochloride),CVCL_0371,6779,6972
Esmolol (hydrochloride),CVCL_0397,5923,6295
Esmolol (hydrochloride),CVCL_0399,8486,9044
Esmolol (hydrochloride),CVCL_0428,10965,11125
Esmolol (hydrochloride),CVCL_0459,24582,24930
Esmolol (hydrochloride),CVCL_0480,17119,17289
Esmolol (hydrochloride),CVCL_0504,7265,7621
Esmolol (hydrochloride),CVCL_0546,21792,22415
Esmolol (hydrochloride),CVCL_1055,4129,4238
Esmolol (hydrochloride),CVCL_1056,11376,11489
Esmolol (hydrochloride),CVCL_1094,4833,5125
Esmolol (hydrochloride),CVCL_1097,6457,6683
Esmolol (hydrochloride),CVCL_1098,3285,3461
Esmolol (hydrochloride),CVCL_1119,7660,7859
Esmolol (hydrochloride),CVCL_1125,2138,2264
Esmolol (hydrochloride),CVCL_1239,4777,4836
Esmolol (hydrochloride),CVCL_1285,12993,13186
Esmolol (hydrochloride),CVCL_1381,8326,8444
Esmolol (hydrochloride),CVCL_1478,6182,6814
Esmolol (hydrochloride),CVCL_1495,6741,6816
Esmolol (hydrochloride),CVCL_1517,4926,5023
Esmolol (hydrochloride),CVCL_1531,69,94
Esmolol (hydrochloride),CVCL_1547,6055,6147
Esmolol (hydrochloride),CVCL_1550,6344,6706
Esmolol (hydrochloride),CVCL_1571,44,65
Esmolol (hydrochloride),CVCL_1577,360,386
Esmolol (hydrochloride),CVCL_1635,5460,5548
Esmolol (hydrochloride),CVCL_1666,5922,6128
Esmolol (hydrochloride),CVCL_1693,11384,11811
Esmolol (hydrochloride),CVCL_1715,287,308
Esmolol (hydrochloride),CVCL_1716,642,671
Esmolol (hydrochloride),CVCL_1717,5812,6081
Esmolol (hydrochloride),CVCL_1724,2860,3067
Esmolol (hydrochloride),CVCL_1731,6470,6593
Esmolol (hydrochloride),CVCL_C466,6125,6312
Estrone sulfate (potassium),CVCL_0023,5828,6115
Estrone sulfate (potassium),CVCL_0028,1073,1289
Estrone sulfate (potassium),CVCL_0069,3956,4145
Estrone sulfate (potassium),CVCL_0099,3463,3998
Estrone sulfate (potassium),CVCL_0131,4488,4578
Estrone sulfate (potassium),CVCL_0152,3813,4282
Estrone sulfate (potassium),CVCL_0179,2313,2430
Estrone sulfate (potassium),CVCL_0218,2891,3077
Estrone sulfate (potassium),CVCL_0292,3127,3732
Estrone sulfate (potassium),CVCL_0293,4639,5221
Estrone sulfate (potassium),CVCL_0320,4693,4832
Estrone sulfate (potassium),CVCL_0332,4579,4690
Estrone sulfate (potassium),CVCL_0334,9016,9851
Estrone sulfate (potassium),CVCL_0359,5544,5687
Estrone sulfate (potassium),CVCL_0366,3383,3467
Estrone sulfate (potassium),CVCL_0371,4677,4909
Estrone sulfate (potassium),CVCL_0397,3826,4064
Estrone sulfate (potassium),CVCL_0399,5743,6251
Estrone sulfate (potassium),CVCL_0428,8564,8816
Estrone sulfate (potassium),CVCL_0459,15240,15987
Estrone sulfate (potassium),CVCL_0480,12054,12219
Estrone sulfate (potassium),CVCL_0504,4473,5092
Estrone sulfate (potassium),CVCL_0546,14020,15015
Estrone sulfate (potassium),CVCL_1055,3265,3355
Estrone sulfate (potassium),CVCL_1056,7650,7742
Estrone sulfate (potassium),CVCL_1094,3022,3485
Estrone sulfate (potassium),CVCL_1097,3973,4340
Estrone sulfate (potassium),CVCL_1098,2059,2267
Estrone sulfate (potassium),CVCL_1119,5911,6165
Estrone sulfate (potassium),CVCL_1125,1318,1500
Estrone sulfate (potassium),CVCL_1239,3018,3103
Estrone sulfate (potassium),CVCL_1285,8734,8988
Estrone sulfate (potassium),CVCL_1381,5520,5704
Estrone sulfate (potassium),CVCL_1478,4044,4600
Estrone sulfate (potassium),CVCL_1495,4814,4949
Estrone sulfate (potassium),CVCL_1517,3312,3398
Estrone sulfate (potassium),CVCL_1531,78,101
Estrone sulfate (potassium),CVCL_1547,4138,4273
Estrone sulfate (potassium),CVCL_1550,4834,5031
Estrone sulfate (potassium),CVCL_1571,48,76
Estrone sulfate (potassium),CVCL_1577,305,329
Estrone sulfate (potassium),CVCL_1635,3999,4114
Estrone sulfate (potassium),CVCL_1666,3677,4004
Estrone sulfate (potassium),CVCL_1693,6683,7326
Estrone sulfate (potassium),CVCL_1715,197,232
Estrone sulfate (potassium),CVCL_1716,483,536
Estrone sulfate (potassium),CVCL_1717,3984,4292
Estrone sulfate (potassium),CVCL_1724,1721,1949
Estrone sulfate (potassium),CVCL_1731,4301,4475
Estrone sulfate (potassium),CVCL_C466,3376,3674
Everolimus,CVCL_0023,9905,10395
Everolimus,CVCL_0028,2007,2494
Everolimus,CVCL_0069,4631,4984
Everolimus,CVCL_0099,2879,3260
Everolimus,CVCL_0131,10693,10942
Everolimus,CVCL_0152,10615,11896
Everolimus,CVCL_0179,4974,5224
Everolimus,CVCL_0218,5559,6049
Everolimus,CVCL_0292,4558,5444
Everolimus,CVCL_0293,12642,13733
Everolimus,CVCL_0320,9540,10187
Everolimus,CVCL_0332,5871,6108
Everolimus,CVCL_0334,4028,4618
Everolimus,CVCL_0359,7971,8279
Everolimus,CVCL_0366,6261,6586
Everolimus,CVCL_0371,9543,10156
Everolimus,CVCL_0397,8273,8981
Everolimus,CVCL_0399,14282,15688
Everolimus,CVCL_0428,4421,4607
Everolimus,CVCL_0459,19757,20961
Everolimus,CVCL_0480,11805,12096
Everolimus,CVCL_0504,7941,8797
Everolimus,CVCL_0546,20633,22282
Everolimus,CVCL_1055,5066,5280
Everolimus,CVCL_1056,9087,9331
Everolimus,CVCL_1094,4948,5483
Everolimus,CVCL_1097,8257,8900
Everolimus,CVCL_1098,5927,6653
Everolimus,CVCL_1119,8392,8818
Everolimus,CVCL_1125,1703,2041
Everolimus,CVCL_1239,3185,3475
Everolimus,CVCL_1285,11841,12570
Everolimus,CVCL_1381,7386,7884
Everolimus,CVCL_1478,8439,9288
Everolimus,CVCL_1495,6324,6653
Everolimus,CVCL_1517,11539,11821
Everolimus,CVCL_1531,157,279
Everolimus,CVCL_1547,7116,7422
Everolimus,CVCL_1550,9531,10126
Everolimus,CVCL_1571,115,244
Everolimus,CVCL_1577,470,591
Everolimus,CVCL_1635,6600,6957
Everolimus,CVCL_1666,5589,6270
Everolimus,CVCL_1693,3755,4235
Everolimus,CVCL_1715,908,1078
Everolimus,CVCL_1716,816,975
Everolimus,CVCL_1717,8295,8864
Everolimus,CVCL_1724,4277,4736
Everolimus,CVCL_1731,6211,6768
Everolimus,CVCL_C466,7463,8342
Fedratinib (hydrochloride hydrate),CVCL_0023,6875,7051
Fedratinib (hydrochloride hydrate),CVCL_0028,1351,1505
Fedratinib (hydrochloride hydrate),CVCL_0069,4033,4145
Fedratinib (hydrochloride hydrate),CVCL_0099,3331,3682
Fedratinib (hydrochloride hydrate),CVCL_0131,4208,4264
Fedratinib (hydrochloride hydrate),CVCL_0152,4739,5164
Fedratinib (hydrochloride hydrate),CVCL_0179,2636,2739
Fedratinib (hydrochloride hydrate),CVCL_0218,3598,3746
Fedratinib (hydrochloride hydrate),CVCL_0292,4017,4459
Fedratinib (hydrochloride hydrate),CVCL_0293,5072,5605
Fedratinib (hydrochloride hydrate),CVCL_0320,5061,5177
Fedratinib (hydrochloride hydrate),CVCL_0332,5037,5142
Fedratinib (hydrochloride hydrate),CVCL_0334,10740,11410
Fedratinib (hydrochloride hydrate),CVCL_0359,6752,6843
Fedratinib (hydrochloride hydrate),CVCL_0366,3442,3522
Fedratinib (hydrochloride hydrate),CVCL_0371,5161,5320
Fedratinib (hydrochloride hydrate),CVCL_0397,4613,4864
Fedratinib (hydrochloride hydrate),CVCL_0399,6290,6708
Fedratinib (hydrochloride hydrate),CVCL_0428,9894,10026
Fedratinib (hydrochloride hydrate),CVCL_0459,17714,18112
Fedratinib (hydrochloride hydrate),CVCL_0480,13358,13510
Fedratinib (hydrochloride hydrate),CVCL_0504,5679,6087
Fedratinib (hydrochloride hydrate),CVCL_0546,16826,17451
Fedratinib (hydrochloride hydrate),CVCL_1055,2599,2697
Fedratinib (hydrochloride hydrate),CVCL_1056,8394,8504
Fedratinib (hydrochloride hydrate),CVCL_1094,3789,4138
Fedratinib (hydrochloride hydrate),CVCL_1097,4701,4940
Fedratinib (hydrochloride hydrate),CVCL_1098,1892,2067
Fedratinib (hydrochloride hydrate),CVCL_1119,6724,6921
Fedratinib (hydrochloride hydrate),CVCL_1125,1171,1265
Fedratinib (hydrochloride hydrate),CVCL_1239,2583,2640
Fedratinib (hydrochloride hydrate),CVCL_1285,10098,10329
Fedratinib (hydrochloride hydrate),CVCL_1381,5801,5958
Fedratinib (hydrochloride hydrate),CVCL_1478,4514,5067
Fedratinib (hydrochloride hydrate),CVCL_1495,4766,4827
Fedratinib (hydrochloride hydrate),CVCL_1517,3581,3662
Fedratinib (hydrochloride hydrate),CVCL_1531,81,104
Fedratinib (hydrochloride hydrate),CVCL_1547,4273,4378
Fedratinib (hydrochloride hydrate),CVCL_1550,5580,5823
Fedratinib (hydrochloride hydrate),CVCL_1571,40,57
Fedratinib (hydrochloride hydrate),CVCL_1577,326,347
Fedratinib (hydrochloride hydrate),CVCL_1635,4518,4590
Fedratinib (hydrochloride hydrate),CVCL_1666,4284,4506
Fedratinib (hydrochloride hydrate),CVCL_1693,8347,8861
Fedratinib (hydrochloride hydrate),CVCL_1715,249,275
Fedratinib (hydrochloride hydrate),CVCL_1716,539,567
Fedratinib (hydrochloride hydrate),CVCL_1717,4493,4747
Fedratinib (hydrochloride hydrate),CVCL_1724,2004,2220
Fedratinib (hydrochloride hydrate),CVCL_1731,4755,4868
Fedratinib (hydrochloride hydrate),CVCL_C466,3992,4166
Fenofibrate,CVCL_0023,4879,5058
Fenofibrate,CVCL_0028,989,1129
Fenofibrate,CVCL_0069,4094,4252
Fenofibrate,CVCL_0099,3607,4008
Fenofibrate,CVCL_0131,4218,4287
Fenofibrate,CVCL_0152,4114,4518
Fenofibrate,CVCL_0179,2607,2747
Fenofibrate,CVCL_0218,3453,3605
Fenofibrate,CVCL_0292,3640,4084
Fenofibrate,CVCL_0293,4688,5131
Fenofibrate,CVCL_0320,4937,5066
Fenofibrate,CVCL_0332,3782,3869
Fenofibrate,CVCL_0334,8044,8719
Fenofibrate,CVCL_0359,4361,4448
Fenofibrate,CVCL_0366,2370,2442
Fenofibrate,CVCL_0371,5322,5506
Fenofibrate,CVCL_0397,4059,4258
Fenofibrate,CVCL_0399,6050,6472
Fenofibrate,CVCL_0428,7862,8005
Fenofibrate,CVCL_0459,12537,12935
Fenofibrate,CVCL_0480,10631,10759
Fenofibrate,CVCL_0504,4535,4962
Fenofibrate,CVCL_0546,14938,15731
Fenofibrate,CVCL_1055,3779,3874
Fenofibrate,CVCL_1056,5669,5753
Fenofibrate,CVCL_1094,3118,3507
Fenofibrate,CVCL_1097,3706,3914
Fenofibrate,CVCL_1098,1649,1799
Fenofibrate,CVCL_1119,6297,6535
Fenofibrate,CVCL_1125,1523,1655
Fenofibrate,CVCL_1239,2440,2499
Fenofibrate,CVCL_1285,6596,6759
Fenofibrate,CVCL_1381,4969,5104
Fenofibrate,CVCL_1478,4860,5494
Fenofibrate,CVCL_1495,4533,4610
Fenofibrate,CVCL_1517,2602,2677
Fenofibrate,CVCL_1531,43,55
Fenofibrate,CVCL_1547,3462,3564
Fenofibrate,CVCL_1550,5221,5497
Fenofibrate,CVCL_1571,29,44
Fenofibrate,CVCL_1577,389,415
Fenofibrate,CVCL_1635,4209,4322
Fenofibrate,CVCL_1666,3466,3662
Fenofibrate,CVCL_1693,7099,7653
Fenofibrate,CVCL_1715,143,158
Fenofibrate,CVCL_1716,366,400
Fenofibrate,CVCL_1717,4252,4548
Fenofibrate,CVCL_1724,1938,2139
Fenofibrate,CVCL_1731,3716,3845
Fenofibrate,CVCL_C466,2383,2509
Ferulic acid,CVCL_0023,3229,3356
Ferulic acid,CVCL_0028,678,764
Ferulic acid,CVCL_0069,2581,2691
Ferulic acid,CVCL_0099,2422,2679
Ferulic acid,CVCL_0131,2497,2543
Ferulic acid,CVCL_0152,2592,2897
Ferulic acid,CVCL_0179,1700,1778
Ferulic acid,CVCL_0218,2279,2363
Ferulic acid,CVCL_0292,2557,2818
Ferulic acid,CVCL_0293,2797,3141
Ferulic acid,CVCL_0320,3026,3124
Ferulic acid,CVCL_0332,2291,2364
Ferulic acid,CVCL_0334,4749,5180
Ferulic acid,CVCL_0359,3164,3234
Ferulic acid,CVCL_0366,1493,1536
Ferulic acid,CVCL_0371,3306,3447
Ferulic acid,CVCL_0397,2549,2708
Ferulic acid,CVCL_0399,4070,4438
Ferulic acid,CVCL_0428,5166,5287
Ferulic acid,CVCL_0459,7370,7658
Ferulic acid,CVCL_0480,6363,6502
Ferulic acid,CVCL_0504,2934,3232
Ferulic acid,CVCL_0546,9380,9953
Ferulic acid,CVCL_1055,2595,2698
Ferulic acid,CVCL_1056,3524,3581
Ferulic acid,CVCL_1094,2253,2480
Ferulic acid,CVCL_1097,2283,2458
Ferulic acid,CVCL_1098,1063,1177
Ferulic acid,CVCL_1119,4564,4737
Ferulic acid,CVCL_1125,1030,1129
Ferulic acid,CVCL_1239,1480,1522
Ferulic acid,CVCL_1285,4401,4579
Ferulic acid,CVCL_1381,3433,3527
Ferulic acid,CVCL_1478,2887,3397
Ferulic acid,CVCL_1495,3092,3167
Ferulic acid,CVCL_1517,1636,1693
Ferulic acid,CVCL_1531,21,42
Ferulic acid,CVCL_1547,2106,2200
Ferulic acid,CVCL_1550,3751,3998
Ferulic acid,CVCL_1571,25,42
Ferulic acid,CVCL_1577,215,236
Ferulic acid,CVCL_1635,2759,2838
Ferulic acid,CVCL_1666,2480,2640
Ferulic acid,CVCL_1693,4774,5113
Ferulic acid,CVCL_1715,73,80
Ferulic acid,CVCL_1716,235,252
Ferulic acid,CVCL_1717,2600,2793
Ferulic acid,CVCL_1724,1223,1326
Ferulic acid,CVCL_1731,2174,2268
Ferulic acid,CVCL_C466,1538,1638
Filgotinib,CVCL_0023,8022,8114
Filgotinib,CVCL_0028,2024,2107
Filgotinib,CVCL_0069,5417,5525
Filgotinib,CVCL_0099,5783,5997
Filgotinib,CVCL_0131,5781,5821
Filgotinib,CVCL_0152,5185,5491
Filgotinib,CVCL_0179,3561,3622
Filgotinib,CVCL_0218,4148,4225
Filgotinib,CVCL_0292,5276,5520
Filgotinib,CVCL_0293,6192,6828
Filgotinib,CVCL_0320,5779,5890
Filgotinib,CVCL_0332,6555,6667
Filgotinib,CVCL_0334,13177,13641
Filgotinib,CVCL_0359,8174,8252
Filgotinib,CVCL_0366,5095,5181
Filgotinib,CVCL_0371,5864,6000
Filgotinib,CVCL_0397,5238,5548
Filgotinib,CVCL_0399,7996,8480
Filgotinib,CVCL_0428,10581,10693
Filgotinib,CVCL_0459,22012,22232
Filgotinib,CVCL_0480,14985,15246
Filgotinib,CVCL_0504,6961,7156
Filgotinib,CVCL_0546,19236,19578
Filgotinib,CVCL_1055,3986,4114
Filgotinib,CVCL_1056,10994,11154
Filgotinib,CVCL_1094,5005,5158
Filgotinib,CVCL_1097,5826,5936
Filgotinib,CVCL_1098,4021,4224
Filgotinib,CVCL_1119,7183,7332
Filgotinib,CVCL_1125,1937,1999
Filgotinib,CVCL_1239,4634,4670
Filgotinib,CVCL_1285,11867,11984
Filgotinib,CVCL_1381,7791,7895
Filgotinib,CVCL_1478,5031,5649
Filgotinib,CVCL_1495,6226,6287
Filgotinib,CVCL_1517,4003,4129
Filgotinib,CVCL_1531,45,55
Filgotinib,CVCL_1547,5669,5766
Filgotinib,CVCL_1550,5522,5964
Filgotinib,CVCL_1571,37,44
Filgotinib,CVCL_1577,397,434
Filgotinib,CVCL_1635,4824,4889
Filgotinib,CVCL_1666,5552,5639
Filgotinib,CVCL_1693,11879,12155
Filgotinib,CVCL_1715,256,264
Filgotinib,CVCL_1716,642,663
Filgotinib,CVCL_1717,4978,5217
Filgotinib,CVCL_1724,2472,2560
Filgotinib,CVCL_1731,5961,6067
Filgotinib,CVCL_C466,6038,6142
Finasteride,CVCL_0023,3669,3731
Finasteride,CVCL_0028,946,1014
Finasteride,CVCL_0069,3076,3167
Finasteride,CVCL_0099,3114,3347
Finasteride,CVCL_0131,2812,2831
Finasteride,CVCL_0152,3209,3474
Finasteride,CVCL_0179,2187,2243
Finasteride,CVCL_0218,2828,2884
Finasteride,CVCL_0292,3268,3475
Finasteride,CVCL_0293,3148,3513
Finasteride,CVCL_0320,3466,3541
Finasteride,CVCL_0332,2379,2416
Finasteride,CVCL_0334,5981,6260
Finasteride,CVCL_0359,3377,3407
Finasteride,CVCL_0366,1468,1521
Finasteride,CVCL_0371,3807,3914
Finasteride,CVCL_0397,2916,3076
Finasteride,CVCL_0399,4736,5057
Finasteride,CVCL_0428,5574,5660
Finasteride,CVCL_0459,9015,9177
Finasteride,CVCL_0480,7105,7213
Finasteride,CVCL_0504,3605,3763
Finasteride,CVCL_0546,11416,11715
Finasteride,CVCL_1055,2898,3022
Finasteride,CVCL_1056,3617,3677
Finasteride,CVCL_1094,3152,3348
Finasteride,CVCL_1097,2802,2883
Finasteride,CVCL_1098,1246,1335
Finasteride,CVCL_1119,5267,5394
Finasteride,CVCL_1125,1467,1519
Finasteride,CVCL_1239,1653,1670
Finasteride,CVCL_1285,4538,4609
Finasteride,CVCL_1381,3967,4044
Finasteride,CVCL_1478,3111,3637
Finasteride,CVCL_1495,3444,3479
Finasteride,CVCL_1517,1665,1708
Finasteride,CVCL_1531,34,46
Finasteride,CVCL_1547,2406,2479
Finasteride,CVCL_1550,3983,4279
Finasteride,CVCL_1571,27,44
Finasteride,CVCL_1577,240,270
Finasteride,CVCL_1635,3226,3287
Finasteride,CVCL_1666,2865,2944
Finasteride,CVCL_1693,6588,6821
Finasteride,CVCL_1715,78,85
Finasteride,CVCL_1716,251,259
Finasteride,CVCL_1717,3135,3328
Finasteride,CVCL_1724,1483,1588
Finasteride,CVCL_1731,2536,2587
Finasteride,CVCL_C466,2038,2106
Fingolimod (hydrochloride),CVCL_0023,5376,5469
Fingolimod (hydrochloride),CVCL_0028,1154,1255
Fingolimod (hydrochloride),CVCL_0069,4076,4152
Fingolimod (hydrochloride),CVCL_0099,4096,4383
Fingolimod (hydrochloride),CVCL_0131,4260,4294
Fingolimod (hydrochloride),CVCL_0152,4202,4592
Fingolimod (hydrochloride),CVCL_0179,2676,2767
Fingolimod (hydrochloride),CVCL_0218,3616,3716
Fingolimod (hydrochloride),CVCL_0292,4198,4489
Fingolimod (hydrochloride),CVCL_0293,4551,5093
Fingolimod (hydrochloride),CVCL_0320,4895,4983
Fingolimod (hydrochloride),CVCL_0332,4102,4198
Fingolimod (hydrochloride),CVCL_0334,9222,9663
Fingolimod (hydrochloride),CVCL_0359,4836,4897
Fingolimod (hydrochloride),CVCL_0366,2884,2936
Fingolimod (hydrochloride),CVCL_0371,5129,5246
Fingolimod (hydrochloride),CVCL_0397,4006,4237
Fingolimod (hydrochloride),CVCL_0399,5776,6141
Fingolimod (hydrochloride),CVCL_0428,8249,8353
Fingolimod (hydrochloride),CVCL_0459,15415,15668
Fingolimod (hydrochloride),CVCL_0480,11226,11401
Fingolimod (hydrochloride),CVCL_0504,5076,5300
Fingolimod (hydrochloride),CVCL_0546,16625,17075
Fingolimod (hydrochloride),CVCL_1055,3173,3301
Fingolimod (hydrochloride),CVCL_1056,6156,6254
Fingolimod (hydrochloride),CVCL_1094,3593,3835
Fingolimod (hydrochloride),CVCL_1097,4543,4668
Fingolimod (hydrochloride),CVCL_1098,1954,2107
Fingolimod (hydrochloride),CVCL_1119,5655,5833
Fingolimod (hydrochloride),CVCL_1125,1504,1588
Fingolimod (hydrochloride),CVCL_1239,2693,2730
Fingolimod (hydrochloride),CVCL_1285,7926,8024
Fingolimod (hydrochloride),CVCL_1381,5290,5395
Fingolimod (hydrochloride),CVCL_1478,4196,4917
Fingolimod (hydrochloride),CVCL_1495,4550,4596
Fingolimod (hydrochloride),CVCL_1517,2918,3003
Fingolimod (hydrochloride),CVCL_1531,51,69
Fingolimod (hydrochloride),CVCL_1547,3737,3816
Fingolimod (hydrochloride),CVCL_1550,4436,4759
Fingolimod (hydrochloride),CVCL_1571,35,54
Fingolimod (hydrochloride),CVCL_1577,310,333
Fingolimod (hydrochloride),CVCL_1635,4046,4121
Fingolimod (hydrochloride),CVCL_1666,4116,4257
Fingolimod (hydrochloride),CVCL_1693,7503,7898
Fingolimod (hydrochloride),CVCL_1715,202,211
Fingolimod (hydrochloride),CVCL_1716,461,474
Fingolimod (hydrochloride),CVCL_1717,4250,4509
Fingolimod (hydrochloride),CVCL_1724,2213,2354
Fingolimod (hydrochloride),CVCL_1731,4211,4293
Fingolimod (hydrochloride),CVCL_C466,3167,3272
Flumatinib (mesylate),CVCL_0023,13454,14061
Flumatinib (mesylate),CVCL_0028,2324,2683
Flumatinib (mesylate),CVCL_0069,8838,9246
Flumatinib (mesylate),CVCL_0099,7641,8552
Flumatinib (mesylate),CVCL_0131,9839,10042
Flumatinib (mesylate),CVCL_0152,9285,10150
Flumatinib (mesylate),CVCL_0179,5657,5897
Flumatinib (mesylate),CVCL_0218,7428,7760
Flumatinib (mesylate),CVCL_0292,8670,9669
Flumatinib (mesylate),CVCL_0293,11471,12692
Flumatinib (mesylate),CVCL_0320,10544,10883
Flumatinib (mesylate),CVCL_0332,10003,10228
Flumatinib (mesylate),CVCL_0334,19147,20637
Flumatinib (mesylate),CVCL_0359,12306,12592
Flumatinib (mesylate),CVCL_0366,7446,7658
Flumatinib (mesylate),CVCL_0371,11069,11541
Flumatinib (mesylate),CVCL_0397,8887,9429
Flumatinib (mesylate),CVCL_0399,14771,15829
Flumatinib (mesylate),CVCL_0428,17708,18212
Flumatinib (mesylate),CVCL_0459,32359,33528
Flumatinib (mesylate),CVCL_0480,25789,26179
Flumatinib (mesylate),CVCL_0504,10288,11417
Flumatinib (mesylate),CVCL_0546,33121,34979
Flumatinib (mesylate),CVCL_1055,7950,8128
Flumatinib (mesylate),CVCL_1056,16185,16444
Flumatinib (mesylate),CVCL_1094,7443,8219
Flumatinib (mesylate),CVCL_1097,8651,9250
Flumatinib (mesylate),CVCL_1098,4120,4540
Flumatinib (mesylate),CVCL_1119,14607,15206
Flumatinib (mesylate),CVCL_1125,3449,3782
Flumatinib (mesylate),CVCL_1239,6486,6650
Flumatinib (mesylate),CVCL_1285,18151,18769
Flumatinib (mesylate),CVCL_1381,12430,12788
Flumatinib (mesylate),CVCL_1478,9677,10779
Flumatinib (mesylate),CVCL_1495,11016,11276
Flumatinib (mesylate),CVCL_1517,6548,6753
Flumatinib (mesylate),CVCL_1531,128,185
Flumatinib (mesylate),CVCL_1547,9349,9714
Flumatinib (mesylate),CVCL_1550,11675,12226
Flumatinib (mesylate),CVCL_1571,107,163
Flumatinib (mesylate),CVCL_1577,757,828
Flumatinib (mesylate),CVCL_1635,9659,9949
Flumatinib (mesylate),CVCL_1666,8697,9308
Flumatinib (mesylate),CVCL_1693,15840,17106
Flumatinib (mesylate),CVCL_1715,312,354
Flumatinib (mesylate),CVCL_1716,978,1087
Flumatinib (mesylate),CVCL_1717,9366,10009
Flumatinib (mesylate),CVCL_1724,4134,4531
Flumatinib (mesylate),CVCL_1731,9748,10124
Flumatinib (mesylate),CVCL_C466,7093,7541
Flutamide,CVCL_0023,5728,5959
Flutamide,CVCL_0028,1033,1194
Flutamide,CVCL_0069,3896,4054
Flutamide,CVCL_0099,3500,3877
Flutamide,CVCL_0131,4352,4413
Flutamide,CVCL_0152,3828,4225
Flutamide,CVCL_0179,2352,2443
Flutamide,CVCL_0218,3215,3369
Flutamide,CVCL_0292,3426,3903
Flutamide,CVCL_0293,4336,4843
Flutamide,CVCL_0320,4760,4891
Flutamide,CVCL_0332,4567,4658
Flutamide,CVCL_0334,9125,9858
Flutamide,CVCL_0359,5203,5295
Flutamide,CVCL_0366,3281,3356
Flutamide,CVCL_0371,4834,5000
Flutamide,CVCL_0397,4007,4213
Flutamide,CVCL_0399,5498,5946
Flutamide,CVCL_0428,8559,8752
Flutamide,CVCL_0459,14927,15385
Flutamide,CVCL_0480,11472,11592
Flutamide,CVCL_0504,4737,5233
Flutamide,CVCL_0546,14746,15475
Flutamide,CVCL_1055,3085,3179
Flutamide,CVCL_1056,7066,7155
Flutamide,CVCL_1094,3071,3436
Flutamide,CVCL_1097,4186,4435
Flutamide,CVCL_1098,1723,1880
Flutamide,CVCL_1119,5657,5887
Flutamide,CVCL_1125,1304,1446
Flutamide,CVCL_1239,2897,2944
Flutamide,CVCL_1285,8516,8758
Flutamide,CVCL_1381,5532,5665
Flutamide,CVCL_1478,4019,4573
Flutamide,CVCL_1495,4747,4846
Flutamide,CVCL_1517,3048,3143
Flutamide,CVCL_1531,55,74
Flutamide,CVCL_1547,3936,4054
Flutamide,CVCL_1550,4480,4689
Flutamide,CVCL_1571,49,71
Flutamide,CVCL_1577,296,322
Flutamide,CVCL_1635,3992,4085
Flutamide,CVCL_1666,3907,4148
Flutamide,CVCL_1693,6824,7245
Flutamide,CVCL_1715,222,242
Flutamide,CVCL_1716,441,479
Flutamide,CVCL_1717,3996,4227
Flutamide,CVCL_1724,1833,1996
Flutamide,CVCL_1731,4451,4588
Flutamide,CVCL_C466,3269,3500
Fluvoxamine,CVCL_0023,4236,4364
Fluvoxamine,CVCL_0028,1054,1134
Fluvoxamine,CVCL_0069,3415,3529
Fluvoxamine,CVCL_0099,3756,4006
Fluvoxamine,CVCL_0131,3187,3232
Fluvoxamine,CVCL_0152,3652,3989
Fluvoxamine,CVCL_0179,2401,2478
Fluvoxamine,CVCL_0218,3385,3481
Fluvoxamine,CVCL_0292,3692,3981
Fluvoxamine,CVCL_0293,3937,4429
Fluvoxamine,CVCL_0320,4318,4440
Fluvoxamine,CVCL_0332,3175,3242
Fluvoxamine,CVCL_0334,6682,7160
Fluvoxamine,CVCL_0359,3724,3783
Fluvoxamine,CVCL_0366,2059,2126
Fluvoxamine,CVCL_0371,4607,4754
Fluvoxamine,CVCL_0397,3434,3666
Fluvoxamine,CVCL_0399,5440,5890
Fluvoxamine,CVCL_0428,6342,6478
Fluvoxamine,CVCL_0459,11008,11266
Fluvoxamine,CVCL_0480,8614,8787
Fluvoxamine,CVCL_0504,4415,4647
Fluvoxamine,CVCL_0546,14321,14784
Fluvoxamine,CVCL_1055,3110,3259
Fluvoxamine,CVCL_1056,4666,4747
Fluvoxamine,CVCL_1094,3624,3865
Fluvoxamine,CVCL_1097,3465,3613
Fluvoxamine,CVCL_1098,1528,1666
Fluvoxamine,CVCL_1119,5627,5798
Fluvoxamine,CVCL_1125,1641,1716
Fluvoxamine,CVCL_1239,2136,2182
Fluvoxamine,CVCL_1285,5796,5913
Fluvoxamine,CVCL_1381,4444,4536
Fluvoxamine,CVCL_1478,3659,4289
Fluvoxamine,CVCL_1495,3989,4059
Fluvoxamine,CVCL_1517,2256,2333
Fluvoxamine,CVCL_1531,37,54
Fluvoxamine,CVCL_1547,2966,3056
Fluvoxamine,CVCL_1550,4467,4762
Fluvoxamine,CVCL_1571,34,47
Fluvoxamine,CVCL_1577,289,318
Fluvoxamine,CVCL_1635,3675,3761
Fluvoxamine,CVCL_1666,3381,3503
Fluvoxamine,CVCL_1693,7057,7381
Fluvoxamine,CVCL_1715,132,145
Fluvoxamine,CVCL_1716,361,380
Fluvoxamine,CVCL_1717,3887,4104
Fluvoxamine,CVCL_1724,1983,2110
Fluvoxamine,CVCL_1731,3240,3345
Fluvoxamine,CVCL_C466,2359,2475
Fluvoxamine (maleate),CVCL_0023,7004,7210
Fluvoxamine (maleate),CVCL_0028,1649,1787
Fluvoxamine (maleate),CVCL_0069,3529,3650
Fluvoxamine (maleate),CVCL_0099,2056,2220
Fluvoxamine (maleate),CVCL_0131,6326,6418
Fluvoxamine (maleate),CVCL_0152,7314,7813
Fluvoxamine (maleate),CVCL_0179,3413,3575
Fluvoxamine (maleate),CVCL_0218,4097,4257
Fluvoxamine (maleate),CVCL_0292,3685,4164
Fluvoxamine (maleate),CVCL_0293,7247,7839
Fluvoxamine (maleate),CVCL_0320,5789,5967
Fluvoxamine (maleate),CVCL_0332,3444,3536
Fluvoxamine (maleate),CVCL_0334,2838,3145
Fluvoxamine (maleate),CVCL_0359,5686,5802
Fluvoxamine (maleate),CVCL_0366,3719,3798
Fluvoxamine (maleate),CVCL_0371,5975,6210
Fluvoxamine (maleate),CVCL_0397,4472,4740
Fluvoxamine (maleate),CVCL_0399,8825,9550
Fluvoxamine (maleate),CVCL_0428,2913,2978
Fluvoxamine (maleate),CVCL_0459,12641,13053
Fluvoxamine (maleate),CVCL_0480,7082,7252
Fluvoxamine (maleate),CVCL_0504,5790,6110
Fluvoxamine (maleate),CVCL_0546,14571,15226
Fluvoxamine (maleate),CVCL_1055,3505,3613
Fluvoxamine (maleate),CVCL_1056,5568,5659
Fluvoxamine (maleate),CVCL_1094,3802,3939
Fluvoxamine (maleate),CVCL_1097,5679,5875
Fluvoxamine (maleate),CVCL_1098,4225,4569
Fluvoxamine (maleate),CVCL_1119,5304,5462
Fluvoxamine (maleate),CVCL_1125,1066,1151
Fluvoxamine (maleate),CVCL_1239,2015,2072
Fluvoxamine (maleate),CVCL_1285,7473,7686
Fluvoxamine (maleate),CVCL_1381,5271,5389
Fluvoxamine (maleate),CVCL_1478,5847,6360
Fluvoxamine (maleate),CVCL_1495,4110,4214
Fluvoxamine (maleate),CVCL_1517,5929,6067
Fluvoxamine (maleate),CVCL_1531,91,117
Fluvoxamine (maleate),CVCL_1547,4641,4801
Fluvoxamine (maleate),CVCL_1550,6033,6355
Fluvoxamine (maleate),CVCL_1571,35,63
Fluvoxamine (maleate),CVCL_1577,235,256
Fluvoxamine (maleate),CVCL_1635,4171,4258
Fluvoxamine (maleate),CVCL_1666,4132,4368
Fluvoxamine (maleate),CVCL_1693,3151,3373
Fluvoxamine (maleate),CVCL_1715,424,457
Fluvoxamine (maleate),CVCL_1716,561,623
Fluvoxamine (maleate),CVCL_1717,5197,5457
Fluvoxamine (maleate),CVCL_1724,2691,2860
Fluvoxamine (maleate),CVCL_1731,3848,4007
Fluvoxamine (maleate),CVCL_C466,4787,5093
Folic acid,CVCL_0023,9781,9936
Folic acid,CVCL_0028,3194,3347
Folic acid,CVCL_0069,5500,5614
Folic acid,CVCL_0099,3390,3545
Folic acid,CVCL_0131,9909,9999
Folic acid,CVCL_0152,9912,10365
Folic acid,CVCL_0179,5276,5440
Folic acid,CVCL_0218,4658,4763
Folic acid,CVCL_0292,5331,5700
Folic acid,CVCL_0293,9308,10057
Folic acid,CVCL_0320,6938,7126
Folic acid,CVCL_0332,5113,5226
Folic acid,CVCL_0334,3831,4131
Folic acid,CVCL_0359,9814,9940
Folic acid,CVCL_0366,6107,6225
Folic acid,CVCL_0371,7337,7561
Folic acid,CVCL_0397,5365,5603
Folic acid,CVCL_0399,11224,11939
Folic acid,CVCL_0428,4465,4518
Folic acid,CVCL_0459,16929,17259
Folic acid,CVCL_0480,10662,10881
Folic acid,CVCL_0504,9176,9433
Folic acid,CVCL_0546,19518,20116
Folic acid,CVCL_1055,6011,6160
Folic acid,CVCL_1056,8883,9014
Folic acid,CVCL_1094,5827,5928
Folic acid,CVCL_1097,7224,7408
Folic acid,CVCL_1098,6648,6950
Folic acid,CVCL_1119,6871,7030
Folic acid,CVCL_1125,1706,1769
Folic acid,CVCL_1239,2916,2976
Folic acid,CVCL_1285,11164,11360
Folic acid,CVCL_1381,7691,7814
Folic acid,CVCL_1478,7024,7549
Folic acid,CVCL_1495,5792,5875
Folic acid,CVCL_1517,7721,7869
Folic acid,CVCL_1531,103,125
Folic acid,CVCL_1547,7277,7400
Folic acid,CVCL_1550,7046,7498
Folic acid,CVCL_1571,35,53
Folic acid,CVCL_1577,421,449
Folic acid,CVCL_1635,5114,5227
Folic acid,CVCL_1666,5418,5588
Folic acid,CVCL_1693,5278,5449
Folic acid,CVCL_1715,517,534
Folic acid,CVCL_1716,743,791
Folic acid,CVCL_1717,6485,6764
Folic acid,CVCL_1724,3740,3867
Folic acid,CVCL_1731,5252,5406
Folic acid,CVCL_C466,7185,7429
Fostamatinib (disodium hexahydrate),CVCL_0023,6428,6671
Fostamatinib (disodium hexahydrate),CVCL_0028,1242,1409
Fostamatinib (disodium hexahydrate),CVCL_0069,5075,5258
Fostamatinib (disodium hexahydrate),CVCL_0099,4427,4908
Fostamatinib (disodium hexahydrate),CVCL_0131,5436,5550
Fostamatinib (disodium hexahydrate),CVCL_0152,4851,5260
Fostamatinib (disodium hexahydrate),CVCL_0179,2979,3100
Fostamatinib (disodium hexahydrate),CVCL_0218,3736,3863
Fostamatinib (disodium hexahydrate),CVCL_0292,4294,4727
Fostamatinib (disodium hexahydrate),CVCL_0293,5227,5833
Fostamatinib (disodium hexahydrate),CVCL_0320,5272,5408
Fostamatinib (disodium hexahydrate),CVCL_0332,4852,4966
Fostamatinib (disodium hexahydrate),CVCL_0334,9377,10017
Fostamatinib (disodium hexahydrate),CVCL_0359,5636,5771
Fostamatinib (disodium hexahydrate),CVCL_0366,3265,3349
Fostamatinib (disodium hexahydrate),CVCL_0371,5908,6101
Fostamatinib (disodium hexahydrate),CVCL_0397,4366,4599
Fostamatinib (disodium hexahydrate),CVCL_0399,7153,7672
Fostamatinib (disodium hexahydrate),CVCL_0428,8054,8322
Fostamatinib (disodium hexahydrate),CVCL_0459,14076,14600
Fostamatinib (disodium hexahydrate),CVCL_0480,12455,12627
Fostamatinib (disodium hexahydrate),CVCL_0504,5297,5775
Fostamatinib (disodium hexahydrate),CVCL_0546,16494,17296
Fostamatinib (disodium hexahydrate),CVCL_1055,4390,4505
Fostamatinib (disodium hexahydrate),CVCL_1056,7708,7813
Fostamatinib (disodium hexahydrate),CVCL_1094,4137,4499
Fostamatinib (disodium hexahydrate),CVCL_1097,4523,4778
Fostamatinib (disodium hexahydrate),CVCL_1098,2282,2476
Fostamatinib (disodium hexahydrate),CVCL_1119,7275,7555
Fostamatinib (disodium hexahydrate),CVCL_1125,1746,1875
Fostamatinib (disodium hexahydrate),CVCL_1239,3090,3165
Fostamatinib (disodium hexahydrate),CVCL_1285,8356,8565
Fostamatinib (disodium hexahydrate),CVCL_1381,6150,6277
Fostamatinib (disodium hexahydrate),CVCL_1478,4782,5304
Fostamatinib (disodium hexahydrate),CVCL_1495,5466,5571
Fostamatinib (disodium hexahydrate),CVCL_1517,3350,3423
Fostamatinib (disodium hexahydrate),CVCL_1531,63,90
Fostamatinib (disodium hexahydrate),CVCL_1547,4225,4382
Fostamatinib (disodium hexahydrate),CVCL_1550,5646,5872
Fostamatinib (disodium hexahydrate),CVCL_1571,41,72
Fostamatinib (disodium hexahydrate),CVCL_1577,417,446
Fostamatinib (disodium hexahydrate),CVCL_1635,4850,4991
Fostamatinib (disodium hexahydrate),CVCL_1666,4565,4831
Fostamatinib (disodium hexahydrate),CVCL_1693,8734,9398
Fostamatinib (disodium hexahydrate),CVCL_1715,146,165
Fostamatinib (disodium hexahydrate),CVCL_1716,525,563
Fostamatinib (disodium hexahydrate),CVCL_1717,4632,4914
Fostamatinib (disodium hexahydrate),CVCL_1724,2137,2319
Fostamatinib (disodium hexahydrate),CVCL_1731,4623,4779
Fostamatinib (disodium hexahydrate),CVCL_C466,3416,3584
Fulvestrant,CVCL_0023,7574,7666
Fulvestrant,CVCL_0028,1608,1708
Fulvestrant,CVCL_0069,4885,4988
Fulvestrant,CVCL_0099,4754,5027
Fulvestrant,CVCL_0131,5800,5833
Fulvestrant,CVCL_0152,5626,5961
Fulvestrant,CVCL_0179,2971,3044
Fulvestrant,CVCL_0218,4551,4601
Fulvestrant,CVCL_0292,4863,5147
Fulvestrant,CVCL_0293,7096,7717
Fulvestrant,CVCL_0320,6211,6302
Fulvestrant,CVCL_0332,6617,6715
Fulvestrant,CVCL_0334,12944,13344
Fulvestrant,CVCL_0359,7353,7434
Fulvestrant,CVCL_0366,4807,4869
Fulvestrant,CVCL_0371,6339,6464
Fulvestrant,CVCL_0397,5781,6017
Fulvestrant,CVCL_0399,8371,8800
Fulvestrant,CVCL_0428,10392,10516
Fulvestrant,CVCL_0459,23836,24090
Fulvestrant,CVCL_0480,16039,16186
Fulvestrant,CVCL_0504,6628,6845
Fulvestrant,CVCL_0546,19995,20398
Fulvestrant,CVCL_1055,3703,3781
Fulvestrant,CVCL_1056,10288,10407
Fulvestrant,CVCL_1094,4354,4568
Fulvestrant,CVCL_1097,6476,6598
Fulvestrant,CVCL_1098,2896,3066
Fulvestrant,CVCL_1119,6965,7130
Fulvestrant,CVCL_1125,2005,2101
Fulvestrant,CVCL_1239,4153,4194
Fulvestrant,CVCL_1285,11642,11740
Fulvestrant,CVCL_1381,6867,6959
Fulvestrant,CVCL_1478,6052,6704
Fulvestrant,CVCL_1495,6192,6249
Fulvestrant,CVCL_1517,4616,4694
Fulvestrant,CVCL_1531,49,58
Fulvestrant,CVCL_1547,5588,5671
Fulvestrant,CVCL_1550,5714,6010
Fulvestrant,CVCL_1571,48,58
Fulvestrant,CVCL_1577,353,379
Fulvestrant,CVCL_1635,5138,5196
Fulvestrant,CVCL_1666,5186,5300
Fulvestrant,CVCL_1693,9563,9887
Fulvestrant,CVCL_1715,364,384
Fulvestrant,CVCL_1716,595,623
Fulvestrant,CVCL_1717,5552,5774
Fulvestrant,CVCL_1724,2854,2973
Fulvestrant,CVCL_1731,6300,6390
Fulvestrant,CVCL_C466,5673,5778
Fumaric acid,CVCL_0023,14107,14525
Fumaric acid,CVCL_0028,2415,2753
Fumaric acid,CVCL_0069,10163,10512
Fumaric acid,CVCL_0099,8766,9674
Fumaric acid,CVCL_0131,10950,11117
Fumaric acid,CVCL_0152,9824,10662
Fumaric acid,CVCL_0179,6213,6454
Fumaric acid,CVCL_0218,7690,7969
Fumaric acid,CVCL_0292,9448,10354
Fumaric acid,CVCL_0293,11455,12739
Fumaric acid,CVCL_0320,11504,11859
Fumaric acid,CVCL_0332,10807,11055
Fumaric acid,CVCL_0334,20564,21809
Fumaric acid,CVCL_0359,12898,13148
Fumaric acid,CVCL_0366,7612,7847
Fumaric acid,CVCL_0371,11751,12174
Fumaric acid,CVCL_0397,9811,10320
Fumaric acid,CVCL_0399,14972,16035
Fumaric acid,CVCL_0428,18918,19392
Fumaric acid,CVCL_0459,34121,35181
Fumaric acid,CVCL_0480,27484,27930
Fumaric acid,CVCL_0504,11582,12442
Fumaric acid,CVCL_0546,34544,36048
Fumaric acid,CVCL_1055,8387,8609
Fumaric acid,CVCL_1056,17419,17651
Fumaric acid,CVCL_1094,8274,8987
Fumaric acid,CVCL_1097,9843,10297
Fumaric acid,CVCL_1098,4713,5097
Fumaric acid,CVCL_1119,15403,15905
Fumaric acid,CVCL_1125,3886,4162
Fumaric acid,CVCL_1239,7019,7177
Fumaric acid,CVCL_1285,19671,20206
Fumaric acid,CVCL_1381,13846,14201
Fumaric acid,CVCL_1478,10433,11779
Fumaric acid,CVCL_1495,11926,12148
Fumaric acid,CVCL_1517,7445,7653
Fumaric acid,CVCL_1531,157,209
Fumaric acid,CVCL_1547,9454,9744
Fumaric acid,CVCL_1550,11947,12561
Fumaric acid,CVCL_1571,111,163
Fumaric acid,CVCL_1577,828,918
Fumaric acid,CVCL_1635,10309,10553
Fumaric acid,CVCL_1666,9369,9857
Fumaric acid,CVCL_1693,16893,17973
Fumaric acid,CVCL_1715,390,457
Fumaric acid,CVCL_1716,1042,1120
Fumaric acid,CVCL_1717,9804,10346
Fumaric acid,CVCL_1724,4725,5057
Fumaric acid,CVCL_1731,10462,10835
Fumaric acid,CVCL_C466,7998,8353
Furosemide,CVCL_0023,7192,7439
Furosemide,CVCL_0028,2050,2278
Furosemide,CVCL_0069,3804,3956
Furosemide,CVCL_0099,2319,2541
Furosemide,CVCL_0131,6820,6897
Furosemide,CVCL_0152,6811,7523
Furosemide,CVCL_0179,3833,3939
Furosemide,CVCL_0218,4222,4408
Furosemide,CVCL_0292,3657,4208
Furosemide,CVCL_0293,7162,7856
Furosemide,CVCL_0320,5679,5862
Furosemide,CVCL_0332,3630,3722
Furosemide,CVCL_0334,2864,3151
Furosemide,CVCL_0359,6185,6314
Furosemide,CVCL_0366,4314,4410
Furosemide,CVCL_0371,5927,6204
Furosemide,CVCL_0397,4510,4872
Furosemide,CVCL_0399,8520,9471
Furosemide,CVCL_0428,2901,2951
Furosemide,CVCL_0459,13558,14103
Furosemide,CVCL_0480,7619,7793
Furosemide,CVCL_0504,6642,7005
Furosemide,CVCL_0546,15554,16491
Furosemide,CVCL_1055,3696,3774
Furosemide,CVCL_1056,5951,6065
Furosemide,CVCL_1094,4177,4372
Furosemide,CVCL_1097,5733,6025
Furosemide,CVCL_1098,5034,5378
Furosemide,CVCL_1119,5122,5277
Furosemide,CVCL_1125,1144,1252
Furosemide,CVCL_1239,2396,2465
Furosemide,CVCL_1285,7614,7837
Furosemide,CVCL_1381,5599,5727
Furosemide,CVCL_1478,5074,5586
Furosemide,CVCL_1495,4135,4272
Furosemide,CVCL_1517,6433,6575
Furosemide,CVCL_1531,76,100
Furosemide,CVCL_1547,5071,5212
Furosemide,CVCL_1550,5405,5717
Furosemide,CVCL_1571,41,66
Furosemide,CVCL_1577,291,321
Furosemide,CVCL_1635,4112,4249
Furosemide,CVCL_1666,4035,4332
Furosemide,CVCL_1693,3528,3779
Furosemide,CVCL_1715,615,650
Furosemide,CVCL_1716,643,718
Furosemide,CVCL_1717,5066,5316
Furosemide,CVCL_1724,2981,3230
Furosemide,CVCL_1731,4224,4437
Furosemide,CVCL_C466,5621,6044
Fusidic acid,CVCL_0023,9781,10038
Fusidic acid,CVCL_0028,2687,2878
Fusidic acid,CVCL_0069,5324,5485
Fusidic acid,CVCL_0099,2960,3166
Fusidic acid,CVCL_0131,10073,10173
Fusidic acid,CVCL_0152,9569,10239
Fusidic acid,CVCL_0179,5218,5405
Fusidic acid,CVCL_0218,5070,5256
Fusidic acid,CVCL_0292,4539,5105
Fusidic acid,CVCL_0293,9776,10469
Fusidic acid,CVCL_0320,7766,7967
Fusidic acid,CVCL_0332,5172,5290
Fusidic acid,CVCL_0334,3735,4106
Fusidic acid,CVCL_0359,8750,8886
Fusidic acid,CVCL_0366,5933,6066
Fusidic acid,CVCL_0371,7669,7949
Fusidic acid,CVCL_0397,5605,5905
Fusidic acid,CVCL_0399,11546,12404
Fusidic acid,CVCL_0428,4331,4420
Fusidic acid,CVCL_0459,16713,17225
Fusidic acid,CVCL_0480,11082,11300
Fusidic acid,CVCL_0504,8657,9145
Fusidic acid,CVCL_0546,20045,20990
Fusidic acid,CVCL_1055,5908,6023
Fusidic acid,CVCL_1056,8609,8706
Fusidic acid,CVCL_1094,5537,5740
Fusidic acid,CVCL_1097,7839,8114
Fusidic acid,CVCL_1098,6336,6743
Fusidic acid,CVCL_1119,6941,7143
Fusidic acid,CVCL_1125,1519,1643
Fusidic acid,CVCL_1239,2803,2890
Fusidic acid,CVCL_1285,10869,11153
Fusidic acid,CVCL_1381,7517,7672
Fusidic acid,CVCL_1478,7899,8551
Fusidic acid,CVCL_1495,5633,5769
Fusidic acid,CVCL_1517,8149,8286
Fusidic acid,CVCL_1531,122,151
Fusidic acid,CVCL_1547,7435,7597
Fusidic acid,CVCL_1550,7427,7809
Fusidic acid,CVCL_1571,54,72
Fusidic acid,CVCL_1577,430,467
Fusidic acid,CVCL_1635,5278,5415
Fusidic acid,CVCL_1666,5292,5566
Fusidic acid,CVCL_1693,4801,5071
Fusidic acid,CVCL_1715,642,698
Fusidic acid,CVCL_1716,753,828
Fusidic acid,CVCL_1717,6797,7096
Fusidic acid,CVCL_1724,3844,4060
Fusidic acid,CVCL_1731,5447,5666
Fusidic acid,CVCL_C466,6230,6602
Futibatinib,CVCL_0023,5519,6118
Futibatinib,CVCL_0028,978,1214
Futibatinib,CVCL_0069,2458,2798
Futibatinib,CVCL_0099,1187,1534
Futibatinib,CVCL_0131,6330,6541
Futibatinib,CVCL_0152,4764,5762
Futibatinib,CVCL_0179,2890,3177
Futibatinib,CVCL_0218,2378,2916
Futibatinib,CVCL_0292,1947,2623
Futibatinib,CVCL_0293,6506,7365
Futibatinib,CVCL_0320,5057,5535
Futibatinib,CVCL_0332,3394,3562
Futibatinib,CVCL_0334,1211,1728
Futibatinib,CVCL_0359,4427,4730
Futibatinib,CVCL_0366,3558,3763
Futibatinib,CVCL_0371,4813,5417
Futibatinib,CVCL_0397,3849,4307
Futibatinib,CVCL_0399,6906,8027
Futibatinib,CVCL_0428,2593,2787
Futibatinib,CVCL_0459,9576,10831
Futibatinib,CVCL_0480,6318,6711
Futibatinib,CVCL_0504,4650,5587
Futibatinib,CVCL_0546,11070,12741
Futibatinib,CVCL_1055,3078,3160
Futibatinib,CVCL_1056,5111,5241
Futibatinib,CVCL_1094,2828,3210
Futibatinib,CVCL_1097,4405,4966
Futibatinib,CVCL_1098,2694,3283
Futibatinib,CVCL_1119,4690,5046
Futibatinib,CVCL_1125,727,883
Futibatinib,CVCL_1239,1735,1914
Futibatinib,CVCL_1285,6050,6647
Futibatinib,CVCL_1381,3989,4290
Futibatinib,CVCL_1478,4325,5004
Futibatinib,CVCL_1495,3433,3744
Futibatinib,CVCL_1517,6144,6410
Futibatinib,CVCL_1531,56,89
Futibatinib,CVCL_1547,4211,4567
Futibatinib,CVCL_1550,5008,5451
Futibatinib,CVCL_1571,31,69
Futibatinib,CVCL_1577,248,279
Futibatinib,CVCL_1635,3437,3756
Futibatinib,CVCL_1666,2803,3355
Futibatinib,CVCL_1693,1764,2220
Futibatinib,CVCL_1715,446,516
Futibatinib,CVCL_1716,449,555
Futibatinib,CVCL_1717,4292,4745
Futibatinib,CVCL_1724,2099,2379
Futibatinib,CVCL_1731,3320,3862
Futibatinib,CVCL_C466,3129,3721
GSK1059615,CVCL_0023,6262,6492
GSK1059615,CVCL_0028,495,621
GSK1059615,CVCL_0069,1773,1906
GSK1059615,CVCL_0099,1269,1454
GSK1059615,CVCL_0131,6327,6410
GSK1059615,CVCL_0152,5343,6145
GSK1059615,CVCL_0179,2825,2913
GSK1059615,CVCL_0218,1877,2041
GSK1059615,CVCL_0292,1772,2246
GSK1059615,CVCL_0293,6625,7207
GSK1059615,CVCL_0320,3589,3785
GSK1059615,CVCL_0332,2891,2975
GSK1059615,CVCL_0334,2295,2651
GSK1059615,CVCL_0359,5274,5411
GSK1059615,CVCL_0366,3167,3251
GSK1059615,CVCL_0371,5816,6179
GSK1059615,CVCL_0397,3470,3837
GSK1059615,CVCL_0399,5614,6358
GSK1059615,CVCL_0428,2027,2099
GSK1059615,CVCL_0459,10314,10985
GSK1059615,CVCL_0480,7202,7356
GSK1059615,CVCL_0504,4547,4925
GSK1059615,CVCL_0546,10943,12062
GSK1059615,CVCL_1055,1675,1718
GSK1059615,CVCL_1056,4163,4241
GSK1059615,CVCL_1094,2072,2291
GSK1059615,CVCL_1097,4380,4713
GSK1059615,CVCL_1098,3402,3823
GSK1059615,CVCL_1119,5205,5396
GSK1059615,CVCL_1125,392,478
GSK1059615,CVCL_1239,1261,1356
GSK1059615,CVCL_1285,7126,7511
GSK1059615,CVCL_1381,4031,4230
GSK1059615,CVCL_1478,4207,4713
GSK1059615,CVCL_1495,2805,2935
GSK1059615,CVCL_1517,6464,6573
GSK1059615,CVCL_1531,75,98
GSK1059615,CVCL_1547,3295,3480
GSK1059615,CVCL_1550,6046,6323
GSK1059615,CVCL_1571,49,84
GSK1059615,CVCL_1577,290,320
GSK1059615,CVCL_1635,3052,3196
GSK1059615,CVCL_1666,2412,2735
GSK1059615,CVCL_1693,2470,2782
GSK1059615,CVCL_1715,636,694
GSK1059615,CVCL_1716,463,544
GSK1059615,CVCL_1717,5230,5485
GSK1059615,CVCL_1724,1649,1856
GSK1059615,CVCL_1731,3416,3708
GSK1059615,CVCL_C466,3888,4334
Gallic acid,CVCL_0023,10017,10239
Gallic acid,CVCL_0028,2962,3159
Gallic acid,CVCL_0069,5836,5994
Gallic acid,CVCL_0099,3258,3473
Gallic acid,CVCL_0131,10635,10750
Gallic acid,CVCL_0152,9963,10576
Gallic acid,CVCL_0179,5284,5571
Gallic acid,CVCL_0218,4944,5135
Gallic acid,CVCL_0292,4845,5300
Gallic acid,CVCL_0293,9795,10479
Gallic acid,CVCL_0320,7766,8000
Gallic acid,CVCL_0332,5508,5615
Gallic acid,CVCL_0334,3904,4296
Gallic acid,CVCL_0359,9475,9624
Gallic acid,CVCL_0366,6540,6679
Gallic acid,CVCL_0371,8104,8354
Gallic acid,CVCL_0397,5287,5574
Gallic acid,CVCL_0399,11340,12173
Gallic acid,CVCL_0428,4476,4544
Gallic acid,CVCL_0459,16924,17437
Gallic acid,CVCL_0480,11455,11692
Gallic acid,CVCL_0504,8604,9023
Gallic acid,CVCL_0546,20225,21003
Gallic acid,CVCL_1055,6363,6499
Gallic acid,CVCL_1056,9312,9435
Gallic acid,CVCL_1094,5639,5808
Gallic acid,CVCL_1097,7656,7958
Gallic acid,CVCL_1098,6988,7341
Gallic acid,CVCL_1119,7010,7184
Gallic acid,CVCL_1125,1486,1609
Gallic acid,CVCL_1239,2955,3014
Gallic acid,CVCL_1285,11355,11647
Gallic acid,CVCL_1381,7708,7875
Gallic acid,CVCL_1478,8046,8615
Gallic acid,CVCL_1495,5775,5903
Gallic acid,CVCL_1517,8364,8559
Gallic acid,CVCL_1531,99,131
Gallic acid,CVCL_1547,7494,7669
Gallic acid,CVCL_1550,6934,7421
Gallic acid,CVCL_1571,52,81
Gallic acid,CVCL_1577,455,492
Gallic acid,CVCL_1635,5259,5384
Gallic acid,CVCL_1666,5200,5485
Gallic acid,CVCL_1693,5229,5485
Gallic acid,CVCL_1715,518,549
Gallic acid,CVCL_1716,830,895
Gallic acid,CVCL_1717,6923,7241
Gallic acid,CVCL_1724,3809,3956
Gallic acid,CVCL_1731,5469,5734
Gallic acid,CVCL_C466,6659,6965
Gallic acid (hydrate),CVCL_0023,7287,7644
Gallic acid (hydrate),CVCL_0028,1922,2225
Gallic acid (hydrate),CVCL_0069,3813,4058
Gallic acid (hydrate),CVCL_0099,2067,2354
Gallic acid (hydrate),CVCL_0131,8157,8293
Gallic acid (hydrate),CVCL_0152,7004,7815
Gallic acid (hydrate),CVCL_0179,3953,4079
Gallic acid (hydrate),CVCL_0218,3783,4044
Gallic acid (hydrate),CVCL_0292,3052,3653
Gallic acid (hydrate),CVCL_0293,7737,8473
Gallic acid (hydrate),CVCL_0320,5673,5921
Gallic acid (hydrate),CVCL_0332,4060,4208
Gallic acid (hydrate),CVCL_0334,2914,3299
Gallic acid (hydrate),CVCL_0359,7316,7509
Gallic acid (hydrate),CVCL_0366,4983,5095
Gallic acid (hydrate),CVCL_0371,5944,6287
Gallic acid (hydrate),CVCL_0397,4370,4690
Gallic acid (hydrate),CVCL_0399,8581,9505
Gallic acid (hydrate),CVCL_0428,3424,3527
Gallic acid (hydrate),CVCL_0459,12141,12811
Gallic acid (hydrate),CVCL_0480,9256,9460
Gallic acid (hydrate),CVCL_0504,5696,6307
Gallic acid (hydrate),CVCL_0546,13405,14373
Gallic acid (hydrate),CVCL_1055,4270,4380
Gallic acid (hydrate),CVCL_1056,7333,7452
Gallic acid (hydrate),CVCL_1094,3878,4124
Gallic acid (hydrate),CVCL_1097,5722,6091
Gallic acid (hydrate),CVCL_1098,4593,5121
Gallic acid (hydrate),CVCL_1119,5648,5890
Gallic acid (hydrate),CVCL_1125,1020,1163
Gallic acid (hydrate),CVCL_1239,2117,2236
Gallic acid (hydrate),CVCL_1285,8698,9124
Gallic acid (hydrate),CVCL_1381,5858,6058
Gallic acid (hydrate),CVCL_1478,5861,6553
Gallic acid (hydrate),CVCL_1495,4485,4702
Gallic acid (hydrate),CVCL_1517,6974,7105
Gallic acid (hydrate),CVCL_1531,98,134
Gallic acid (hydrate),CVCL_1547,5474,5681
Gallic acid (hydrate),CVCL_1550,6135,6503
Gallic acid (hydrate),CVCL_1571,66,115
Gallic acid (hydrate),CVCL_1577,332,360
Gallic acid (hydrate),CVCL_1635,4089,4277
Gallic acid (hydrate),CVCL_1666,3629,3968
Gallic acid (hydrate),CVCL_1693,3202,3548
Gallic acid (hydrate),CVCL_1715,452,498
Gallic acid (hydrate),CVCL_1716,592,686
Gallic acid (hydrate),CVCL_1717,5194,5508
Gallic acid (hydrate),CVCL_1724,2527,2785
Gallic acid (hydrate),CVCL_1731,4143,4414
Gallic acid (hydrate),CVCL_C466,4757,5190
Gefitinib,CVCL_0023,9783,9899
Gefitinib,CVCL_0028,1916,2005
Gefitinib,CVCL_0069,6057,6172
Gefitinib,CVCL_0099,5504,5802
Gefitinib,CVCL_0131,6973,7014
Gefitinib,CVCL_0152,6664,7054
Gefitinib,CVCL_0179,3694,3761
Gefitinib,CVCL_0218,5086,5171
Gefitinib,CVCL_0292,6008,6409
Gefitinib,CVCL_0293,7113,7865
Gefitinib,CVCL_0320,7463,7582
Gefitinib,CVCL_0332,8085,8199
Gefitinib,CVCL_0334,16037,16584
Gefitinib,CVCL_0359,9664,9740
Gefitinib,CVCL_0366,5837,5936
Gefitinib,CVCL_0371,7448,7618
Gefitinib,CVCL_0397,6908,7198
Gefitinib,CVCL_0399,9553,10105
Gefitinib,CVCL_0428,13168,13263
Gefitinib,CVCL_0459,28559,28827
Gefitinib,CVCL_0480,18652,18899
Gefitinib,CVCL_0504,8073,8346
Gefitinib,CVCL_0546,22289,22719
Gefitinib,CVCL_1055,4186,4310
Gefitinib,CVCL_1056,13255,13394
Gefitinib,CVCL_1094,4677,4858
Gefitinib,CVCL_1097,7935,8080
Gefitinib,CVCL_1098,3342,3539
Gefitinib,CVCL_1119,8198,8357
Gefitinib,CVCL_1125,2327,2404
Gefitinib,CVCL_1239,5049,5086
Gefitinib,CVCL_1285,14901,15063
Gefitinib,CVCL_1381,8402,8548
Gefitinib,CVCL_1478,5954,6670
Gefitinib,CVCL_1495,7707,7782
Gefitinib,CVCL_1517,5755,5866
Gefitinib,CVCL_1531,51,63
Gefitinib,CVCL_1547,6049,6164
Gefitinib,CVCL_1550,7085,7557
Gefitinib,CVCL_1571,68,87
Gefitinib,CVCL_1577,404,435
Gefitinib,CVCL_1635,6181,6263
Gefitinib,CVCL_1666,6900,7034
Gefitinib,CVCL_1693,12195,12552
Gefitinib,CVCL_1715,386,405
Gefitinib,CVCL_1716,698,720
Gefitinib,CVCL_1717,6338,6620
Gefitinib,CVCL_1724,3008,3166
Gefitinib,CVCL_1731,7169,7294
Gefitinib,CVCL_C466,6364,6501
Gemcitabine,CVCL_0023,9953,10586
Gemcitabine,CVCL_0028,1817,2162
Gemcitabine,CVCL_0069,4574,4932
Gemcitabine,CVCL_0099,2832,3168
Gemcitabine,CVCL_0131,10508,10730
Gemcitabine,CVCL_0152,11647,12815
Gemcitabine,CVCL_0179,5590,5825
Gemcitabine,CVCL_0218,6777,7255
Gemcitabine,CVCL_0292,5356,6076
Gemcitabine,CVCL_0293,14524,15700
Gemcitabine,CVCL_0320,10397,10979
Gemcitabine,CVCL_0332,5953,6198
Gemcitabine,CVCL_0334,4620,5179
Gemcitabine,CVCL_0359,7308,7622
Gemcitabine,CVCL_0366,6159,6404
Gemcitabine,CVCL_0371,10630,11314
Gemcitabine,CVCL_0397,9659,10278
Gemcitabine,CVCL_0399,15656,17068
Gemcitabine,CVCL_0428,4240,4491
Gemcitabine,CVCL_0459,21360,22673
Gemcitabine,CVCL_0480,12107,12489
Gemcitabine,CVCL_0504,7753,8719
Gemcitabine,CVCL_0546,22500,24305
Gemcitabine,CVCL_1055,4500,4625
Gemcitabine,CVCL_1056,8552,8771
Gemcitabine,CVCL_1094,5299,5817
Gemcitabine,CVCL_1097,8592,9122
Gemcitabine,CVCL_1098,6126,6734
Gemcitabine,CVCL_1119,8857,9369
Gemcitabine,CVCL_1125,1395,1580
Gemcitabine,CVCL_1239,3395,3660
Gemcitabine,CVCL_1285,11586,12394
Gemcitabine,CVCL_1381,7169,7662
Gemcitabine,CVCL_1478,9355,10206
Gemcitabine,CVCL_1495,6575,6914
Gemcitabine,CVCL_1517,11771,12120
Gemcitabine,CVCL_1531,132,181
Gemcitabine,CVCL_1547,7019,7458
Gemcitabine,CVCL_1550,10411,11028
Gemcitabine,CVCL_1571,90,156
Gemcitabine,CVCL_1577,378,446
Gemcitabine,CVCL_1635,6971,7350
Gemcitabine,CVCL_1666,6420,7037
Gemcitabine,CVCL_1693,4007,4515
Gemcitabine,CVCL_1715,1167,1269
Gemcitabine,CVCL_1716,943,1054
Gemcitabine,CVCL_1717,9038,9623
Gemcitabine,CVCL_1724,4638,5037
Gemcitabine,CVCL_1731,6596,7149
Gemcitabine,CVCL_C466,8356,9086
Gemfibrozil,CVCL_0023,9721,10620
Gemfibrozil,CVCL_0028,1750,2188
Gemfibrozil,CVCL_0069,4917,5296
Gemfibrozil,CVCL_0099,2360,2764
Gemfibrozil,CVCL_0131,10554,10854
Gemfibrozil,CVCL_0152,8154,9759
Gemfibrozil,CVCL_0179,5143,5352
Gemfibrozil,CVCL_0218,4645,5197
Gemfibrozil,CVCL_0292,3160,4223
Gemfibrozil,CVCL_0293,9759,10871
Gemfibrozil,CVCL_0320,7771,8265
Gemfibrozil,CVCL_0332,5719,5977
Gemfibrozil,CVCL_0334,3874,4589
Gemfibrozil,CVCL_0359,9316,9709
Gemfibrozil,CVCL_0366,6915,7159
Gemfibrozil,CVCL_0371,7765,8428
Gemfibrozil,CVCL_0397,5794,6469
Gemfibrozil,CVCL_0399,10779,12352
Gemfibrozil,CVCL_0428,4556,4793
Gemfibrozil,CVCL_0459,15784,17461
Gemfibrozil,CVCL_0480,12178,12489
Gemfibrozil,CVCL_0504,7211,8484
Gemfibrozil,CVCL_0546,17082,19304
Gemfibrozil,CVCL_1055,5267,5376
Gemfibrozil,CVCL_1056,9926,10136
Gemfibrozil,CVCL_1094,4425,5022
Gemfibrozil,CVCL_1097,7008,7798
Gemfibrozil,CVCL_1098,4980,5874
Gemfibrozil,CVCL_1119,7314,7788
Gemfibrozil,CVCL_1125,1094,1344
Gemfibrozil,CVCL_1239,2959,3222
Gemfibrozil,CVCL_1285,11469,12415
Gemfibrozil,CVCL_1381,7464,7930
Gemfibrozil,CVCL_1478,6970,7856
Gemfibrozil,CVCL_1495,6000,6429
Gemfibrozil,CVCL_1517,10097,10306
Gemfibrozil,CVCL_1531,141,202
Gemfibrozil,CVCL_1547,7025,7531
Gemfibrozil,CVCL_1550,8833,9072
Gemfibrozil,CVCL_1571,90,159
Gemfibrozil,CVCL_1577,456,515
Gemfibrozil,CVCL_1635,5494,5921
Gemfibrozil,CVCL_1666,4708,5547
Gemfibrozil,CVCL_1693,3517,4127
Gemfibrozil,CVCL_1715,686,799
Gemfibrozil,CVCL_1716,684,871
Gemfibrozil,CVCL_1717,7299,7755
Gemfibrozil,CVCL_1724,3126,3583
Gemfibrozil,CVCL_1731,5544,6136
Gemfibrozil,CVCL_C466,5331,6274
Glasdegib,CVCL_0023,6772,6872
Glasdegib,CVCL_0028,1759,1921
Glasdegib,CVCL_0069,5816,5958
Glasdegib,CVCL_0099,5883,6173
Glasdegib,CVCL_0131,5752,5826
Glasdegib,CVCL_0152,5675,6010
Glasdegib,CVCL_0179,3616,3721
Glasdegib,CVCL_0218,4117,4196
Glasdegib,CVCL_0292,5224,5455
Glasdegib,CVCL_0293,5156,5733
Glasdegib,CVCL_0320,5837,5990
Glasdegib,CVCL_0332,5167,5287
Glasdegib,CVCL_0334,9755,10090
Glasdegib,CVCL_0359,5981,6079
Glasdegib,CVCL_0366,3485,3577
Glasdegib,CVCL_0371,6111,6274
Glasdegib,CVCL_0397,4604,4870
Glasdegib,CVCL_0399,7351,7857
Glasdegib,CVCL_0428,9294,9467
Glasdegib,CVCL_0459,16029,16263
Glasdegib,CVCL_0480,12747,12964
Glasdegib,CVCL_0504,6427,6653
Glasdegib,CVCL_0546,18923,19344
Glasdegib,CVCL_1055,4737,4914
Glasdegib,CVCL_1056,7954,8086
Glasdegib,CVCL_1094,5131,5314
Glasdegib,CVCL_1097,5180,5307
Glasdegib,CVCL_1098,2659,2789
Glasdegib,CVCL_1119,7690,7895
Glasdegib,CVCL_1125,2247,2346
Glasdegib,CVCL_1239,3742,3793
Glasdegib,CVCL_1285,8819,9008
Glasdegib,CVCL_1381,6922,7076
Glasdegib,CVCL_1478,5195,5811
Glasdegib,CVCL_1495,5935,6006
Glasdegib,CVCL_1517,3398,3523
Glasdegib,CVCL_1531,57,76
Glasdegib,CVCL_1547,4608,4720
Glasdegib,CVCL_1550,5400,5816
Glasdegib,CVCL_1571,43,71
Glasdegib,CVCL_1577,421,479
Glasdegib,CVCL_1635,5021,5122
Glasdegib,CVCL_1666,5016,5158
Glasdegib,CVCL_1693,10978,11292
Glasdegib,CVCL_1715,171,206
Glasdegib,CVCL_1716,525,558
Glasdegib,CVCL_1717,5023,5272
Glasdegib,CVCL_1724,2561,2669
Glasdegib,CVCL_1731,5005,5154
Glasdegib,CVCL_C466,4048,4158
Glycyrrhizic acid,CVCL_0023,2811,3313
Glycyrrhizic acid,CVCL_0028,452,588
Glycyrrhizic acid,CVCL_0069,2377,2679
Glycyrrhizic acid,CVCL_0099,1788,2266
Glycyrrhizic acid,CVCL_0131,2626,2912
Glycyrrhizic acid,CVCL_0152,2388,2844
Glycyrrhizic acid,CVCL_0179,1432,1578
Glycyrrhizic acid,CVCL_0218,1838,2135
Glycyrrhizic acid,CVCL_0292,1831,2346
Glycyrrhizic acid,CVCL_0293,2761,3164
Glycyrrhizic acid,CVCL_0320,2855,3180
Glycyrrhizic acid,CVCL_0332,2561,2775
Glycyrrhizic acid,CVCL_0334,4089,5093
Glycyrrhizic acid,CVCL_0359,3104,3399
Glycyrrhizic acid,CVCL_0366,1799,1932
Glycyrrhizic acid,CVCL_0371,3139,3563
Glycyrrhizic acid,CVCL_0397,2531,2784
Glycyrrhizic acid,CVCL_0399,3787,4289
Glycyrrhizic acid,CVCL_0428,5312,5813
Glycyrrhizic acid,CVCL_0459,7115,8033
Glycyrrhizic acid,CVCL_0480,7193,7584
Glycyrrhizic acid,CVCL_0504,2253,3081
Glycyrrhizic acid,CVCL_0546,8038,9420
Glycyrrhizic acid,CVCL_1055,2604,2744
Glycyrrhizic acid,CVCL_1056,4306,4474
Glycyrrhizic acid,CVCL_1094,1472,1886
Glycyrrhizic acid,CVCL_1097,1876,2234
Glycyrrhizic acid,CVCL_1098,987,1137
Glycyrrhizic acid,CVCL_1119,4078,4620
Glycyrrhizic acid,CVCL_1125,746,938
Glycyrrhizic acid,CVCL_1239,1531,1729
Glycyrrhizic acid,CVCL_1285,4464,5094
Glycyrrhizic acid,CVCL_1381,3209,3544
Glycyrrhizic acid,CVCL_1478,2829,3294
Glycyrrhizic acid,CVCL_1495,3117,3403
Glycyrrhizic acid,CVCL_1517,1873,2006
Glycyrrhizic acid,CVCL_1531,30,49
Glycyrrhizic acid,CVCL_1547,2288,2584
Glycyrrhizic acid,CVCL_1550,3338,3599
Glycyrrhizic acid,CVCL_1571,39,59
Glycyrrhizic acid,CVCL_1577,286,323
Glycyrrhizic acid,CVCL_1635,2564,2835
Glycyrrhizic acid,CVCL_1666,1949,2353
Glycyrrhizic acid,CVCL_1693,3482,4202
Glycyrrhizic acid,CVCL_1715,95,125
Glycyrrhizic acid,CVCL_1716,221,278
Glycyrrhizic acid,CVCL_1717,2397,2743
Glycyrrhizic acid,CVCL_1724,1162,1383
Glycyrrhizic acid,CVCL_1731,2493,2851
Glycyrrhizic acid,CVCL_C466,1294,1549
Goserelin (acetate),CVCL_0023,10770,10920
Goserelin (acetate),CVCL_0028,2927,3061
Goserelin (acetate),CVCL_0069,5800,5929
Goserelin (acetate),CVCL_0099,3210,3390
Goserelin (acetate),CVCL_0131,11327,11416
Goserelin (acetate),CVCL_0152,10984,11479
Goserelin (acetate),CVCL_0179,5365,5563
Goserelin (acetate),CVCL_0218,5243,5377
Goserelin (acetate),CVCL_0292,5581,5971
Goserelin (acetate),CVCL_0293,9928,10802
Goserelin (acetate),CVCL_0320,7945,8190
Goserelin (acetate),CVCL_0332,5856,5972
Goserelin (acetate),CVCL_0334,4255,4599
Goserelin (acetate),CVCL_0359,10466,10602
Goserelin (acetate),CVCL_0366,6733,6899
Goserelin (acetate),CVCL_0371,8047,8278
Goserelin (acetate),CVCL_0397,6112,6422
Goserelin (acetate),CVCL_0399,12449,13245
Goserelin (acetate),CVCL_0428,5192,5241
Goserelin (acetate),CVCL_0459,19026,19347
Goserelin (acetate),CVCL_0480,12426,12726
Goserelin (acetate),CVCL_0504,9342,9576
Goserelin (acetate),CVCL_0546,20821,21380
Goserelin (acetate),CVCL_1055,6130,6308
Goserelin (acetate),CVCL_1056,10201,10360
Goserelin (acetate),CVCL_1094,5903,6010
Goserelin (acetate),CVCL_1097,8981,9168
Goserelin (acetate),CVCL_1098,6699,6955
Goserelin (acetate),CVCL_1119,7415,7594
Goserelin (acetate),CVCL_1125,1568,1646
Goserelin (acetate),CVCL_1239,3267,3308
Goserelin (acetate),CVCL_1285,12508,12731
Goserelin (acetate),CVCL_1381,8297,8417
Goserelin (acetate),CVCL_1478,7901,8632
Goserelin (acetate),CVCL_1495,6278,6363
Goserelin (acetate),CVCL_1517,9172,9361
Goserelin (acetate),CVCL_1531,100,126
Goserelin (acetate),CVCL_1547,7955,8079
Goserelin (acetate),CVCL_1550,7824,8431
Goserelin (acetate),CVCL_1571,53,77
Goserelin (acetate),CVCL_1577,482,523
Goserelin (acetate),CVCL_1635,5496,5601
Goserelin (acetate),CVCL_1666,5998,6183
Goserelin (acetate),CVCL_1693,5236,5399
Goserelin (acetate),CVCL_1715,749,783
Goserelin (acetate),CVCL_1716,902,959
Goserelin (acetate),CVCL_1717,7055,7421
Goserelin (acetate),CVCL_1724,3620,3734
Goserelin (acetate),CVCL_1731,5781,5966
Goserelin (acetate),CVCL_C466,7817,8071
HI-TOPK-032,CVCL_0023,3784,3878
HI-TOPK-032,CVCL_0028,1328,1505
HI-TOPK-032,CVCL_0069,2225,2340
HI-TOPK-032,CVCL_0099,1211,1323
HI-TOPK-032,CVCL_0131,3629,3705
HI-TOPK-032,CVCL_0152,4560,5020
HI-TOPK-032,CVCL_0179,2531,2637
HI-TOPK-032,CVCL_0218,2499,2645
HI-TOPK-032,CVCL_0292,1965,2320
HI-TOPK-032,CVCL_0293,5370,5817
HI-TOPK-032,CVCL_0320,3330,3528
HI-TOPK-032,CVCL_0332,2134,2225
HI-TOPK-032,CVCL_0334,1687,1880
HI-TOPK-032,CVCL_0359,3396,3487
HI-TOPK-032,CVCL_0366,2366,2475
HI-TOPK-032,CVCL_0371,3265,3465
HI-TOPK-032,CVCL_0397,3199,3474
HI-TOPK-032,CVCL_0399,6106,6692
HI-TOPK-032,CVCL_0428,1824,1883
HI-TOPK-032,CVCL_0459,6911,7218
HI-TOPK-032,CVCL_0480,3615,3725
HI-TOPK-032,CVCL_0504,3054,3240
HI-TOPK-032,CVCL_0546,7498,7956
HI-TOPK-032,CVCL_1055,1628,1688
HI-TOPK-032,CVCL_1056,2952,3020
HI-TOPK-032,CVCL_1094,2587,2758
HI-TOPK-032,CVCL_1097,3305,3478
HI-TOPK-032,CVCL_1098,2651,2898
HI-TOPK-032,CVCL_1119,3641,3766
HI-TOPK-032,CVCL_1125,747,838
HI-TOPK-032,CVCL_1239,1205,1272
HI-TOPK-032,CVCL_1285,4473,4684
HI-TOPK-032,CVCL_1381,2687,2837
HI-TOPK-032,CVCL_1478,3145,3485
HI-TOPK-032,CVCL_1495,2462,2556
HI-TOPK-032,CVCL_1517,3375,3504
HI-TOPK-032,CVCL_1531,74,113
HI-TOPK-032,CVCL_1547,2557,2662
HI-TOPK-032,CVCL_1550,3812,4055
HI-TOPK-032,CVCL_1571,47,94
HI-TOPK-032,CVCL_1577,174,197
HI-TOPK-032,CVCL_1635,2679,2785
HI-TOPK-032,CVCL_1666,2449,2648
HI-TOPK-032,CVCL_1693,2054,2232
HI-TOPK-032,CVCL_1715,368,413
HI-TOPK-032,CVCL_1716,316,367
HI-TOPK-032,CVCL_1717,3046,3224
HI-TOPK-032,CVCL_1724,1467,1622
HI-TOPK-032,CVCL_1731,2407,2571
HI-TOPK-032,CVCL_C466,3382,3669
Harringtonine,CVCL_0023,7503,7644
Harringtonine,CVCL_0028,248,318
Harringtonine,CVCL_0069,3335,3467
Harringtonine,CVCL_0099,1276,1468
Harringtonine,CVCL_0131,2990,3052
Harringtonine,CVCL_0152,6192,6639
Harringtonine,CVCL_0179,3338,3422
Harringtonine,CVCL_0218,3484,3612
Harringtonine,CVCL_0292,3629,4016
Harringtonine,CVCL_0293,8457,9170
Harringtonine,CVCL_0320,7047,7188
Harringtonine,CVCL_0332,4170,4288
Harringtonine,CVCL_0334,11225,11984
Harringtonine,CVCL_0359,4603,4672
Harringtonine,CVCL_0366,2663,2753
Harringtonine,CVCL_0371,4677,4848
Harringtonine,CVCL_0397,6690,7005
Harringtonine,CVCL_0399,7142,7601
Harringtonine,CVCL_0428,2689,2870
Harringtonine,CVCL_0459,17297,17741
Harringtonine,CVCL_0480,12577,12816
Harringtonine,CVCL_0504,2150,2376
Harringtonine,CVCL_0546,17157,17826
Harringtonine,CVCL_1055,1192,1242
Harringtonine,CVCL_1056,5620,5692
Harringtonine,CVCL_1094,4172,4574
Harringtonine,CVCL_1097,6692,6903
Harringtonine,CVCL_1098,3643,3907
Harringtonine,CVCL_1119,7653,7846
Harringtonine,CVCL_1125,1707,1815
Harringtonine,CVCL_1239,851,891
Harringtonine,CVCL_1285,9346,9552
Harringtonine,CVCL_1381,2833,2949
Harringtonine,CVCL_1478,5900,6463
Harringtonine,CVCL_1495,3241,3303
Harringtonine,CVCL_1517,3772,3895
Harringtonine,CVCL_1531,39,58
Harringtonine,CVCL_1547,1520,1609
Harringtonine,CVCL_1550,5953,6169
Harringtonine,CVCL_1571,22,40
Harringtonine,CVCL_1577,376,394
Harringtonine,CVCL_1635,3774,3881
Harringtonine,CVCL_1666,3208,3357
Harringtonine,CVCL_1693,9782,10381
Harringtonine,CVCL_1715,200,217
Harringtonine,CVCL_1716,441,473
Harringtonine,CVCL_1717,5828,6142
Harringtonine,CVCL_1724,2374,2631
Harringtonine,CVCL_1731,3327,3446
Harringtonine,CVCL_C466,5530,5722
Hesperidin,CVCL_0023,4324,4871
Hesperidin,CVCL_0028,700,972
Hesperidin,CVCL_0069,3215,3503
Hesperidin,CVCL_0099,2360,3060
Hesperidin,CVCL_0131,3511,3656
Hesperidin,CVCL_0152,3096,3597
Hesperidin,CVCL_0179,1910,2043
Hesperidin,CVCL_0218,2407,2741
Hesperidin,CVCL_0292,2515,3167
Hesperidin,CVCL_0293,3721,4318
Hesperidin,CVCL_0320,3908,4152
Hesperidin,CVCL_0332,3926,4120
Hesperidin,CVCL_0334,6537,7727
Hesperidin,CVCL_0359,4342,4519
Hesperidin,CVCL_0366,2541,2660
Hesperidin,CVCL_0371,4134,4491
Hesperidin,CVCL_0397,3251,3513
Hesperidin,CVCL_0399,4914,5544
Hesperidin,CVCL_0428,7111,7464
Hesperidin,CVCL_0459,10554,11481
Hesperidin,CVCL_0480,9620,9812
Hesperidin,CVCL_0504,3374,4393
Hesperidin,CVCL_0546,10631,12087
Hesperidin,CVCL_1055,3393,3504
Hesperidin,CVCL_1056,6049,6176
Hesperidin,CVCL_1094,2261,2818
Hesperidin,CVCL_1097,2810,3236
Hesperidin,CVCL_1098,1280,1517
Hesperidin,CVCL_1119,5567,6005
Hesperidin,CVCL_1125,1071,1323
Hesperidin,CVCL_1239,2211,2379
Hesperidin,CVCL_1285,6660,7089
Hesperidin,CVCL_1381,4653,4957
Hesperidin,CVCL_1478,3448,3967
Hesperidin,CVCL_1495,4234,4482
Hesperidin,CVCL_1517,2781,2886
Hesperidin,CVCL_1531,53,90
Hesperidin,CVCL_1547,3221,3434
Hesperidin,CVCL_1550,4354,4580
Hesperidin,CVCL_1571,56,105
Hesperidin,CVCL_1577,350,395
Hesperidin,CVCL_1635,3705,3907
Hesperidin,CVCL_1666,2977,3460
Hesperidin,CVCL_1693,4937,5866
Hesperidin,CVCL_1715,151,191
Hesperidin,CVCL_1716,299,352
Hesperidin,CVCL_1717,3277,3598
Hesperidin,CVCL_1724,1439,1702
Hesperidin,CVCL_1731,3359,3682
Hesperidin,CVCL_C466,2141,2500
Hexylresorcinol,CVCL_0023,10016,10272
Hexylresorcinol,CVCL_0028,3028,3270
Hexylresorcinol,CVCL_0069,5673,5915
Hexylresorcinol,CVCL_0099,3002,3385
Hexylresorcinol,CVCL_0131,10858,11091
Hexylresorcinol,CVCL_0152,10249,10851
Hexylresorcinol,CVCL_0179,5036,5492
Hexylresorcinol,CVCL_0218,4756,5095
Hexylresorcinol,CVCL_0292,5476,5876
Hexylresorcinol,CVCL_0293,10576,11427
Hexylresorcinol,CVCL_0320,8049,8524
Hexylresorcinol,CVCL_0332,5488,5690
Hexylresorcinol,CVCL_0334,3224,3936
Hexylresorcinol,CVCL_0359,9839,10099
Hexylresorcinol,CVCL_0366,6711,7037
Hexylresorcinol,CVCL_0371,7688,8059
Hexylresorcinol,CVCL_0397,5976,6394
Hexylresorcinol,CVCL_0399,12932,13762
Hexylresorcinol,CVCL_0428,4895,5015
Hexylresorcinol,CVCL_0459,17998,18413
Hexylresorcinol,CVCL_0480,11348,11972
Hexylresorcinol,CVCL_0504,9016,9340
Hexylresorcinol,CVCL_0546,19642,20342
Hexylresorcinol,CVCL_1055,5746,5979
Hexylresorcinol,CVCL_1056,9631,9888
Hexylresorcinol,CVCL_1094,5756,5956
Hexylresorcinol,CVCL_1097,8038,8258
Hexylresorcinol,CVCL_1098,6334,6763
Hexylresorcinol,CVCL_1119,7643,7913
Hexylresorcinol,CVCL_1125,1371,1485
Hexylresorcinol,CVCL_1239,3106,3210
Hexylresorcinol,CVCL_1285,12162,12543
Hexylresorcinol,CVCL_1381,7834,8148
Hexylresorcinol,CVCL_1478,7086,7937
Hexylresorcinol,CVCL_1495,5974,6165
Hexylresorcinol,CVCL_1517,8734,9119
Hexylresorcinol,CVCL_1531,131,203
Hexylresorcinol,CVCL_1547,7327,7554
Hexylresorcinol,CVCL_1550,7144,7997
Hexylresorcinol,CVCL_1571,69,141
Hexylresorcinol,CVCL_1577,494,600
Hexylresorcinol,CVCL_1635,5903,6113
Hexylresorcinol,CVCL_1666,5673,5864
Hexylresorcinol,CVCL_1693,4680,5045
Hexylresorcinol,CVCL_1715,628,716
Hexylresorcinol,CVCL_1716,775,838
Hexylresorcinol,CVCL_1717,6696,7171
Hexylresorcinol,CVCL_1724,3670,3862
Hexylresorcinol,CVCL_1731,5748,6118
Hexylresorcinol,CVCL_C466,7603,7968
Homoharringtonine,CVCL_0023,6805,6972
Homoharringtonine,CVCL_0028,338,382
Homoharringtonine,CVCL_0069,2254,2344
Homoharringtonine,CVCL_0099,616,722
Homoharringtonine,CVCL_0131,5986,6083
Homoharringtonine,CVCL_0152,8779,9651
Homoharringtonine,CVCL_0179,6002,6114
Homoharringtonine,CVCL_0218,3036,3199
Homoharringtonine,CVCL_0292,2681,3265
Homoharringtonine,CVCL_0293,14299,15377
Homoharringtonine,CVCL_0320,6790,6989
Homoharringtonine,CVCL_0332,2195,2272
Homoharringtonine,CVCL_0334,3529,3853
Homoharringtonine,CVCL_0359,5876,5994
Homoharringtonine,CVCL_0366,3218,3359
Homoharringtonine,CVCL_0371,3533,3726
Homoharringtonine,CVCL_0397,6030,6498
Homoharringtonine,CVCL_0399,6749,7734
Homoharringtonine,CVCL_0428,1037,1093
Homoharringtonine,CVCL_0459,11078,11641
Homoharringtonine,CVCL_0480,8099,8329
Homoharringtonine,CVCL_0504,1970,2146
Homoharringtonine,CVCL_0546,16408,17306
Homoharringtonine,CVCL_1055,667,690
Homoharringtonine,CVCL_1056,3533,3630
Homoharringtonine,CVCL_1094,2119,2263
Homoharringtonine,CVCL_1097,5806,5992
Homoharringtonine,CVCL_1098,8171,8660
Homoharringtonine,CVCL_1119,6376,6523
Homoharringtonine,CVCL_1125,981,1066
Homoharringtonine,CVCL_1239,946,981
Homoharringtonine,CVCL_1285,8096,8333
Homoharringtonine,CVCL_1381,2559,2675
Homoharringtonine,CVCL_1478,4459,4772
Homoharringtonine,CVCL_1495,1731,1794
Homoharringtonine,CVCL_1517,4777,4939
Homoharringtonine,CVCL_1531,71,97
Homoharringtonine,CVCL_1547,2644,2754
Homoharringtonine,CVCL_1550,5794,6025
Homoharringtonine,CVCL_1571,35,58
Homoharringtonine,CVCL_1577,251,275
Homoharringtonine,CVCL_1635,2933,3018
Homoharringtonine,CVCL_1666,2954,3178
Homoharringtonine,CVCL_1693,4683,5017
Homoharringtonine,CVCL_1715,419,440
Homoharringtonine,CVCL_1716,686,757
Homoharringtonine,CVCL_1717,7270,7594
Homoharringtonine,CVCL_1724,2699,3066
Homoharringtonine,CVCL_1731,3095,3269
Homoharringtonine,CVCL_C466,4282,4604
Hydroxyfasudil,CVCL_0023,5248,5453
Hydroxyfasudil,CVCL_0028,1029,1201
Hydroxyfasudil,CVCL_0069,3399,3564
Hydroxyfasudil,CVCL_0099,3340,3571
Hydroxyfasudil,CVCL_0131,4582,4665
Hydroxyfasudil,CVCL_0152,4771,5285
Hydroxyfasudil,CVCL_0179,2706,2794
Hydroxyfasudil,CVCL_0218,3591,3798
Hydroxyfasudil,CVCL_0292,3256,3738
Hydroxyfasudil,CVCL_0293,5885,6479
Hydroxyfasudil,CVCL_0320,4766,4953
Hydroxyfasudil,CVCL_0332,3513,3594
Hydroxyfasudil,CVCL_0334,5363,5685
Hydroxyfasudil,CVCL_0359,4343,4468
Hydroxyfasudil,CVCL_0366,2678,2757
Hydroxyfasudil,CVCL_0371,4731,5021
Hydroxyfasudil,CVCL_0397,3999,4319
Hydroxyfasudil,CVCL_0399,6552,7187
Hydroxyfasudil,CVCL_0428,4784,4901
Hydroxyfasudil,CVCL_0459,12139,12655
Hydroxyfasudil,CVCL_0480,8304,8430
Hydroxyfasudil,CVCL_0504,4655,5125
Hydroxyfasudil,CVCL_0546,13580,14369
Hydroxyfasudil,CVCL_1055,2773,2836
Hydroxyfasudil,CVCL_1056,5229,5318
Hydroxyfasudil,CVCL_1094,3427,3728
Hydroxyfasudil,CVCL_1097,4056,4326
Hydroxyfasudil,CVCL_1098,2608,2906
Hydroxyfasudil,CVCL_1119,5162,5357
Hydroxyfasudil,CVCL_1125,1242,1348
Hydroxyfasudil,CVCL_1239,2188,2294
Hydroxyfasudil,CVCL_1285,6160,6431
Hydroxyfasudil,CVCL_1381,4481,4635
Hydroxyfasudil,CVCL_1478,4350,4753
Hydroxyfasudil,CVCL_1495,3767,3898
Hydroxyfasudil,CVCL_1517,3727,3814
Hydroxyfasudil,CVCL_1531,65,85
Hydroxyfasudil,CVCL_1547,3552,3711
Hydroxyfasudil,CVCL_1550,4904,5112
Hydroxyfasudil,CVCL_1571,32,54
Hydroxyfasudil,CVCL_1577,314,341
Hydroxyfasudil,CVCL_1635,3773,3926
Hydroxyfasudil,CVCL_1666,3331,3581
Hydroxyfasudil,CVCL_1693,5925,6276
Hydroxyfasudil,CVCL_1715,331,383
Hydroxyfasudil,CVCL_1716,457,506
Hydroxyfasudil,CVCL_1717,4410,4635
Hydroxyfasudil,CVCL_1724,2283,2500
Hydroxyfasudil,CVCL_1731,3690,3907
Hydroxyfasudil,CVCL_C466,3302,3588
Hydroxyurea,CVCL_0023,2730,2877
Hydroxyurea,CVCL_0028,693,820
Hydroxyurea,CVCL_0069,2809,2931
Hydroxyurea,CVCL_0099,2558,2918
Hydroxyurea,CVCL_0131,2526,2583
Hydroxyurea,CVCL_0152,2829,3186
Hydroxyurea,CVCL_0179,1766,1866
Hydroxyurea,CVCL_0218,2574,2731
Hydroxyurea,CVCL_0292,2654,2992
Hydroxyurea,CVCL_0293,3000,3412
Hydroxyurea,CVCL_0320,3211,3328
Hydroxyurea,CVCL_0332,2054,2114
Hydroxyurea,CVCL_0334,4576,5085
Hydroxyurea,CVCL_0359,2634,2706
Hydroxyurea,CVCL_0366,1255,1299
Hydroxyurea,CVCL_0371,3613,3770
Hydroxyurea,CVCL_0397,2673,2850
Hydroxyurea,CVCL_0399,4186,4566
Hydroxyurea,CVCL_0428,5174,5334
Hydroxyurea,CVCL_0459,7842,8195
Hydroxyurea,CVCL_0480,6515,6630
Hydroxyurea,CVCL_0504,3021,3408
Hydroxyurea,CVCL_0546,10085,10772
Hydroxyurea,CVCL_1055,2587,2669
Hydroxyurea,CVCL_1056,3139,3198
Hydroxyurea,CVCL_1094,2222,2591
Hydroxyurea,CVCL_1097,2461,2622
Hydroxyurea,CVCL_1098,979,1094
Hydroxyurea,CVCL_1119,4328,4532
Hydroxyurea,CVCL_1125,1088,1202
Hydroxyurea,CVCL_1239,1450,1506
Hydroxyurea,CVCL_1285,3860,4003
Hydroxyurea,CVCL_1381,3082,3177
Hydroxyurea,CVCL_1478,3031,3548
Hydroxyurea,CVCL_1495,2900,2975
Hydroxyurea,CVCL_1517,1568,1615
Hydroxyurea,CVCL_1531,28,46
Hydroxyurea,CVCL_1547,2034,2123
Hydroxyurea,CVCL_1550,3457,3652
Hydroxyurea,CVCL_1571,22,35
Hydroxyurea,CVCL_1577,220,247
Hydroxyurea,CVCL_1635,2747,2847
Hydroxyurea,CVCL_1666,2240,2425
Hydroxyurea,CVCL_1693,5140,5601
Hydroxyurea,CVCL_1715,93,108
Hydroxyurea,CVCL_1716,276,305
Hydroxyurea,CVCL_1717,2739,2957
Hydroxyurea,CVCL_1724,1416,1569
Hydroxyurea,CVCL_1731,2275,2367
Hydroxyurea,CVCL_C466,1330,1440
IQ 1,CVCL_0023,4339,4572
IQ 1,CVCL_0028,630,697
IQ 1,CVCL_0069,1858,2018
IQ 1,CVCL_0099,1169,1319
IQ 1,CVCL_0131,3869,3924
IQ 1,CVCL_0152,4402,5075
IQ 1,CVCL_0179,2143,2212
IQ 1,CVCL_0218,2394,2625
IQ 1,CVCL_0292,1704,2157
IQ 1,CVCL_0293,4986,5543
IQ 1,CVCL_0320,3863,4089
IQ 1,CVCL_0332,2125,2193
IQ 1,CVCL_0334,1562,1885
IQ 1,CVCL_0359,2798,2892
IQ 1,CVCL_0366,2026,2081
IQ 1,CVCL_0371,4179,4491
IQ 1,CVCL_0397,3360,3699
IQ 1,CVCL_0399,5221,5967
IQ 1,CVCL_0428,1742,1792
IQ 1,CVCL_0459,8136,8720
IQ 1,CVCL_0480,4662,4791
IQ 1,CVCL_0504,3269,3645
IQ 1,CVCL_0546,9531,10611
IQ 1,CVCL_1055,1708,1743
IQ 1,CVCL_1056,3147,3210
IQ 1,CVCL_1094,2090,2291
IQ 1,CVCL_1097,3521,3842
IQ 1,CVCL_1098,2324,2639
IQ 1,CVCL_1119,3666,3836
IQ 1,CVCL_1125,607,698
IQ 1,CVCL_1239,1316,1411
IQ 1,CVCL_1285,4462,4789
IQ 1,CVCL_1381,3114,3264
IQ 1,CVCL_1478,3687,4086
IQ 1,CVCL_1495,2528,2658
IQ 1,CVCL_1517,4689,4795
IQ 1,CVCL_1531,49,68
IQ 1,CVCL_1547,2770,2903
IQ 1,CVCL_1550,4092,4278
IQ 1,CVCL_1571,23,45
IQ 1,CVCL_1577,151,167
IQ 1,CVCL_1635,2821,2963
IQ 1,CVCL_1666,2598,2948
IQ 1,CVCL_1693,1408,1573
IQ 1,CVCL_1715,434,471
IQ 1,CVCL_1716,342,399
IQ 1,CVCL_1717,3384,3634
IQ 1,CVCL_1724,1644,1851
IQ 1,CVCL_1731,2722,2944
IQ 1,CVCL_C466,3427,3844
Idarubicin (hydrochloride),CVCL_0023,5522,5750
Idarubicin (hydrochloride),CVCL_0028,1475,1628
Idarubicin (hydrochloride),CVCL_0069,2145,2283
Idarubicin (hydrochloride),CVCL_0099,1215,1379
Idarubicin (hydrochloride),CVCL_0131,6373,6601
Idarubicin (hydrochloride),CVCL_0152,5524,6275
Idarubicin (hydrochloride),CVCL_0179,2949,3365
Idarubicin (hydrochloride),CVCL_0218,3662,3985
Idarubicin (hydrochloride),CVCL_0292,3956,4377
Idarubicin (hydrochloride),CVCL_0293,8309,9096
Idarubicin (hydrochloride),CVCL_0320,6008,6325
Idarubicin (hydrochloride),CVCL_0332,3786,3953
Idarubicin (hydrochloride),CVCL_0334,2362,2909
Idarubicin (hydrochloride),CVCL_0359,5282,5504
Idarubicin (hydrochloride),CVCL_0366,4036,4262
Idarubicin (hydrochloride),CVCL_0371,6187,6524
Idarubicin (hydrochloride),CVCL_0397,5432,5827
Idarubicin (hydrochloride),CVCL_0399,8007,8738
Idarubicin (hydrochloride),CVCL_0428,3144,3224
Idarubicin (hydrochloride),CVCL_0459,11890,12354
Idarubicin (hydrochloride),CVCL_0480,8474,8865
Idarubicin (hydrochloride),CVCL_0504,3806,3991
Idarubicin (hydrochloride),CVCL_0546,13064,13691
Idarubicin (hydrochloride),CVCL_1055,1970,2056
Idarubicin (hydrochloride),CVCL_1056,5363,5576
Idarubicin (hydrochloride),CVCL_1094,3584,3745
Idarubicin (hydrochloride),CVCL_1097,5473,5718
Idarubicin (hydrochloride),CVCL_1098,3640,4060
Idarubicin (hydrochloride),CVCL_1119,5788,6013
Idarubicin (hydrochloride),CVCL_1125,307,376
Idarubicin (hydrochloride),CVCL_1239,1272,1341
Idarubicin (hydrochloride),CVCL_1285,8017,8375
Idarubicin (hydrochloride),CVCL_1381,3786,4084
Idarubicin (hydrochloride),CVCL_1478,6620,7264
Idarubicin (hydrochloride),CVCL_1495,3102,3206
Idarubicin (hydrochloride),CVCL_1517,5507,5829
Idarubicin (hydrochloride),CVCL_1531,110,163
Idarubicin (hydrochloride),CVCL_1547,3310,3442
Idarubicin (hydrochloride),CVCL_1550,5332,5923
Idarubicin (hydrochloride),CVCL_1571,53,110
Idarubicin (hydrochloride),CVCL_1577,255,307
Idarubicin (hydrochloride),CVCL_1635,4159,4319
Idarubicin (hydrochloride),CVCL_1666,3937,4164
Idarubicin (hydrochloride),CVCL_1693,2833,3148
Idarubicin (hydrochloride),CVCL_1715,683,753
Idarubicin (hydrochloride),CVCL_1716,598,652
Idarubicin (hydrochloride),CVCL_1717,5193,5662
Idarubicin (hydrochloride),CVCL_1724,1569,1762
Idarubicin (hydrochloride),CVCL_1731,3750,4130
Idarubicin (hydrochloride),CVCL_C466,5040,5406
Idoxuridine,CVCL_0023,6479,6804
Idoxuridine,CVCL_0028,1016,1218
Idoxuridine,CVCL_0069,4462,4668
Idoxuridine,CVCL_0099,3587,4165
Idoxuridine,CVCL_0131,5071,5192
Idoxuridine,CVCL_0152,4328,4866
Idoxuridine,CVCL_0179,2457,2580
Idoxuridine,CVCL_0218,3211,3459
Idoxuridine,CVCL_0292,3574,4203
Idoxuridine,CVCL_0293,5324,6087
Idoxuridine,CVCL_0320,5164,5363
Idoxuridine,CVCL_0332,5493,5637
Idoxuridine,CVCL_0334,10088,11069
Idoxuridine,CVCL_0359,6682,6846
Idoxuridine,CVCL_0366,3965,4083
Idoxuridine,CVCL_0371,5267,5573
Idoxuridine,CVCL_0397,4286,4567
Idoxuridine,CVCL_0399,6382,7000
Idoxuridine,CVCL_0428,9500,9782
Idoxuridine,CVCL_0459,15817,16651
Idoxuridine,CVCL_0480,13583,13802
Idoxuridine,CVCL_0504,5120,5795
Idoxuridine,CVCL_0546,15174,16280
Idoxuridine,CVCL_1055,3635,3743
Idoxuridine,CVCL_1056,9057,9150
Idoxuridine,CVCL_1094,3307,3885
Idoxuridine,CVCL_1097,4316,4697
Idoxuridine,CVCL_1098,1939,2199
Idoxuridine,CVCL_1119,6454,6787
Idoxuridine,CVCL_1125,1395,1606
Idoxuridine,CVCL_1239,3370,3476
Idoxuridine,CVCL_1285,10085,10471
Idoxuridine,CVCL_1381,6280,6503
Idoxuridine,CVCL_1478,4698,5376
Idoxuridine,CVCL_1495,5335,5483
Idoxuridine,CVCL_1517,3688,3787
Idoxuridine,CVCL_1531,82,108
Idoxuridine,CVCL_1547,4649,4815
Idoxuridine,CVCL_1550,5487,5753
Idoxuridine,CVCL_1571,46,81
Idoxuridine,CVCL_1577,397,422
Idoxuridine,CVCL_1635,4589,4775
Idoxuridine,CVCL_1666,3942,4294
Idoxuridine,CVCL_1693,7234,7977
Idoxuridine,CVCL_1715,242,290
Idoxuridine,CVCL_1716,537,598
Idoxuridine,CVCL_1717,4400,4730
Idoxuridine,CVCL_1724,1933,2185
Idoxuridine,CVCL_1731,5130,5367
Idoxuridine,CVCL_C466,3581,3925
Imiquimod (hydrochloride),CVCL_0023,4874,5131
Imiquimod (hydrochloride),CVCL_0028,891,1020
Imiquimod (hydrochloride),CVCL_0069,3565,3708
Imiquimod (hydrochloride),CVCL_0099,3068,3506
Imiquimod (hydrochloride),CVCL_0131,4134,4204
Imiquimod (hydrochloride),CVCL_0152,3754,4169
Imiquimod (hydrochloride),CVCL_0179,2301,2409
Imiquimod (hydrochloride),CVCL_0218,3201,3363
Imiquimod (hydrochloride),CVCL_0292,3293,3776
Imiquimod (hydrochloride),CVCL_0293,4434,4946
Imiquimod (hydrochloride),CVCL_0320,4764,4895
Imiquimod (hydrochloride),CVCL_0332,4367,4484
Imiquimod (hydrochloride),CVCL_0334,8473,9241
Imiquimod (hydrochloride),CVCL_0359,4498,4581
Imiquimod (hydrochloride),CVCL_0366,3107,3185
Imiquimod (hydrochloride),CVCL_0371,4867,5076
Imiquimod (hydrochloride),CVCL_0397,4016,4286
Imiquimod (hydrochloride),CVCL_0399,5353,5821
Imiquimod (hydrochloride),CVCL_0428,7608,7739
Imiquimod (hydrochloride),CVCL_0459,15424,15942
Imiquimod (hydrochloride),CVCL_0480,11098,11222
Imiquimod (hydrochloride),CVCL_0504,4467,4976
Imiquimod (hydrochloride),CVCL_0546,14729,15548
Imiquimod (hydrochloride),CVCL_1055,2853,2959
Imiquimod (hydrochloride),CVCL_1056,6556,6657
Imiquimod (hydrochloride),CVCL_1094,2733,3055
Imiquimod (hydrochloride),CVCL_1097,3864,4141
Imiquimod (hydrochloride),CVCL_1098,1530,1702
Imiquimod (hydrochloride),CVCL_1119,5354,5561
Imiquimod (hydrochloride),CVCL_1125,1432,1570
Imiquimod (hydrochloride),CVCL_1239,2734,2795
Imiquimod (hydrochloride),CVCL_1285,7515,7722
Imiquimod (hydrochloride),CVCL_1381,4823,4978
Imiquimod (hydrochloride),CVCL_1478,3912,4385
Imiquimod (hydrochloride),CVCL_1495,4433,4541
Imiquimod (hydrochloride),CVCL_1517,3137,3217
Imiquimod (hydrochloride),CVCL_1531,64,86
Imiquimod (hydrochloride),CVCL_1547,3700,3819
Imiquimod (hydrochloride),CVCL_1550,4437,4662
Imiquimod (hydrochloride),CVCL_1571,48,69
Imiquimod (hydrochloride),CVCL_1577,263,293
Imiquimod (hydrochloride),CVCL_1635,3744,3850
Imiquimod (hydrochloride),CVCL_1666,3418,3658
Imiquimod (hydrochloride),CVCL_1693,5963,6435
Imiquimod (hydrochloride),CVCL_1715,249,281
Imiquimod (hydrochloride),CVCL_1716,359,399
Imiquimod (hydrochloride),CVCL_1717,3864,4150
Imiquimod (hydrochloride),CVCL_1724,1972,2149
Imiquimod (hydrochloride),CVCL_1731,4118,4273
Imiquimod (hydrochloride),CVCL_C466,2790,2977
Imiquimod (maleate),CVCL_0023,2305,2401
Imiquimod (maleate),CVCL_0028,585,693
Imiquimod (maleate),CVCL_0069,1990,2085
Imiquimod (maleate),CVCL_0099,1869,2156
Imiquimod (maleate),CVCL_0131,1898,1939
Imiquimod (maleate),CVCL_0152,2024,2252
Imiquimod (maleate),CVCL_0179,1267,1323
Imiquimod (maleate),CVCL_0218,1873,1967
Imiquimod (maleate),CVCL_0292,1893,2123
Imiquimod (maleate),CVCL_0293,1938,2195
Imiquimod (maleate),CVCL_0320,2418,2513
Imiquimod (maleate),CVCL_0332,1621,1682
Imiquimod (maleate),CVCL_0334,3503,3815
Imiquimod (maleate),CVCL_0359,2166,2216
Imiquimod (maleate),CVCL_0366,991,1025
Imiquimod (maleate),CVCL_0371,2498,2621
Imiquimod (maleate),CVCL_0397,1942,2045
Imiquimod (maleate),CVCL_0399,3140,3408
Imiquimod (maleate),CVCL_0428,3923,4014
Imiquimod (maleate),CVCL_0459,5447,5673
Imiquimod (maleate),CVCL_0480,4707,4790
Imiquimod (maleate),CVCL_0504,2345,2613
Imiquimod (maleate),CVCL_0546,7377,7822
Imiquimod (maleate),CVCL_1055,2028,2117
Imiquimod (maleate),CVCL_1056,2286,2326
Imiquimod (maleate),CVCL_1094,1872,2114
Imiquimod (maleate),CVCL_1097,1641,1772
Imiquimod (maleate),CVCL_1098,811,904
Imiquimod (maleate),CVCL_1119,3448,3582
Imiquimod (maleate),CVCL_1125,832,918
Imiquimod (maleate),CVCL_1239,1168,1209
Imiquimod (maleate),CVCL_1285,2756,2872
Imiquimod (maleate),CVCL_1381,2527,2623
Imiquimod (maleate),CVCL_1478,1932,2252
Imiquimod (maleate),CVCL_1495,2317,2372
Imiquimod (maleate),CVCL_1517,1186,1212
Imiquimod (maleate),CVCL_1531,23,37
Imiquimod (maleate),CVCL_1547,1548,1609
Imiquimod (maleate),CVCL_1550,2585,2703
Imiquimod (maleate),CVCL_1571,15,28
Imiquimod (maleate),CVCL_1577,171,190
Imiquimod (maleate),CVCL_1635,2031,2098
Imiquimod (maleate),CVCL_1666,1752,1892
Imiquimod (maleate),CVCL_1693,3926,4277
Imiquimod (maleate),CVCL_1715,58,75
Imiquimod (maleate),CVCL_1716,204,221
Imiquimod (maleate),CVCL_1717,2052,2225
Imiquimod (maleate),CVCL_1724,966,1074
Imiquimod (maleate),CVCL_1731,1714,1785
Imiquimod (maleate),CVCL_C466,1110,1198
Indacaterol (maleate),CVCL_0023,6795,6875
Indacaterol (maleate),CVCL_0028,1328,1402
Indacaterol (maleate),CVCL_0069,4494,4589
Indacaterol (maleate),CVCL_0099,4290,4475
Indacaterol (maleate),CVCL_0131,4882,4912
Indacaterol (maleate),CVCL_0152,4915,5228
Indacaterol (maleate),CVCL_0179,2681,2757
Indacaterol (maleate),CVCL_0218,3831,3873
Indacaterol (maleate),CVCL_0292,4882,5078
Indacaterol (maleate),CVCL_0293,5853,6394
Indacaterol (maleate),CVCL_0320,5197,5304
Indacaterol (maleate),CVCL_0332,5066,5147
Indacaterol (maleate),CVCL_0334,11076,11457
Indacaterol (maleate),CVCL_0359,6598,6664
Indacaterol (maleate),CVCL_0366,3566,3643
Indacaterol (maleate),CVCL_0371,5493,5598
Indacaterol (maleate),CVCL_0397,4643,4841
Indacaterol (maleate),CVCL_0399,7495,7880
Indacaterol (maleate),CVCL_0428,9689,9791
Indacaterol (maleate),CVCL_0459,18690,18878
Indacaterol (maleate),CVCL_0480,13144,13339
Indacaterol (maleate),CVCL_0504,5573,5705
Indacaterol (maleate),CVCL_0546,17214,17514
Indacaterol (maleate),CVCL_1055,3390,3487
Indacaterol (maleate),CVCL_1056,8322,8435
Indacaterol (maleate),CVCL_1094,4042,4186
Indacaterol (maleate),CVCL_1097,4951,5021
Indacaterol (maleate),CVCL_1098,2164,2261
Indacaterol (maleate),CVCL_1119,6846,7006
Indacaterol (maleate),CVCL_1125,2017,2069
Indacaterol (maleate),CVCL_1239,3130,3164
Indacaterol (maleate),CVCL_1285,9533,9620
Indacaterol (maleate),CVCL_1381,6017,6107
Indacaterol (maleate),CVCL_1478,5280,5911
Indacaterol (maleate),CVCL_1495,5680,5730
Indacaterol (maleate),CVCL_1517,3347,3446
Indacaterol (maleate),CVCL_1531,63,85
Indacaterol (maleate),CVCL_1547,4579,4670
Indacaterol (maleate),CVCL_1550,5618,5986
Indacaterol (maleate),CVCL_1571,48,62
Indacaterol (maleate),CVCL_1577,332,379
Indacaterol (maleate),CVCL_1635,4808,4867
Indacaterol (maleate),CVCL_1666,4505,4572
Indacaterol (maleate),CVCL_1693,8130,8361
Indacaterol (maleate),CVCL_1715,198,219
Indacaterol (maleate),CVCL_1716,547,560
Indacaterol (maleate),CVCL_1717,4637,4862
Indacaterol (maleate),CVCL_1724,2206,2308
Indacaterol (maleate),CVCL_1731,4711,4778
Indacaterol (maleate),CVCL_C466,4469,4548
Infigratinib,CVCL_0023,6067,6308
Infigratinib,CVCL_0028,1145,1270
Infigratinib,CVCL_0069,2562,2699
Infigratinib,CVCL_0099,1636,1782
Infigratinib,CVCL_0131,6386,6460
Infigratinib,CVCL_0152,6637,7327
Infigratinib,CVCL_0179,3513,3607
Infigratinib,CVCL_0218,3459,3633
Infigratinib,CVCL_0292,2904,3356
Infigratinib,CVCL_0293,8567,9154
Infigratinib,CVCL_0320,5885,6107
Infigratinib,CVCL_0332,3614,3728
Infigratinib,CVCL_0334,2602,2867
Infigratinib,CVCL_0359,4742,4857
Infigratinib,CVCL_0366,3701,3800
Infigratinib,CVCL_0371,5944,6262
Infigratinib,CVCL_0397,5426,5813
Infigratinib,CVCL_0399,8797,9613
Infigratinib,CVCL_0428,2423,2481
Infigratinib,CVCL_0459,11794,12318
Infigratinib,CVCL_0480,7464,7597
Infigratinib,CVCL_0504,5113,5450
Infigratinib,CVCL_0546,12595,13486
Infigratinib,CVCL_1055,2479,2526
Infigratinib,CVCL_1056,5253,5353
Infigratinib,CVCL_1094,2966,3158
Infigratinib,CVCL_1097,5230,5531
Infigratinib,CVCL_1098,3559,3887
Infigratinib,CVCL_1119,5009,5195
Infigratinib,CVCL_1125,859,957
Infigratinib,CVCL_1239,1964,2041
Infigratinib,CVCL_1285,7327,7665
Infigratinib,CVCL_1381,4620,4777
Infigratinib,CVCL_1478,5403,5891
Infigratinib,CVCL_1495,3368,3496
Infigratinib,CVCL_1517,7132,7251
Infigratinib,CVCL_1531,88,113
Infigratinib,CVCL_1547,3917,4049
Infigratinib,CVCL_1550,6051,6329
Infigratinib,CVCL_1571,44,75
Infigratinib,CVCL_1577,240,262
Infigratinib,CVCL_1635,3969,4105
Infigratinib,CVCL_1666,3359,3638
Infigratinib,CVCL_1693,2255,2472
Infigratinib,CVCL_1715,692,747
Infigratinib,CVCL_1716,566,634
Infigratinib,CVCL_1717,5119,5355
Infigratinib,CVCL_1724,2207,2392
Infigratinib,CVCL_1731,3961,4174
Infigratinib,CVCL_C466,5115,5544
Ipatasertib,CVCL_0023,5280,5926
Ipatasertib,CVCL_0028,629,852
Ipatasertib,CVCL_0069,2491,2804
Ipatasertib,CVCL_0099,1260,1533
Ipatasertib,CVCL_0131,5458,5732
Ipatasertib,CVCL_0152,4753,5841
Ipatasertib,CVCL_0179,2953,3175
Ipatasertib,CVCL_0218,3092,3560
Ipatasertib,CVCL_0292,1621,2349
Ipatasertib,CVCL_0293,6219,7141
Ipatasertib,CVCL_0320,4923,5311
Ipatasertib,CVCL_0332,2873,3096
Ipatasertib,CVCL_0334,1800,2226
Ipatasertib,CVCL_0359,3509,3862
Ipatasertib,CVCL_0366,3116,3275
Ipatasertib,CVCL_0371,4896,5585
Ipatasertib,CVCL_0397,3998,4476
Ipatasertib,CVCL_0399,6722,7913
Ipatasertib,CVCL_0428,2341,2540
Ipatasertib,CVCL_0459,9408,10533
Ipatasertib,CVCL_0480,6161,6419
Ipatasertib,CVCL_0504,3892,4735
Ipatasertib,CVCL_0546,10777,12271
Ipatasertib,CVCL_1055,2558,2678
Ipatasertib,CVCL_1056,4249,4416
Ipatasertib,CVCL_1094,2546,3027
Ipatasertib,CVCL_1097,3548,4071
Ipatasertib,CVCL_1098,2182,2759
Ipatasertib,CVCL_1119,4859,5327
Ipatasertib,CVCL_1125,597,750
Ipatasertib,CVCL_1239,1725,1911
Ipatasertib,CVCL_1285,5102,5675
Ipatasertib,CVCL_1381,3752,4082
Ipatasertib,CVCL_1478,4585,5183
Ipatasertib,CVCL_1495,3345,3678
Ipatasertib,CVCL_1517,6253,6472
Ipatasertib,CVCL_1531,71,115
Ipatasertib,CVCL_1547,3847,4268
Ipatasertib,CVCL_1550,5741,6024
Ipatasertib,CVCL_1571,48,100
Ipatasertib,CVCL_1577,253,293
Ipatasertib,CVCL_1635,3566,3892
Ipatasertib,CVCL_1666,2548,3085
Ipatasertib,CVCL_1693,1685,2131
Ipatasertib,CVCL_1715,459,533
Ipatasertib,CVCL_1716,379,492
Ipatasertib,CVCL_1717,4467,4903
Ipatasertib,CVCL_1724,1888,2252
Ipatasertib,CVCL_1731,3054,3467
Ipatasertib,CVCL_C466,2818,3391
Irinotecan,CVCL_0023,6263,6400
Irinotecan,CVCL_0028,1260,1463
Irinotecan,CVCL_0069,2972,3146
Irinotecan,CVCL_0099,1731,1906
Irinotecan,CVCL_0131,6306,6502
Irinotecan,CVCL_0152,7732,8270
Irinotecan,CVCL_0179,3446,3619
Irinotecan,CVCL_0218,4102,4268
Irinotecan,CVCL_0292,3393,3678
Irinotecan,CVCL_0293,8596,9286
Irinotecan,CVCL_0320,6014,6401
Irinotecan,CVCL_0332,3532,3710
Irinotecan,CVCL_0334,2648,2915
Irinotecan,CVCL_0359,4588,4730
Irinotecan,CVCL_0366,3756,3986
Irinotecan,CVCL_0371,6084,6355
Irinotecan,CVCL_0397,5978,6403
Irinotecan,CVCL_0399,10069,10732
Irinotecan,CVCL_0428,2387,2477
Irinotecan,CVCL_0459,13456,13805
Irinotecan,CVCL_0480,7079,7415
Irinotecan,CVCL_0504,4861,5040
Irinotecan,CVCL_0546,12787,13297
Irinotecan,CVCL_1055,2517,2698
Irinotecan,CVCL_1056,5168,5413
Irinotecan,CVCL_1094,2998,3194
Irinotecan,CVCL_1097,5570,5803
Irinotecan,CVCL_1098,4044,4305
Irinotecan,CVCL_1119,5352,5536
Irinotecan,CVCL_1125,1005,1113
Irinotecan,CVCL_1239,2273,2385
Irinotecan,CVCL_1285,7140,7441
Irinotecan,CVCL_1381,4443,4767
Irinotecan,CVCL_1478,5565,6153
Irinotecan,CVCL_1495,4101,4227
Irinotecan,CVCL_1517,7037,7449
Irinotecan,CVCL_1531,80,148
Irinotecan,CVCL_1547,4280,4387
Irinotecan,CVCL_1550,5408,6069
Irinotecan,CVCL_1571,57,106
Irinotecan,CVCL_1577,206,282
Irinotecan,CVCL_1635,4057,4242
Irinotecan,CVCL_1666,4024,4245
Irinotecan,CVCL_1693,2452,2632
Irinotecan,CVCL_1715,784,874
Irinotecan,CVCL_1716,583,640
Irinotecan,CVCL_1717,4955,5325
Irinotecan,CVCL_1724,2987,3175
Irinotecan,CVCL_1731,4041,4314
Irinotecan,CVCL_C466,6037,6327
Irinotecan (hydrochloride),CVCL_0023,11693,12666
Irinotecan (hydrochloride),CVCL_0028,1627,1995
Irinotecan (hydrochloride),CVCL_0069,7961,8504
Irinotecan (hydrochloride),CVCL_0099,5761,6770
Irinotecan (hydrochloride),CVCL_0131,9043,9498
Irinotecan (hydrochloride),CVCL_0152,8539,9824
Irinotecan (hydrochloride),CVCL_0179,5479,5776
Irinotecan (hydrochloride),CVCL_0218,6911,7456
Irinotecan (hydrochloride),CVCL_0292,7535,8859
Irinotecan (hydrochloride),CVCL_0293,9896,11340
Irinotecan (hydrochloride),CVCL_0320,10000,10622
Irinotecan (hydrochloride),CVCL_0332,9678,10101
Irinotecan (hydrochloride),CVCL_0334,17523,19591
Irinotecan (hydrochloride),CVCL_0359,11083,11650
Irinotecan (hydrochloride),CVCL_0366,6754,7046
Irinotecan (hydrochloride),CVCL_0371,10391,11254
Irinotecan (hydrochloride),CVCL_0397,8990,9598
Irinotecan (hydrochloride),CVCL_0399,12894,14252
Irinotecan (hydrochloride),CVCL_0428,16355,17283
Irinotecan (hydrochloride),CVCL_0459,29179,31088
Irinotecan (hydrochloride),CVCL_0480,24665,25331
Irinotecan (hydrochloride),CVCL_0504,9013,10745
Irinotecan (hydrochloride),CVCL_0546,30046,32822
Irinotecan (hydrochloride),CVCL_1055,5499,5753
Irinotecan (hydrochloride),CVCL_1056,15809,16197
Irinotecan (hydrochloride),CVCL_1094,6739,7912
Irinotecan (hydrochloride),CVCL_1097,7727,8513
Irinotecan (hydrochloride),CVCL_1098,3674,4172
Irinotecan (hydrochloride),CVCL_1119,13504,14344
Irinotecan (hydrochloride),CVCL_1125,2598,2949
Irinotecan (hydrochloride),CVCL_1239,5161,5467
Irinotecan (hydrochloride),CVCL_1285,15968,16931
Irinotecan (hydrochloride),CVCL_1381,10285,10835
Irinotecan (hydrochloride),CVCL_1478,9567,10783
Irinotecan (hydrochloride),CVCL_1495,9864,10223
Irinotecan (hydrochloride),CVCL_1517,6514,6762
Irinotecan (hydrochloride),CVCL_1531,152,212
Irinotecan (hydrochloride),CVCL_1547,7485,7973
Irinotecan (hydrochloride),CVCL_1550,11024,11668
Irinotecan (hydrochloride),CVCL_1571,122,195
Irinotecan (hydrochloride),CVCL_1577,709,814
Irinotecan (hydrochloride),CVCL_1635,9374,9836
Irinotecan (hydrochloride),CVCL_1666,7494,8294
Irinotecan (hydrochloride),CVCL_1693,14736,16509
Irinotecan (hydrochloride),CVCL_1715,443,531
Irinotecan (hydrochloride),CVCL_1716,906,1034
Irinotecan (hydrochloride),CVCL_1717,8928,9770
Irinotecan (hydrochloride),CVCL_1724,4078,4603
Irinotecan (hydrochloride),CVCL_1731,9012,9610
Irinotecan (hydrochloride),CVCL_C466,6043,6617
Isocorydine,CVCL_0023,7639,7789
Isocorydine,CVCL_0028,1954,2067
Isocorydine,CVCL_0069,3561,3661
Isocorydine,CVCL_0099,2343,2481
Isocorydine,CVCL_0131,7028,7108
Isocorydine,CVCL_0152,8071,8539
Isocorydine,CVCL_0179,3732,3835
Isocorydine,CVCL_0218,4399,4502
Isocorydine,CVCL_0292,4342,4683
Isocorydine,CVCL_0293,8282,8926
Isocorydine,CVCL_0320,6082,6264
Isocorydine,CVCL_0332,3717,3808
Isocorydine,CVCL_0334,3116,3352
Isocorydine,CVCL_0359,6462,6569
Isocorydine,CVCL_0366,4231,4322
Isocorydine,CVCL_0371,6291,6482
Isocorydine,CVCL_0397,5399,5709
Isocorydine,CVCL_0399,10379,11141
Isocorydine,CVCL_0428,3179,3226
Isocorydine,CVCL_0459,15228,15571
Isocorydine,CVCL_0480,7918,8114
Isocorydine,CVCL_0504,6431,6680
Isocorydine,CVCL_0546,16304,16868
Isocorydine,CVCL_1055,3565,3690
Isocorydine,CVCL_1056,6424,6557
Isocorydine,CVCL_1094,4215,4323
Isocorydine,CVCL_1097,6067,6248
Isocorydine,CVCL_1098,4757,4980
Isocorydine,CVCL_1119,5684,5844
Isocorydine,CVCL_1125,1274,1348
Isocorydine,CVCL_1239,2518,2580
Isocorydine,CVCL_1285,8340,8559
Isocorydine,CVCL_1381,5680,5801
Isocorydine,CVCL_1478,5941,6418
Isocorydine,CVCL_1495,4334,4419
Isocorydine,CVCL_1517,6831,6991
Isocorydine,CVCL_1531,104,121
Isocorydine,CVCL_1547,5102,5217
Isocorydine,CVCL_1550,6028,6453
Isocorydine,CVCL_1571,35,60
Isocorydine,CVCL_1577,262,287
Isocorydine,CVCL_1635,4594,4677
Isocorydine,CVCL_1666,4417,4604
Isocorydine,CVCL_1693,3641,3818
Isocorydine,CVCL_1715,606,637
Isocorydine,CVCL_1716,694,742
Isocorydine,CVCL_1717,5383,5680
Isocorydine,CVCL_1724,2993,3162
Isocorydine,CVCL_1731,4314,4499
Isocorydine,CVCL_C466,6112,6347
Ivabradine (hydrochloride),CVCL_0023,5354,5715
Ivabradine (hydrochloride),CVCL_0028,951,1163
Ivabradine (hydrochloride),CVCL_0069,4305,4506
Ivabradine (hydrochloride),CVCL_0099,3526,4023
Ivabradine (hydrochloride),CVCL_0131,4682,4840
Ivabradine (hydrochloride),CVCL_0152,3841,4346
Ivabradine (hydrochloride),CVCL_0179,2379,2490
Ivabradine (hydrochloride),CVCL_0218,2976,3194
Ivabradine (hydrochloride),CVCL_0292,3512,4055
Ivabradine (hydrochloride),CVCL_0293,4544,5133
Ivabradine (hydrochloride),CVCL_0320,4646,4849
Ivabradine (hydrochloride),CVCL_0332,4104,4244
Ivabradine (hydrochloride),CVCL_0334,7213,7963
Ivabradine (hydrochloride),CVCL_0359,5005,5177
Ivabradine (hydrochloride),CVCL_0366,2912,3021
Ivabradine (hydrochloride),CVCL_0371,5039,5360
Ivabradine (hydrochloride),CVCL_0397,3727,3983
Ivabradine (hydrochloride),CVCL_0399,6127,6724
Ivabradine (hydrochloride),CVCL_0428,7463,7781
Ivabradine (hydrochloride),CVCL_0459,11882,12570
Ivabradine (hydrochloride),CVCL_0480,10864,11098
Ivabradine (hydrochloride),CVCL_0504,4422,5116
Ivabradine (hydrochloride),CVCL_0546,13964,15198
Ivabradine (hydrochloride),CVCL_1055,3616,3698
Ivabradine (hydrochloride),CVCL_1056,6751,6856
Ivabradine (hydrochloride),CVCL_1094,3300,3847
Ivabradine (hydrochloride),CVCL_1097,3554,3926
Ivabradine (hydrochloride),CVCL_1098,1637,1838
Ivabradine (hydrochloride),CVCL_1119,6378,6751
Ivabradine (hydrochloride),CVCL_1125,1408,1579
Ivabradine (hydrochloride),CVCL_1239,2692,2804
Ivabradine (hydrochloride),CVCL_1285,7379,7735
Ivabradine (hydrochloride),CVCL_1381,5285,5478
Ivabradine (hydrochloride),CVCL_1478,4025,4447
Ivabradine (hydrochloride),CVCL_1495,4853,5026
Ivabradine (hydrochloride),CVCL_1517,2758,2847
Ivabradine (hydrochloride),CVCL_1531,36,55
Ivabradine (hydrochloride),CVCL_1547,3510,3714
Ivabradine (hydrochloride),CVCL_1550,4737,4968
Ivabradine (hydrochloride),CVCL_1571,33,60
Ivabradine (hydrochloride),CVCL_1577,336,368
Ivabradine (hydrochloride),CVCL_1635,4218,4382
Ivabradine (hydrochloride),CVCL_1666,3615,3984
Ivabradine (hydrochloride),CVCL_1693,6976,7672
Ivabradine (hydrochloride),CVCL_1715,157,191
Ivabradine (hydrochloride),CVCL_1716,358,404
Ivabradine (hydrochloride),CVCL_1717,4005,4329
Ivabradine (hydrochloride),CVCL_1724,1906,2151
Ivabradine (hydrochloride),CVCL_1731,3962,4187
Ivabradine (hydrochloride),CVCL_C466,2628,2856
Ivermectin,CVCL_0023,5300,5366
Ivermectin,CVCL_0028,1189,1269
Ivermectin,CVCL_0069,4212,4293
Ivermectin,CVCL_0099,3828,4044
Ivermectin,CVCL_0131,4193,4224
Ivermectin,CVCL_0152,4320,4650
Ivermectin,CVCL_0179,2827,2896
Ivermectin,CVCL_0218,3452,3494
Ivermectin,CVCL_0292,4095,4310
Ivermectin,CVCL_0293,4487,5046
Ivermectin,CVCL_0320,4845,4919
Ivermectin,CVCL_0332,4113,4174
Ivermectin,CVCL_0334,9392,9731
Ivermectin,CVCL_0359,5302,5351
Ivermectin,CVCL_0366,2891,2937
Ivermectin,CVCL_0371,5197,5310
Ivermectin,CVCL_0397,4262,4492
Ivermectin,CVCL_0399,6157,6537
Ivermectin,CVCL_0428,8859,8942
Ivermectin,CVCL_0459,14010,14160
Ivermectin,CVCL_0480,11405,11547
Ivermectin,CVCL_0504,5260,5411
Ivermectin,CVCL_0546,16018,16316
Ivermectin,CVCL_1055,3278,3425
Ivermectin,CVCL_1056,6463,6539
Ivermectin,CVCL_1094,3720,3877
Ivermectin,CVCL_1097,4526,4615
Ivermectin,CVCL_1098,1840,1940
Ivermectin,CVCL_1119,5864,6003
Ivermectin,CVCL_1125,1573,1622
Ivermectin,CVCL_1239,2544,2566
Ivermectin,CVCL_1285,8252,8320
Ivermectin,CVCL_1381,5360,5439
Ivermectin,CVCL_1478,4603,5422
Ivermectin,CVCL_1495,4695,4733
Ivermectin,CVCL_1517,2716,2797
Ivermectin,CVCL_1531,51,57
Ivermectin,CVCL_1547,3743,3807
Ivermectin,CVCL_1550,4746,5154
Ivermectin,CVCL_1571,33,40
Ivermectin,CVCL_1577,344,365
Ivermectin,CVCL_1635,4073,4135
Ivermectin,CVCL_1666,3937,4013
Ivermectin,CVCL_1693,7776,8013
Ivermectin,CVCL_1715,166,170
Ivermectin,CVCL_1716,457,472
Ivermectin,CVCL_1717,4293,4474
Ivermectin,CVCL_1724,2147,2249
Ivermectin,CVCL_1731,4019,4087
Ivermectin,CVCL_C466,2942,2989
Ixazomib,CVCL_0023,5150,5321
Ixazomib,CVCL_0028,1118,1281
Ixazomib,CVCL_0069,2587,2693
Ixazomib,CVCL_0099,1562,1699
Ixazomib,CVCL_0131,4185,4239
Ixazomib,CVCL_0152,5784,6231
Ixazomib,CVCL_0179,2661,2738
Ixazomib,CVCL_0218,3409,3572
Ixazomib,CVCL_0292,2627,2974
Ixazomib,CVCL_0293,6471,6927
Ixazomib,CVCL_0320,4670,4885
Ixazomib,CVCL_0332,2398,2481
Ixazomib,CVCL_0334,2304,2479
Ixazomib,CVCL_0359,3512,3590
Ixazomib,CVCL_0366,2287,2382
Ixazomib,CVCL_0371,4664,4911
Ixazomib,CVCL_0397,4549,4830
Ixazomib,CVCL_0399,7768,8319
Ixazomib,CVCL_0428,1898,1948
Ixazomib,CVCL_0459,10093,10491
Ixazomib,CVCL_0480,5212,5311
Ixazomib,CVCL_0504,3960,4218
Ixazomib,CVCL_0546,10981,11546
Ixazomib,CVCL_1055,1771,1828
Ixazomib,CVCL_1056,3471,3548
Ixazomib,CVCL_1094,2622,2819
Ixazomib,CVCL_1097,4513,4669
Ixazomib,CVCL_1098,3235,3490
Ixazomib,CVCL_1119,4061,4181
Ixazomib,CVCL_1125,796,843
Ixazomib,CVCL_1239,1504,1573
Ixazomib,CVCL_1285,5427,5673
Ixazomib,CVCL_1381,3564,3721
Ixazomib,CVCL_1478,4148,4443
Ixazomib,CVCL_1495,2991,3065
Ixazomib,CVCL_1517,5082,5190
Ixazomib,CVCL_1531,70,94
Ixazomib,CVCL_1547,3140,3252
Ixazomib,CVCL_1550,4850,5113
Ixazomib,CVCL_1571,26,52
Ixazomib,CVCL_1577,163,191
Ixazomib,CVCL_1635,3462,3587
Ixazomib,CVCL_1666,3293,3486
Ixazomib,CVCL_1693,2226,2416
Ixazomib,CVCL_1715,492,528
Ixazomib,CVCL_1716,462,501
Ixazomib,CVCL_1717,4050,4265
Ixazomib,CVCL_1724,2162,2317
Ixazomib,CVCL_1731,3141,3324
Ixazomib,CVCL_C466,4429,4659
Ixazomib citrate,CVCL_0023,4513,4576
Ixazomib citrate,CVCL_0028,734,773
Ixazomib citrate,CVCL_0069,2502,2569
Ixazomib citrate,CVCL_0099,3116,3279
Ixazomib citrate,CVCL_0131,3623,3650
Ixazomib citrate,CVCL_0152,4336,4562
Ixazomib citrate,CVCL_0179,2257,2318
Ixazomib citrate,CVCL_0218,3577,3623
Ixazomib citrate,CVCL_0292,3942,4083
Ixazomib citrate,CVCL_0293,4628,4993
Ixazomib citrate,CVCL_0320,4488,4551
Ixazomib citrate,CVCL_0332,2714,2762
Ixazomib citrate,CVCL_0334,7333,7717
Ixazomib citrate,CVCL_0359,3058,3101
Ixazomib citrate,CVCL_0366,2387,2440
Ixazomib citrate,CVCL_0371,4390,4482
Ixazomib citrate,CVCL_0397,3874,4045
Ixazomib citrate,CVCL_0399,5474,5783
Ixazomib citrate,CVCL_0428,6737,6794
Ixazomib citrate,CVCL_0459,12981,13083
Ixazomib citrate,CVCL_0480,8650,8826
Ixazomib citrate,CVCL_0504,4086,4172
Ixazomib citrate,CVCL_0546,13314,13511
Ixazomib citrate,CVCL_1055,2597,2702
Ixazomib citrate,CVCL_1056,4787,4890
Ixazomib citrate,CVCL_1094,3286,3396
Ixazomib citrate,CVCL_1097,2962,3036
Ixazomib citrate,CVCL_1098,1715,1795
Ixazomib citrate,CVCL_1119,4665,4773
Ixazomib citrate,CVCL_1125,1219,1258
Ixazomib citrate,CVCL_1239,1882,1898
Ixazomib citrate,CVCL_1285,6759,6826
Ixazomib citrate,CVCL_1381,4443,4534
Ixazomib citrate,CVCL_1478,3978,4603
Ixazomib citrate,CVCL_1495,3716,3778
Ixazomib citrate,CVCL_1517,2557,2631
Ixazomib citrate,CVCL_1531,35,40
Ixazomib citrate,CVCL_1547,2709,2773
Ixazomib citrate,CVCL_1550,4149,4473
Ixazomib citrate,CVCL_1571,29,37
Ixazomib citrate,CVCL_1577,256,283
Ixazomib citrate,CVCL_1635,3425,3465
Ixazomib citrate,CVCL_1666,2332,2378
Ixazomib citrate,CVCL_1693,5146,5321
Ixazomib citrate,CVCL_1715,145,155
Ixazomib citrate,CVCL_1716,446,456
Ixazomib citrate,CVCL_1717,3776,3993
Ixazomib citrate,CVCL_1724,1909,1987
Ixazomib citrate,CVCL_1731,3181,3256
Ixazomib citrate,CVCL_C466,3008,3055
L-Eflornithine (monohydrochloride),CVCL_0023,6082,6516
L-Eflornithine (monohydrochloride),CVCL_0028,1026,1240
L-Eflornithine (monohydrochloride),CVCL_0069,4098,4316
L-Eflornithine (monohydrochloride),CVCL_0099,3340,3973
L-Eflornithine (monohydrochloride),CVCL_0131,4743,4895
L-Eflornithine (monohydrochloride),CVCL_0152,3771,4360
L-Eflornithine (monohydrochloride),CVCL_0179,2400,2551
L-Eflornithine (monohydrochloride),CVCL_0218,2965,3251
L-Eflornithine (monohydrochloride),CVCL_0292,3243,3905
L-Eflornithine (monohydrochloride),CVCL_0293,4735,5415
L-Eflornithine (monohydrochloride),CVCL_0320,4898,5095
L-Eflornithine (monohydrochloride),CVCL_0332,5266,5419
L-Eflornithine (monohydrochloride),CVCL_0334,9407,10593
L-Eflornithine (monohydrochloride),CVCL_0359,5786,5975
L-Eflornithine (monohydrochloride),CVCL_0366,3777,3896
L-Eflornithine (monohydrochloride),CVCL_0371,4992,5286
L-Eflornithine (monohydrochloride),CVCL_0397,4010,4281
L-Eflornithine (monohydrochloride),CVCL_0399,5946,6573
L-Eflornithine (monohydrochloride),CVCL_0428,8857,9167
L-Eflornithine (monohydrochloride),CVCL_0459,16078,17026
L-Eflornithine (monohydrochloride),CVCL_0480,12871,13061
L-Eflornithine (monohydrochloride),CVCL_0504,4696,5517
L-Eflornithine (monohydrochloride),CVCL_0546,14643,16008
L-Eflornithine (monohydrochloride),CVCL_1055,3389,3495
L-Eflornithine (monohydrochloride),CVCL_1056,8460,8576
L-Eflornithine (monohydrochloride),CVCL_1094,2792,3346
L-Eflornithine (monohydrochloride),CVCL_1097,4025,4473
L-Eflornithine (monohydrochloride),CVCL_1098,1964,2216
L-Eflornithine (monohydrochloride),CVCL_1119,5832,6174
L-Eflornithine (monohydrochloride),CVCL_1125,1291,1486
L-Eflornithine (monohydrochloride),CVCL_1239,3353,3491
L-Eflornithine (monohydrochloride),CVCL_1285,8873,9298
L-Eflornithine (monohydrochloride),CVCL_1381,5860,6097
L-Eflornithine (monohydrochloride),CVCL_1478,4355,4919
L-Eflornithine (monohydrochloride),CVCL_1495,5092,5245
L-Eflornithine (monohydrochloride),CVCL_1517,3706,3800
L-Eflornithine (monohydrochloride),CVCL_1531,77,106
L-Eflornithine (monohydrochloride),CVCL_1547,4438,4642
L-Eflornithine (monohydrochloride),CVCL_1550,4840,5072
L-Eflornithine (monohydrochloride),CVCL_1571,61,109
L-Eflornithine (monohydrochloride),CVCL_1577,345,381
L-Eflornithine (monohydrochloride),CVCL_1635,4142,4319
L-Eflornithine (monohydrochloride),CVCL_1666,3947,4398
L-Eflornithine (monohydrochloride),CVCL_1693,6538,7328
L-Eflornithine (monohydrochloride),CVCL_1715,228,268
L-Eflornithine (monohydrochloride),CVCL_1716,484,549
L-Eflornithine (monohydrochloride),CVCL_1717,4051,4427
L-Eflornithine (monohydrochloride),CVCL_1724,1847,2108
L-Eflornithine (monohydrochloride),CVCL_1731,4865,5140
L-Eflornithine (monohydrochloride),CVCL_C466,3229,3572
L-Thyroxine (sodium salt pentahydrate),CVCL_0023,5730,5861
L-Thyroxine (sodium salt pentahydrate),CVCL_0028,1679,1881
L-Thyroxine (sodium salt pentahydrate),CVCL_0069,3191,3328
L-Thyroxine (sodium salt pentahydrate),CVCL_0099,1765,1930
L-Thyroxine (sodium salt pentahydrate),CVCL_0131,5738,5804
L-Thyroxine (sodium salt pentahydrate),CVCL_0152,5805,6368
L-Thyroxine (sodium salt pentahydrate),CVCL_0179,3180,3281
L-Thyroxine (sodium salt pentahydrate),CVCL_0218,3067,3204
L-Thyroxine (sodium salt pentahydrate),CVCL_0292,2880,3351
L-Thyroxine (sodium salt pentahydrate),CVCL_0293,5345,5863
L-Thyroxine (sodium salt pentahydrate),CVCL_0320,4259,4415
L-Thyroxine (sodium salt pentahydrate),CVCL_0332,3188,3266
L-Thyroxine (sodium salt pentahydrate),CVCL_0334,2435,2649
L-Thyroxine (sodium salt pentahydrate),CVCL_0359,5465,5545
L-Thyroxine (sodium salt pentahydrate),CVCL_0366,3347,3419
L-Thyroxine (sodium salt pentahydrate),CVCL_0371,4532,4704
L-Thyroxine (sodium salt pentahydrate),CVCL_0397,3192,3408
L-Thyroxine (sodium salt pentahydrate),CVCL_0399,6299,6932
L-Thyroxine (sodium salt pentahydrate),CVCL_0428,2867,2928
L-Thyroxine (sodium salt pentahydrate),CVCL_0459,9556,9904
L-Thyroxine (sodium salt pentahydrate),CVCL_0480,6738,6845
L-Thyroxine (sodium salt pentahydrate),CVCL_0504,5528,5835
L-Thyroxine (sodium salt pentahydrate),CVCL_0546,11487,12131
L-Thyroxine (sodium salt pentahydrate),CVCL_1055,3349,3414
L-Thyroxine (sodium salt pentahydrate),CVCL_1056,5232,5293
L-Thyroxine (sodium salt pentahydrate),CVCL_1094,3411,3590
L-Thyroxine (sodium salt pentahydrate),CVCL_1097,4709,4916
L-Thyroxine (sodium salt pentahydrate),CVCL_1098,3361,3652
L-Thyroxine (sodium salt pentahydrate),CVCL_1119,4327,4488
L-Thyroxine (sodium salt pentahydrate),CVCL_1125,753,839
L-Thyroxine (sodium salt pentahydrate),CVCL_1239,1585,1625
L-Thyroxine (sodium salt pentahydrate),CVCL_1285,6433,6637
L-Thyroxine (sodium salt pentahydrate),CVCL_1381,4730,4847
L-Thyroxine (sodium salt pentahydrate),CVCL_1478,4575,5005
L-Thyroxine (sodium salt pentahydrate),CVCL_1495,3440,3542
L-Thyroxine (sodium salt pentahydrate),CVCL_1517,4717,4789
L-Thyroxine (sodium salt pentahydrate),CVCL_1531,51,65
L-Thyroxine (sodium salt pentahydrate),CVCL_1547,4285,4398
L-Thyroxine (sodium salt pentahydrate),CVCL_1550,4763,4969
L-Thyroxine (sodium salt pentahydrate),CVCL_1571,26,53
L-Thyroxine (sodium salt pentahydrate),CVCL_1577,291,307
L-Thyroxine (sodium salt pentahydrate),CVCL_1635,3118,3198
L-Thyroxine (sodium salt pentahydrate),CVCL_1666,3188,3439
L-Thyroxine (sodium salt pentahydrate),CVCL_1693,2929,3179
L-Thyroxine (sodium salt pentahydrate),CVCL_1715,359,390
L-Thyroxine (sodium salt pentahydrate),CVCL_1716,486,532
L-Thyroxine (sodium salt pentahydrate),CVCL_1717,4010,4200
L-Thyroxine (sodium salt pentahydrate),CVCL_1724,2099,2268
L-Thyroxine (sodium salt pentahydrate),CVCL_1731,3059,3233
L-Thyroxine (sodium salt pentahydrate),CVCL_C466,3861,4145
LB-100,CVCL_0023,6393,6563
LB-100,CVCL_0028,1597,1743
LB-100,CVCL_0069,3214,3367
LB-100,CVCL_0099,1943,2069
LB-100,CVCL_0131,6582,6632
LB-100,CVCL_0152,6384,6956
LB-100,CVCL_0179,3794,3894
LB-100,CVCL_0218,3740,3909
LB-100,CVCL_0292,3114,3546
LB-100,CVCL_0293,7200,7835
LB-100,CVCL_0320,5715,5897
LB-100,CVCL_0332,3438,3525
LB-100,CVCL_0334,2619,2853
LB-100,CVCL_0359,5600,5714
LB-100,CVCL_0366,4204,4306
LB-100,CVCL_0371,5618,5845
LB-100,CVCL_0397,4949,5248
LB-100,CVCL_0399,8760,9543
LB-100,CVCL_0428,2689,2748
LB-100,CVCL_0459,11796,12258
LB-100,CVCL_0480,6759,6917
LB-100,CVCL_0504,5672,6085
LB-100,CVCL_0546,12691,13390
LB-100,CVCL_1055,3179,3276
LB-100,CVCL_1056,5130,5233
LB-100,CVCL_1094,3483,3676
LB-100,CVCL_1097,5232,5456
LB-100,CVCL_1098,3758,4045
LB-100,CVCL_1119,5352,5537
LB-100,CVCL_1125,1039,1143
LB-100,CVCL_1239,2049,2133
LB-100,CVCL_1285,7034,7279
LB-100,CVCL_1381,4918,5060
LB-100,CVCL_1478,5111,5636
LB-100,CVCL_1495,4087,4206
LB-100,CVCL_1517,6650,6778
LB-100,CVCL_1531,82,101
LB-100,CVCL_1547,4502,4632
LB-100,CVCL_1550,5816,6164
LB-100,CVCL_1571,48,82
LB-100,CVCL_1577,286,322
LB-100,CVCL_1635,4041,4184
LB-100,CVCL_1666,3734,3998
LB-100,CVCL_1693,2832,3019
LB-100,CVCL_1715,595,636
LB-100,CVCL_1716,495,554
LB-100,CVCL_1717,4656,4944
LB-100,CVCL_1724,2539,2730
LB-100,CVCL_1731,3853,4030
LB-100,CVCL_C466,4910,5195
LJI308,CVCL_0023,3799,4209
LJI308,CVCL_0028,553,715
LJI308,CVCL_0069,1587,1784
LJI308,CVCL_0099,942,1130
LJI308,CVCL_0131,3618,3708
LJI308,CVCL_0152,3239,3974
LJI308,CVCL_0179,2067,2148
LJI308,CVCL_0218,2088,2442
LJI308,CVCL_0292,1228,1683
LJI308,CVCL_0293,4457,5052
LJI308,CVCL_0320,3742,4004
LJI308,CVCL_0332,2195,2305
LJI308,CVCL_0334,1501,1802
LJI308,CVCL_0359,2722,2864
LJI308,CVCL_0366,2048,2140
LJI308,CVCL_0371,3300,3759
LJI308,CVCL_0397,2894,3240
LJI308,CVCL_0399,4675,5522
LJI308,CVCL_0428,1611,1704
LJI308,CVCL_0459,6686,7536
LJI308,CVCL_0480,4368,4493
LJI308,CVCL_0504,2923,3600
LJI308,CVCL_0546,7402,8545
LJI308,CVCL_1055,1435,1483
LJI308,CVCL_1056,2994,3054
LJI308,CVCL_1094,1718,2069
LJI308,CVCL_1097,2735,3157
LJI308,CVCL_1098,1905,2304
LJI308,CVCL_1119,3344,3575
LJI308,CVCL_1125,474,601
LJI308,CVCL_1239,979,1131
LJI308,CVCL_1285,3900,4265
LJI308,CVCL_1381,2696,2926
LJI308,CVCL_1478,3063,3459
LJI308,CVCL_1495,2167,2384
LJI308,CVCL_1517,4300,4384
LJI308,CVCL_1531,57,90
LJI308,CVCL_1547,2495,2696
LJI308,CVCL_1550,3715,3887
LJI308,CVCL_1571,36,83
LJI308,CVCL_1577,178,213
LJI308,CVCL_1635,2451,2661
LJI308,CVCL_1666,1861,2244
LJI308,CVCL_1693,1269,1561
LJI308,CVCL_1715,344,387
LJI308,CVCL_1716,235,312
LJI308,CVCL_1717,2997,3212
LJI308,CVCL_1724,1523,1776
LJI308,CVCL_1731,2213,2527
LJI308,CVCL_C466,2280,2796
LY-2584702 (tosylate salt),CVCL_0023,2451,2735
LY-2584702 (tosylate salt),CVCL_0028,455,550
LY-2584702 (tosylate salt),CVCL_0069,1144,1277
LY-2584702 (tosylate salt),CVCL_0099,719,845
LY-2584702 (tosylate salt),CVCL_0131,2323,2475
LY-2584702 (tosylate salt),CVCL_0152,2742,3182
LY-2584702 (tosylate salt),CVCL_0179,1369,1448
LY-2584702 (tosylate salt),CVCL_0218,1622,1820
LY-2584702 (tosylate salt),CVCL_0292,965,1247
LY-2584702 (tosylate salt),CVCL_0293,3318,3694
LY-2584702 (tosylate salt),CVCL_0320,2471,2739
LY-2584702 (tosylate salt),CVCL_0332,1386,1515
LY-2584702 (tosylate salt),CVCL_0334,948,1121
LY-2584702 (tosylate salt),CVCL_0359,1680,1890
LY-2584702 (tosylate salt),CVCL_0366,1364,1482
LY-2584702 (tosylate salt),CVCL_0371,2496,2778
LY-2584702 (tosylate salt),CVCL_0397,2221,2486
LY-2584702 (tosylate salt),CVCL_0399,3666,4217
LY-2584702 (tosylate salt),CVCL_0428,1069,1198
LY-2584702 (tosylate salt),CVCL_0459,4752,5256
LY-2584702 (tosylate salt),CVCL_0480,2956,3106
LY-2584702 (tosylate salt),CVCL_0504,2011,2406
LY-2584702 (tosylate salt),CVCL_0546,5258,5922
LY-2584702 (tosylate salt),CVCL_1055,1136,1192
LY-2584702 (tosylate salt),CVCL_1056,1840,1928
LY-2584702 (tosylate salt),CVCL_1094,1238,1421
LY-2584702 (tosylate salt),CVCL_1097,1981,2201
LY-2584702 (tosylate salt),CVCL_1098,1317,1535
LY-2584702 (tosylate salt),CVCL_1119,2117,2347
LY-2584702 (tosylate salt),CVCL_1125,428,515
LY-2584702 (tosylate salt),CVCL_1239,801,884
LY-2584702 (tosylate salt),CVCL_1285,2577,2891
LY-2584702 (tosylate salt),CVCL_1381,1833,2072
LY-2584702 (tosylate salt),CVCL_1478,2297,2546
LY-2584702 (tosylate salt),CVCL_1495,1523,1675
LY-2584702 (tosylate salt),CVCL_1517,2912,3034
LY-2584702 (tosylate salt),CVCL_1531,39,53
LY-2584702 (tosylate salt),CVCL_1547,1730,1997
LY-2584702 (tosylate salt),CVCL_1550,2556,2744
LY-2584702 (tosylate salt),CVCL_1571,14,36
LY-2584702 (tosylate salt),CVCL_1577,113,136
LY-2584702 (tosylate salt),CVCL_1635,1726,1890
LY-2584702 (tosylate salt),CVCL_1666,1428,1632
LY-2584702 (tosylate salt),CVCL_1693,970,1174
LY-2584702 (tosylate salt),CVCL_1715,234,274
LY-2584702 (tosylate salt),CVCL_1716,207,254
LY-2584702 (tosylate salt),CVCL_1717,1997,2183
LY-2584702 (tosylate salt),CVCL_1724,1081,1256
LY-2584702 (tosylate salt),CVCL_1731,1467,1680
LY-2584702 (tosylate salt),CVCL_C466,1738,2002
LY2090314,CVCL_0023,6369,6514
LY2090314,CVCL_0028,1535,1653
LY2090314,CVCL_0069,3119,3228
LY2090314,CVCL_0099,1785,1900
LY2090314,CVCL_0131,6302,6350
LY2090314,CVCL_0152,6386,6886
LY2090314,CVCL_0179,3471,3552
LY2090314,CVCL_0218,3400,3551
LY2090314,CVCL_0292,3381,3811
LY2090314,CVCL_0293,7064,7630
LY2090314,CVCL_0320,5449,5618
LY2090314,CVCL_0332,3340,3419
LY2090314,CVCL_0334,2558,2756
LY2090314,CVCL_0359,5614,5692
LY2090314,CVCL_0366,3895,3964
LY2090314,CVCL_0371,5520,5724
LY2090314,CVCL_0397,4852,5153
LY2090314,CVCL_0399,8779,9483
LY2090314,CVCL_0428,2575,2604
LY2090314,CVCL_0459,11524,11856
LY2090314,CVCL_0480,6554,6694
LY2090314,CVCL_0504,5437,5668
LY2090314,CVCL_0546,12642,13222
LY2090314,CVCL_1055,3286,3370
LY2090314,CVCL_1056,5363,5471
LY2090314,CVCL_1094,3393,3524
LY2090314,CVCL_1097,5102,5318
LY2090314,CVCL_1098,3592,3898
LY2090314,CVCL_1119,5222,5359
LY2090314,CVCL_1125,914,998
LY2090314,CVCL_1239,1923,1975
LY2090314,CVCL_1285,6791,6961
LY2090314,CVCL_1381,4706,4804
LY2090314,CVCL_1478,4963,5510
LY2090314,CVCL_1495,3784,3889
LY2090314,CVCL_1517,6211,6335
LY2090314,CVCL_1531,57,73
LY2090314,CVCL_1547,4359,4457
LY2090314,CVCL_1550,5787,6195
LY2090314,CVCL_1571,37,52
LY2090314,CVCL_1577,242,271
LY2090314,CVCL_1635,4094,4206
LY2090314,CVCL_1666,3891,4076
LY2090314,CVCL_1693,2793,2960
LY2090314,CVCL_1715,505,524
LY2090314,CVCL_1716,484,525
LY2090314,CVCL_1717,4571,4831
LY2090314,CVCL_1724,2305,2432
LY2090314,CVCL_1731,3476,3615
LY2090314,CVCL_C466,4924,5191
Lactate (calcium),CVCL_0023,5829,5893
Lactate (calcium),CVCL_0028,1425,1514
Lactate (calcium),CVCL_0069,4012,4109
Lactate (calcium),CVCL_0099,3975,4139
Lactate (calcium),CVCL_0131,4068,4101
Lactate (calcium),CVCL_0152,3977,4289
Lactate (calcium),CVCL_0179,2357,2419
Lactate (calcium),CVCL_0218,2929,2990
Lactate (calcium),CVCL_0292,3755,3940
Lactate (calcium),CVCL_0293,4054,4672
Lactate (calcium),CVCL_0320,4378,4497
Lactate (calcium),CVCL_0332,4823,4913
Lactate (calcium),CVCL_0334,9354,9707
Lactate (calcium),CVCL_0359,6075,6141
Lactate (calcium),CVCL_0366,3421,3501
Lactate (calcium),CVCL_0371,4324,4443
Lactate (calcium),CVCL_0397,3889,4152
Lactate (calcium),CVCL_0399,5402,5839
Lactate (calcium),CVCL_0428,8841,8937
Lactate (calcium),CVCL_0459,15544,15705
Lactate (calcium),CVCL_0480,11346,11589
Lactate (calcium),CVCL_0504,5221,5370
Lactate (calcium),CVCL_0546,14215,14498
Lactate (calcium),CVCL_1055,3093,3228
Lactate (calcium),CVCL_1056,7540,7664
Lactate (calcium),CVCL_1094,3551,3674
Lactate (calcium),CVCL_1097,4476,4571
Lactate (calcium),CVCL_1098,1987,2105
Lactate (calcium),CVCL_1119,5559,5697
Lactate (calcium),CVCL_1125,1493,1537
Lactate (calcium),CVCL_1239,3108,3141
Lactate (calcium),CVCL_1285,8990,9131
Lactate (calcium),CVCL_1381,5697,5794
Lactate (calcium),CVCL_1478,3805,4540
Lactate (calcium),CVCL_1495,4774,4829
Lactate (calcium),CVCL_1517,3095,3205
Lactate (calcium),CVCL_1531,56,72
Lactate (calcium),CVCL_1547,3871,3957
Lactate (calcium),CVCL_1550,4555,4945
Lactate (calcium),CVCL_1571,42,58
Lactate (calcium),CVCL_1577,312,358
Lactate (calcium),CVCL_1635,3820,3879
Lactate (calcium),CVCL_1666,4182,4267
Lactate (calcium),CVCL_1693,8120,8348
Lactate (calcium),CVCL_1715,237,256
Lactate (calcium),CVCL_1716,399,417
Lactate (calcium),CVCL_1717,3824,4041
Lactate (calcium),CVCL_1724,1815,1895
Lactate (calcium),CVCL_1731,4416,4520
Lactate (calcium),CVCL_C466,4157,4247
Lapatinib ditosylate,CVCL_0023,6697,6904
Lapatinib ditosylate,CVCL_0028,1004,1126
Lapatinib ditosylate,CVCL_0069,2749,2889
Lapatinib ditosylate,CVCL_0099,1712,1858
Lapatinib ditosylate,CVCL_0131,6425,6545
Lapatinib ditosylate,CVCL_0152,7484,8099
Lapatinib ditosylate,CVCL_0179,3005,3144
Lapatinib ditosylate,CVCL_0218,3511,3744
Lapatinib ditosylate,CVCL_0292,3288,3644
Lapatinib ditosylate,CVCL_0293,8869,9573
Lapatinib ditosylate,CVCL_0320,6036,6333
Lapatinib ditosylate,CVCL_0332,3766,3898
Lapatinib ditosylate,CVCL_0334,2619,3002
Lapatinib ditosylate,CVCL_0359,4806,4917
Lapatinib ditosylate,CVCL_0366,3926,4058
Lapatinib ditosylate,CVCL_0371,6656,6971
Lapatinib ditosylate,CVCL_0397,6033,6463
Lapatinib ditosylate,CVCL_0399,9781,10576
Lapatinib ditosylate,CVCL_0428,2388,2444
Lapatinib ditosylate,CVCL_0459,14067,14672
Lapatinib ditosylate,CVCL_0480,7450,7730
Lapatinib ditosylate,CVCL_0504,5254,5518
Lapatinib ditosylate,CVCL_0546,14215,15067
Lapatinib ditosylate,CVCL_1055,2680,2776
Lapatinib ditosylate,CVCL_1056,5386,5572
Lapatinib ditosylate,CVCL_1094,2926,3125
Lapatinib ditosylate,CVCL_1097,5842,6153
Lapatinib ditosylate,CVCL_1098,3711,4030
Lapatinib ditosylate,CVCL_1119,5594,5771
Lapatinib ditosylate,CVCL_1125,899,982
Lapatinib ditosylate,CVCL_1239,2311,2398
Lapatinib ditosylate,CVCL_1285,7917,8273
Lapatinib ditosylate,CVCL_1381,4928,5081
Lapatinib ditosylate,CVCL_1478,5831,6365
Lapatinib ditosylate,CVCL_1495,3985,4135
Lapatinib ditosylate,CVCL_1517,7624,7872
Lapatinib ditosylate,CVCL_1531,75,102
Lapatinib ditosylate,CVCL_1547,4168,4295
Lapatinib ditosylate,CVCL_1550,6161,6640
Lapatinib ditosylate,CVCL_1571,44,75
Lapatinib ditosylate,CVCL_1577,241,274
Lapatinib ditosylate,CVCL_1635,4110,4240
Lapatinib ditosylate,CVCL_1666,4030,4331
Lapatinib ditosylate,CVCL_1693,2367,2580
Lapatinib ditosylate,CVCL_1715,841,899
Lapatinib ditosylate,CVCL_1716,588,653
Lapatinib ditosylate,CVCL_1717,5312,5655
Lapatinib ditosylate,CVCL_1724,2824,3014
Lapatinib ditosylate,CVCL_1731,4258,4513
Lapatinib ditosylate,CVCL_C466,5863,6271
Larotrectinib,CVCL_0023,6432,6601
Larotrectinib,CVCL_0028,2203,2449
Larotrectinib,CVCL_0069,3702,3871
Larotrectinib,CVCL_0099,2129,2314
Larotrectinib,CVCL_0131,7223,7390
Larotrectinib,CVCL_0152,6885,7371
Larotrectinib,CVCL_0179,3636,3846
Larotrectinib,CVCL_0218,3210,3384
Larotrectinib,CVCL_0292,3238,3610
Larotrectinib,CVCL_0293,6367,7021
Larotrectinib,CVCL_0320,5284,5663
Larotrectinib,CVCL_0332,3709,3864
Larotrectinib,CVCL_0334,2508,2753
Larotrectinib,CVCL_0359,6661,6860
Larotrectinib,CVCL_0366,4326,4539
Larotrectinib,CVCL_0371,4915,5159
Larotrectinib,CVCL_0397,3710,3997
Larotrectinib,CVCL_0399,7860,8538
Larotrectinib,CVCL_0428,2987,3100
Larotrectinib,CVCL_0459,10590,10952
Larotrectinib,CVCL_0480,7645,7923
Larotrectinib,CVCL_0504,5803,6132
Larotrectinib,CVCL_0546,11919,12421
Larotrectinib,CVCL_1055,4290,4443
Larotrectinib,CVCL_1056,6315,6495
Larotrectinib,CVCL_1094,3681,3861
Larotrectinib,CVCL_1097,5109,5331
Larotrectinib,CVCL_1098,4279,4536
Larotrectinib,CVCL_1119,5004,5181
Larotrectinib,CVCL_1125,1039,1162
Larotrectinib,CVCL_1239,1909,2024
Larotrectinib,CVCL_1285,7897,8241
Larotrectinib,CVCL_1381,5364,5689
Larotrectinib,CVCL_1478,4879,5376
Larotrectinib,CVCL_1495,4001,4160
Larotrectinib,CVCL_1517,5822,6037
Larotrectinib,CVCL_1531,107,215
Larotrectinib,CVCL_1547,4901,5038
Larotrectinib,CVCL_1550,5005,5481
Larotrectinib,CVCL_1571,61,146
Larotrectinib,CVCL_1577,338,423
Larotrectinib,CVCL_1635,3662,3803
Larotrectinib,CVCL_1666,3466,3656
Larotrectinib,CVCL_1693,3383,3587
Larotrectinib,CVCL_1715,472,560
Larotrectinib,CVCL_1716,498,575
Larotrectinib,CVCL_1717,4463,4796
Larotrectinib,CVCL_1724,2475,2659
Larotrectinib,CVCL_1731,3607,3859
Larotrectinib,CVCL_C466,4733,5070
Larotrectinib sulfate,CVCL_0023,6244,6330
Larotrectinib sulfate,CVCL_0028,1391,1485
Larotrectinib sulfate,CVCL_0069,4680,4782
Larotrectinib sulfate,CVCL_0099,4079,4274
Larotrectinib sulfate,CVCL_0131,4865,4918
Larotrectinib sulfate,CVCL_0152,4685,4943
Larotrectinib sulfate,CVCL_0179,2615,2673
Larotrectinib sulfate,CVCL_0218,3344,3392
Larotrectinib sulfate,CVCL_0292,4278,4491
Larotrectinib sulfate,CVCL_0293,5055,5445
Larotrectinib sulfate,CVCL_0320,5096,5179
Larotrectinib sulfate,CVCL_0332,4418,4500
Larotrectinib sulfate,CVCL_0334,8717,9026
Larotrectinib sulfate,CVCL_0359,5780,5858
Larotrectinib sulfate,CVCL_0366,3086,3149
Larotrectinib sulfate,CVCL_0371,4926,5070
Larotrectinib sulfate,CVCL_0397,4059,4250
Larotrectinib sulfate,CVCL_0399,6850,7184
Larotrectinib sulfate,CVCL_0428,7436,7567
Larotrectinib sulfate,CVCL_0459,14711,14938
Larotrectinib sulfate,CVCL_0480,10750,10936
Larotrectinib sulfate,CVCL_0504,4873,5045
Larotrectinib sulfate,CVCL_0546,15052,15399
Larotrectinib sulfate,CVCL_1055,4114,4231
Larotrectinib sulfate,CVCL_1056,6939,7046
Larotrectinib sulfate,CVCL_1094,4088,4231
Larotrectinib sulfate,CVCL_1097,4529,4623
Larotrectinib sulfate,CVCL_1098,2722,2858
Larotrectinib sulfate,CVCL_1119,6837,6993
Larotrectinib sulfate,CVCL_1125,1808,1868
Larotrectinib sulfate,CVCL_1239,2961,2994
Larotrectinib sulfate,CVCL_1285,7741,7840
Larotrectinib sulfate,CVCL_1381,5816,5910
Larotrectinib sulfate,CVCL_1478,4461,4887
Larotrectinib sulfate,CVCL_1495,5069,5124
Larotrectinib sulfate,CVCL_1517,2984,3055
Larotrectinib sulfate,CVCL_1531,48,62
Larotrectinib sulfate,CVCL_1547,4113,4191
Larotrectinib sulfate,CVCL_1550,5254,5555
Larotrectinib sulfate,CVCL_1571,34,48
Larotrectinib sulfate,CVCL_1577,332,355
Larotrectinib sulfate,CVCL_1635,4358,4432
Larotrectinib sulfate,CVCL_1666,4261,4386
Larotrectinib sulfate,CVCL_1693,9112,9401
Larotrectinib sulfate,CVCL_1715,188,196
Larotrectinib sulfate,CVCL_1716,430,450
Larotrectinib sulfate,CVCL_1717,4703,4909
Larotrectinib sulfate,CVCL_1724,2034,2119
Larotrectinib sulfate,CVCL_1731,4185,4279
Larotrectinib sulfate,CVCL_C466,3636,3706
Lenalidomide (hemihydrate),CVCL_0023,6456,6918
Lenalidomide (hemihydrate),CVCL_0028,1588,1916
Lenalidomide (hemihydrate),CVCL_0069,3557,3835
Lenalidomide (hemihydrate),CVCL_0099,1752,2112
Lenalidomide (hemihydrate),CVCL_0131,6740,6875
Lenalidomide (hemihydrate),CVCL_0152,5744,6780
Lenalidomide (hemihydrate),CVCL_0179,3191,3427
Lenalidomide (hemihydrate),CVCL_0218,3182,3555
Lenalidomide (hemihydrate),CVCL_0292,2429,3159
Lenalidomide (hemihydrate),CVCL_0293,6308,7020
Lenalidomide (hemihydrate),CVCL_0320,4833,5160
Lenalidomide (hemihydrate),CVCL_0332,3493,3636
Lenalidomide (hemihydrate),CVCL_0334,2216,2730
Lenalidomide (hemihydrate),CVCL_0359,6127,6344
Lenalidomide (hemihydrate),CVCL_0366,3630,3735
Lenalidomide (hemihydrate),CVCL_0371,5390,5902
Lenalidomide (hemihydrate),CVCL_0397,3589,3966
Lenalidomide (hemihydrate),CVCL_0399,7336,8385
Lenalidomide (hemihydrate),CVCL_0428,3127,3250
Lenalidomide (hemihydrate),CVCL_0459,9593,10589
Lenalidomide (hemihydrate),CVCL_0480,7322,7585
Lenalidomide (hemihydrate),CVCL_0504,5590,6359
Lenalidomide (hemihydrate),CVCL_0546,12166,13643
Lenalidomide (hemihydrate),CVCL_1055,4016,4124
Lenalidomide (hemihydrate),CVCL_1056,5665,5770
Lenalidomide (hemihydrate),CVCL_1094,3677,4067
Lenalidomide (hemihydrate),CVCL_1097,4667,5153
Lenalidomide (hemihydrate),CVCL_1098,3366,3989
Lenalidomide (hemihydrate),CVCL_1119,5117,5387
Lenalidomide (hemihydrate),CVCL_1125,871,1038
Lenalidomide (hemihydrate),CVCL_1239,1766,1913
Lenalidomide (hemihydrate),CVCL_1285,6923,7409
Lenalidomide (hemihydrate),CVCL_1381,5163,5445
Lenalidomide (hemihydrate),CVCL_1478,4915,5557
Lenalidomide (hemihydrate),CVCL_1495,3841,4078
Lenalidomide (hemihydrate),CVCL_1517,5437,5566
Lenalidomide (hemihydrate),CVCL_1531,85,121
Lenalidomide (hemihydrate),CVCL_1547,4848,5136
Lenalidomide (hemihydrate),CVCL_1550,5990,6300
Lenalidomide (hemihydrate),CVCL_1571,46,86
Lenalidomide (hemihydrate),CVCL_1577,323,353
Lenalidomide (hemihydrate),CVCL_1635,3953,4207
Lenalidomide (hemihydrate),CVCL_1666,3187,3749
Lenalidomide (hemihydrate),CVCL_1693,2844,3311
Lenalidomide (hemihydrate),CVCL_1715,328,381
Lenalidomide (hemihydrate),CVCL_1716,468,554
Lenalidomide (hemihydrate),CVCL_1717,4643,5018
Lenalidomide (hemihydrate),CVCL_1724,2068,2421
Lenalidomide (hemihydrate),CVCL_1731,3267,3594
Lenalidomide (hemihydrate),CVCL_C466,3450,4004
Levobupivacaine (hydrochloride),CVCL_0023,5026,5140
Levobupivacaine (hydrochloride),CVCL_0028,1258,1395
Levobupivacaine (hydrochloride),CVCL_0069,3948,4058
Levobupivacaine (hydrochloride),CVCL_0099,3931,4285
Levobupivacaine (hydrochloride),CVCL_0131,3673,3721
Levobupivacaine (hydrochloride),CVCL_0152,3430,3770
Levobupivacaine (hydrochloride),CVCL_0179,2566,2650
Levobupivacaine (hydrochloride),CVCL_0218,2912,3000
Levobupivacaine (hydrochloride),CVCL_0292,3657,3948
Levobupivacaine (hydrochloride),CVCL_0293,3915,4348
Levobupivacaine (hydrochloride),CVCL_0320,4015,4135
Levobupivacaine (hydrochloride),CVCL_0332,3808,3872
Levobupivacaine (hydrochloride),CVCL_0334,7586,8001
Levobupivacaine (hydrochloride),CVCL_0359,5313,5384
Levobupivacaine (hydrochloride),CVCL_0366,2534,2628
Levobupivacaine (hydrochloride),CVCL_0371,4270,4417
Levobupivacaine (hydrochloride),CVCL_0397,3345,3510
Levobupivacaine (hydrochloride),CVCL_0399,5673,6094
Levobupivacaine (hydrochloride),CVCL_0428,8284,8401
Levobupivacaine (hydrochloride),CVCL_0459,11530,11786
Levobupivacaine (hydrochloride),CVCL_0480,9676,9807
Levobupivacaine (hydrochloride),CVCL_0504,4984,5272
Levobupivacaine (hydrochloride),CVCL_0546,13138,13592
Levobupivacaine (hydrochloride),CVCL_1055,3618,3716
Levobupivacaine (hydrochloride),CVCL_1056,5655,5728
Levobupivacaine (hydrochloride),CVCL_1094,3714,3960
Levobupivacaine (hydrochloride),CVCL_1097,3530,3683
Levobupivacaine (hydrochloride),CVCL_1098,1698,1842
Levobupivacaine (hydrochloride),CVCL_1119,6088,6272
Levobupivacaine (hydrochloride),CVCL_1125,1606,1685
Levobupivacaine (hydrochloride),CVCL_1239,2440,2477
Levobupivacaine (hydrochloride),CVCL_1285,6967,7147
Levobupivacaine (hydrochloride),CVCL_1381,5293,5398
Levobupivacaine (hydrochloride),CVCL_1478,3449,4000
Levobupivacaine (hydrochloride),CVCL_1495,4591,4656
Levobupivacaine (hydrochloride),CVCL_1517,2408,2473
Levobupivacaine (hydrochloride),CVCL_1531,61,82
Levobupivacaine (hydrochloride),CVCL_1547,3514,3601
Levobupivacaine (hydrochloride),CVCL_1550,4965,5209
Levobupivacaine (hydrochloride),CVCL_1571,53,76
Levobupivacaine (hydrochloride),CVCL_1577,313,350
Levobupivacaine (hydrochloride),CVCL_1635,3873,3960
Levobupivacaine (hydrochloride),CVCL_1666,3744,3888
Levobupivacaine (hydrochloride),CVCL_1693,7661,7996
Levobupivacaine (hydrochloride),CVCL_1715,150,177
Levobupivacaine (hydrochloride),CVCL_1716,383,413
Levobupivacaine (hydrochloride),CVCL_1717,3672,3877
Levobupivacaine (hydrochloride),CVCL_1724,1604,1739
Levobupivacaine (hydrochloride),CVCL_1731,3414,3543
Levobupivacaine (hydrochloride),CVCL_C466,2858,2965
Lidocaine (hydrochloride),CVCL_0023,4727,5365
Lidocaine (hydrochloride),CVCL_0028,866,1164
Lidocaine (hydrochloride),CVCL_0069,2594,2908
Lidocaine (hydrochloride),CVCL_0099,1193,1488
Lidocaine (hydrochloride),CVCL_0131,5598,5794
Lidocaine (hydrochloride),CVCL_0152,4083,4977
Lidocaine (hydrochloride),CVCL_0179,2604,2758
Lidocaine (hydrochloride),CVCL_0218,2318,2687
Lidocaine (hydrochloride),CVCL_0292,1543,2037
Lidocaine (hydrochloride),CVCL_0293,5202,5894
Lidocaine (hydrochloride),CVCL_0320,3949,4337
Lidocaine (hydrochloride),CVCL_0332,2908,3094
Lidocaine (hydrochloride),CVCL_0334,1673,2098
Lidocaine (hydrochloride),CVCL_0359,4850,5169
Lidocaine (hydrochloride),CVCL_0366,3450,3629
Lidocaine (hydrochloride),CVCL_0371,4041,4519
Lidocaine (hydrochloride),CVCL_0397,2708,3025
Lidocaine (hydrochloride),CVCL_0399,5545,6438
Lidocaine (hydrochloride),CVCL_0428,2329,2516
Lidocaine (hydrochloride),CVCL_0459,7123,8209
Lidocaine (hydrochloride),CVCL_0480,6223,6512
Lidocaine (hydrochloride),CVCL_0504,3448,4337
Lidocaine (hydrochloride),CVCL_0546,8606,10096
Lidocaine (hydrochloride),CVCL_1055,3175,3270
Lidocaine (hydrochloride),CVCL_1056,5000,5142
Lidocaine (hydrochloride),CVCL_1094,2232,2674
Lidocaine (hydrochloride),CVCL_1097,3395,3863
Lidocaine (hydrochloride),CVCL_1098,2420,2982
Lidocaine (hydrochloride),CVCL_1119,3833,4176
Lidocaine (hydrochloride),CVCL_1125,547,683
Lidocaine (hydrochloride),CVCL_1239,1392,1566
Lidocaine (hydrochloride),CVCL_1285,5830,6543
Lidocaine (hydrochloride),CVCL_1381,3791,4141
Lidocaine (hydrochloride),CVCL_1478,3936,4515
Lidocaine (hydrochloride),CVCL_1495,2928,3240
Lidocaine (hydrochloride),CVCL_1517,4818,4953
Lidocaine (hydrochloride),CVCL_1531,83,121
Lidocaine (hydrochloride),CVCL_1547,3725,4097
Lidocaine (hydrochloride),CVCL_1550,4543,4777
Lidocaine (hydrochloride),CVCL_1571,38,69
Lidocaine (hydrochloride),CVCL_1577,254,280
Lidocaine (hydrochloride),CVCL_1635,2889,3160
Lidocaine (hydrochloride),CVCL_1666,2087,2584
Lidocaine (hydrochloride),CVCL_1693,1895,2329
Lidocaine (hydrochloride),CVCL_1715,441,513
Lidocaine (hydrochloride),CVCL_1716,359,456
Lidocaine (hydrochloride),CVCL_1717,3604,3908
Lidocaine (hydrochloride),CVCL_1724,1681,1967
Lidocaine (hydrochloride),CVCL_1731,2729,3194
Lidocaine (hydrochloride),CVCL_C466,2433,2994
Ligustrazine,CVCL_0023,4640,4813
Ligustrazine,CVCL_0028,857,1038
Ligustrazine,CVCL_0069,3661,3795
Ligustrazine,CVCL_0099,3081,3483
Ligustrazine,CVCL_0131,3752,3809
Ligustrazine,CVCL_0152,3614,4020
Ligustrazine,CVCL_0179,2299,2423
Ligustrazine,CVCL_0218,2979,3095
Ligustrazine,CVCL_0292,3378,3731
Ligustrazine,CVCL_0293,3934,4458
Ligustrazine,CVCL_0320,4311,4413
Ligustrazine,CVCL_0332,3541,3610
Ligustrazine,CVCL_0334,6996,7571
Ligustrazine,CVCL_0359,4395,4493
Ligustrazine,CVCL_0366,2203,2267
Ligustrazine,CVCL_0371,4529,4690
Ligustrazine,CVCL_0397,3551,3765
Ligustrazine,CVCL_0399,5595,6018
Ligustrazine,CVCL_0428,6768,6926
Ligustrazine,CVCL_0459,11061,11494
Ligustrazine,CVCL_0480,9532,9664
Ligustrazine,CVCL_0504,4148,4567
Ligustrazine,CVCL_0546,12846,13524
Ligustrazine,CVCL_1055,3391,3493
Ligustrazine,CVCL_1056,5384,5463
Ligustrazine,CVCL_1094,3058,3415
Ligustrazine,CVCL_1097,3285,3504
Ligustrazine,CVCL_1098,1463,1604
Ligustrazine,CVCL_1119,5957,6159
Ligustrazine,CVCL_1125,1488,1621
Ligustrazine,CVCL_1239,2235,2287
Ligustrazine,CVCL_1285,6451,6628
Ligustrazine,CVCL_1381,4770,4897
Ligustrazine,CVCL_1478,3744,4274
Ligustrazine,CVCL_1495,4307,4394
Ligustrazine,CVCL_1517,2452,2515
Ligustrazine,CVCL_1531,52,72
Ligustrazine,CVCL_1547,3086,3167
Ligustrazine,CVCL_1550,4773,5009
Ligustrazine,CVCL_1571,45,60
Ligustrazine,CVCL_1577,285,308
Ligustrazine,CVCL_1635,3718,3830
Ligustrazine,CVCL_1666,3298,3485
Ligustrazine,CVCL_1693,6538,7074
Ligustrazine,CVCL_1715,137,152
Ligustrazine,CVCL_1716,381,410
Ligustrazine,CVCL_1717,3757,4021
Ligustrazine,CVCL_1724,1655,1823
Ligustrazine,CVCL_1731,3357,3491
Ligustrazine,CVCL_C466,2240,2396
Lipoic acid,CVCL_0023,9790,9990
Lipoic acid,CVCL_0028,3019,3221
Lipoic acid,CVCL_0069,5395,5514
Lipoic acid,CVCL_0099,3177,3366
Lipoic acid,CVCL_0131,10338,10450
Lipoic acid,CVCL_0152,10016,10715
Lipoic acid,CVCL_0179,5262,5436
Lipoic acid,CVCL_0218,4921,5057
Lipoic acid,CVCL_0292,4931,5476
Lipoic acid,CVCL_0293,9373,10149
Lipoic acid,CVCL_0320,7484,7722
Lipoic acid,CVCL_0332,5336,5461
Lipoic acid,CVCL_0334,4052,4353
Lipoic acid,CVCL_0359,9939,10064
Lipoic acid,CVCL_0366,6510,6641
Lipoic acid,CVCL_0371,7700,7988
Lipoic acid,CVCL_0397,5712,6054
Lipoic acid,CVCL_0399,11685,12687
Lipoic acid,CVCL_0428,4684,4756
Lipoic acid,CVCL_0459,17171,17614
Lipoic acid,CVCL_0480,11197,11399
Lipoic acid,CVCL_0504,8839,9268
Lipoic acid,CVCL_0546,19166,19952
Lipoic acid,CVCL_1055,6038,6179
Lipoic acid,CVCL_1056,9272,9439
Lipoic acid,CVCL_1094,5656,5833
Lipoic acid,CVCL_1097,7513,7775
Lipoic acid,CVCL_1098,6402,6798
Lipoic acid,CVCL_1119,7218,7431
Lipoic acid,CVCL_1125,1489,1582
Lipoic acid,CVCL_1239,2779,2859
Lipoic acid,CVCL_1285,11118,11378
Lipoic acid,CVCL_1381,7508,7654
Lipoic acid,CVCL_1478,7536,8218
Lipoic acid,CVCL_1495,5776,5880
Lipoic acid,CVCL_1517,8142,8346
Lipoic acid,CVCL_1531,117,154
Lipoic acid,CVCL_1547,7378,7525
Lipoic acid,CVCL_1550,7751,8211
Lipoic acid,CVCL_1571,57,95
Lipoic acid,CVCL_1577,445,478
Lipoic acid,CVCL_1635,5296,5424
Lipoic acid,CVCL_1666,5362,5665
Lipoic acid,CVCL_1693,5155,5406
Lipoic acid,CVCL_1715,623,670
Lipoic acid,CVCL_1716,815,865
Lipoic acid,CVCL_1717,6698,6995
Lipoic acid,CVCL_1724,3611,3821
Lipoic acid,CVCL_1731,5508,5714
Lipoic acid,CVCL_C466,6639,6940
Lonafarnib,CVCL_0023,6723,6940
Lonafarnib,CVCL_0028,1404,1474
Lonafarnib,CVCL_0069,2985,3100
Lonafarnib,CVCL_0099,2020,2136
Lonafarnib,CVCL_0131,6004,6148
Lonafarnib,CVCL_0152,6610,7029
Lonafarnib,CVCL_0179,2944,3077
Lonafarnib,CVCL_0218,3937,4063
Lonafarnib,CVCL_0292,3612,3948
Lonafarnib,CVCL_0293,7679,8264
Lonafarnib,CVCL_0320,5416,5617
Lonafarnib,CVCL_0332,3393,3515
Lonafarnib,CVCL_0334,2713,2929
Lonafarnib,CVCL_0359,5148,5269
Lonafarnib,CVCL_0366,4000,4160
Lonafarnib,CVCL_0371,5685,5885
Lonafarnib,CVCL_0397,5355,5585
Lonafarnib,CVCL_0399,9680,10330
Lonafarnib,CVCL_0428,2824,2895
Lonafarnib,CVCL_0459,15339,15795
Lonafarnib,CVCL_0480,7635,7882
Lonafarnib,CVCL_0504,5486,5646
Lonafarnib,CVCL_0546,14184,14674
Lonafarnib,CVCL_1055,2995,3086
Lonafarnib,CVCL_1056,5338,5494
Lonafarnib,CVCL_1094,3505,3665
Lonafarnib,CVCL_1097,5722,5873
Lonafarnib,CVCL_1098,4096,4333
Lonafarnib,CVCL_1119,4862,5053
Lonafarnib,CVCL_1125,1356,1443
Lonafarnib,CVCL_1239,2358,2436
Lonafarnib,CVCL_1285,7097,7304
Lonafarnib,CVCL_1381,4378,4512
Lonafarnib,CVCL_1478,5817,6238
Lonafarnib,CVCL_1495,3875,3990
Lonafarnib,CVCL_1517,6456,6721
Lonafarnib,CVCL_1531,55,68
Lonafarnib,CVCL_1547,4829,4952
Lonafarnib,CVCL_1550,4534,4998
Lonafarnib,CVCL_1571,26,44
Lonafarnib,CVCL_1577,211,230
Lonafarnib,CVCL_1635,3506,3620
Lonafarnib,CVCL_1666,3576,3725
Lonafarnib,CVCL_1693,3108,3295
Lonafarnib,CVCL_1715,679,705
Lonafarnib,CVCL_1716,672,716
Lonafarnib,CVCL_1717,4761,5060
Lonafarnib,CVCL_1724,2407,2521
Lonafarnib,CVCL_1731,4232,4402
Lonafarnib,CVCL_C466,5909,6164
Loperamide (hydrochloride),CVCL_0023,6449,6645
Loperamide (hydrochloride),CVCL_0028,1285,1482
Loperamide (hydrochloride),CVCL_0069,4730,4854
Loperamide (hydrochloride),CVCL_0099,4068,4482
Loperamide (hydrochloride),CVCL_0131,5043,5110
Loperamide (hydrochloride),CVCL_0152,4529,4935
Loperamide (hydrochloride),CVCL_0179,2579,2708
Loperamide (hydrochloride),CVCL_0218,3614,3719
Loperamide (hydrochloride),CVCL_0292,4171,4590
Loperamide (hydrochloride),CVCL_0293,5706,6281
Loperamide (hydrochloride),CVCL_0320,5131,5240
Loperamide (hydrochloride),CVCL_0332,5325,5419
Loperamide (hydrochloride),CVCL_0334,10490,11101
Loperamide (hydrochloride),CVCL_0359,6148,6267
Loperamide (hydrochloride),CVCL_0366,3525,3596
Loperamide (hydrochloride),CVCL_0371,5462,5635
Loperamide (hydrochloride),CVCL_0397,4280,4484
Loperamide (hydrochloride),CVCL_0399,6837,7245
Loperamide (hydrochloride),CVCL_0428,9175,9357
Loperamide (hydrochloride),CVCL_0459,17296,17801
Loperamide (hydrochloride),CVCL_0480,13324,13453
Loperamide (hydrochloride),CVCL_0504,5278,5661
Loperamide (hydrochloride),CVCL_0546,16918,17500
Loperamide (hydrochloride),CVCL_1055,3525,3616
Loperamide (hydrochloride),CVCL_1056,8683,8786
Loperamide (hydrochloride),CVCL_1094,3905,4243
Loperamide (hydrochloride),CVCL_1097,4849,5074
Loperamide (hydrochloride),CVCL_1098,2308,2515
Loperamide (hydrochloride),CVCL_1119,6562,6792
Loperamide (hydrochloride),CVCL_1125,1496,1625
Loperamide (hydrochloride),CVCL_1239,3363,3421
Loperamide (hydrochloride),CVCL_1285,9380,9557
Loperamide (hydrochloride),CVCL_1381,6093,6218
Loperamide (hydrochloride),CVCL_1478,5017,5626
Loperamide (hydrochloride),CVCL_1495,5137,5202
Loperamide (hydrochloride),CVCL_1517,3453,3532
Loperamide (hydrochloride),CVCL_1531,78,106
Loperamide (hydrochloride),CVCL_1547,4440,4556
Loperamide (hydrochloride),CVCL_1550,5054,5312
Loperamide (hydrochloride),CVCL_1571,57,89
Loperamide (hydrochloride),CVCL_1577,366,389
Loperamide (hydrochloride),CVCL_1635,4523,4620
Loperamide (hydrochloride),CVCL_1666,4443,4664
Loperamide (hydrochloride),CVCL_1693,8262,8828
Loperamide (hydrochloride),CVCL_1715,253,281
Loperamide (hydrochloride),CVCL_1716,491,520
Loperamide (hydrochloride),CVCL_1717,4722,4981
Loperamide (hydrochloride),CVCL_1724,2233,2410
Loperamide (hydrochloride),CVCL_1731,4945,5063
Loperamide (hydrochloride),CVCL_C466,3960,4131
Lopinavir,CVCL_0023,5859,5922
Lopinavir,CVCL_0028,1109,1142
Lopinavir,CVCL_0069,3627,3710
Lopinavir,CVCL_0099,3786,3964
Lopinavir,CVCL_0131,4330,4355
Lopinavir,CVCL_0152,4576,4853
Lopinavir,CVCL_0179,2423,2481
Lopinavir,CVCL_0218,3934,3994
Lopinavir,CVCL_0292,4431,4589
Lopinavir,CVCL_0293,5063,5584
Lopinavir,CVCL_0320,5254,5341
Lopinavir,CVCL_0332,4450,4534
Lopinavir,CVCL_0334,9260,9770
Lopinavir,CVCL_0359,4505,4548
Lopinavir,CVCL_0366,2908,2982
Lopinavir,CVCL_0371,5365,5471
Lopinavir,CVCL_0397,4569,4837
Lopinavir,CVCL_0399,6394,6766
Lopinavir,CVCL_0428,7948,8017
Lopinavir,CVCL_0459,17251,17377
Lopinavir,CVCL_0480,11108,11359
Lopinavir,CVCL_0504,5119,5258
Lopinavir,CVCL_0546,17108,17405
Lopinavir,CVCL_1055,2984,3116
Lopinavir,CVCL_1056,6793,6904
Lopinavir,CVCL_1094,3577,3689
Lopinavir,CVCL_1097,4819,4875
Lopinavir,CVCL_1098,1845,1946
Lopinavir,CVCL_1119,5829,5932
Lopinavir,CVCL_1125,1869,1919
Lopinavir,CVCL_1239,2983,2998
Lopinavir,CVCL_1285,8216,8288
Lopinavir,CVCL_1381,5411,5497
Lopinavir,CVCL_1478,4861,5533
Lopinavir,CVCL_1495,4840,4901
Lopinavir,CVCL_1517,3327,3449
Lopinavir,CVCL_1531,42,53
Lopinavir,CVCL_1547,3672,3725
Lopinavir,CVCL_1550,4781,5210
Lopinavir,CVCL_1571,28,39
Lopinavir,CVCL_1577,235,267
Lopinavir,CVCL_1635,4129,4186
Lopinavir,CVCL_1666,4223,4283
Lopinavir,CVCL_1693,7012,7234
Lopinavir,CVCL_1715,219,229
Lopinavir,CVCL_1716,494,505
Lopinavir,CVCL_1717,4492,4721
Lopinavir,CVCL_1724,2340,2437
Lopinavir,CVCL_1731,4262,4326
Lopinavir,CVCL_C466,3838,3889
Lucanthone,CVCL_0023,6413,6501
Lucanthone,CVCL_0028,1520,1629
Lucanthone,CVCL_0069,4981,5107
Lucanthone,CVCL_0099,5042,5284
Lucanthone,CVCL_0131,4938,4995
Lucanthone,CVCL_0152,5056,5416
Lucanthone,CVCL_0179,3480,3579
Lucanthone,CVCL_0218,4228,4299
Lucanthone,CVCL_0292,5123,5334
Lucanthone,CVCL_0293,5311,5913
Lucanthone,CVCL_0320,5662,5812
Lucanthone,CVCL_0332,5086,5186
Lucanthone,CVCL_0334,10443,10821
Lucanthone,CVCL_0359,6077,6173
Lucanthone,CVCL_0366,3465,3580
Lucanthone,CVCL_0371,5756,5887
Lucanthone,CVCL_0397,4702,4903
Lucanthone,CVCL_0399,7007,7437
Lucanthone,CVCL_0428,9924,10020
Lucanthone,CVCL_0459,17564,17745
Lucanthone,CVCL_0480,13215,13438
Lucanthone,CVCL_0504,6109,6270
Lucanthone,CVCL_0546,17880,18254
Lucanthone,CVCL_1055,4468,4650
Lucanthone,CVCL_1056,7746,7884
Lucanthone,CVCL_1094,4290,4460
Lucanthone,CVCL_1097,5160,5237
Lucanthone,CVCL_1098,2501,2657
Lucanthone,CVCL_1119,7142,7293
Lucanthone,CVCL_1125,2009,2072
Lucanthone,CVCL_1239,3572,3617
Lucanthone,CVCL_1285,9228,9370
Lucanthone,CVCL_1381,6586,6748
Lucanthone,CVCL_1478,5050,5937
Lucanthone,CVCL_1495,5625,5712
Lucanthone,CVCL_1517,3522,3635
Lucanthone,CVCL_1531,77,101
Lucanthone,CVCL_1547,4634,4718
Lucanthone,CVCL_1550,5405,5862
Lucanthone,CVCL_1571,38,70
Lucanthone,CVCL_1577,429,479
Lucanthone,CVCL_1635,4776,4858
Lucanthone,CVCL_1666,4837,4921
Lucanthone,CVCL_1693,9515,9794
Lucanthone,CVCL_1715,226,258
Lucanthone,CVCL_1716,532,559
Lucanthone,CVCL_1717,4932,5167
Lucanthone,CVCL_1724,2446,2549
Lucanthone,CVCL_1731,4804,4931
Lucanthone,CVCL_C466,3842,3940
Lumateperone (tosylate),CVCL_0023,9210,9453
Lumateperone (tosylate),CVCL_0028,2637,2802
Lumateperone (tosylate),CVCL_0069,4906,5051
Lumateperone (tosylate),CVCL_0099,2906,3092
Lumateperone (tosylate),CVCL_0131,9695,9797
Lumateperone (tosylate),CVCL_0152,9445,10003
Lumateperone (tosylate),CVCL_0179,5084,5244
Lumateperone (tosylate),CVCL_0218,4904,5068
Lumateperone (tosylate),CVCL_0292,4490,4959
Lumateperone (tosylate),CVCL_0293,8982,9767
Lumateperone (tosylate),CVCL_0320,7327,7572
Lumateperone (tosylate),CVCL_0332,4996,5128
Lumateperone (tosylate),CVCL_0334,3853,4156
Lumateperone (tosylate),CVCL_0359,8945,9089
Lumateperone (tosylate),CVCL_0366,5595,5718
Lumateperone (tosylate),CVCL_0371,7407,7694
Lumateperone (tosylate),CVCL_0397,5475,5776
Lumateperone (tosylate),CVCL_0399,10658,11580
Lumateperone (tosylate),CVCL_0428,4324,4412
Lumateperone (tosylate),CVCL_0459,16099,16581
Lumateperone (tosylate),CVCL_0480,10877,11112
Lumateperone (tosylate),CVCL_0504,8229,8633
Lumateperone (tosylate),CVCL_0546,18088,18806
Lumateperone (tosylate),CVCL_1055,5360,5485
Lumateperone (tosylate),CVCL_1056,8559,8695
Lumateperone (tosylate),CVCL_1094,4829,4997
Lumateperone (tosylate),CVCL_1097,7422,7707
Lumateperone (tosylate),CVCL_1098,6019,6361
Lumateperone (tosylate),CVCL_1119,6679,6883
Lumateperone (tosylate),CVCL_1125,1421,1541
Lumateperone (tosylate),CVCL_1239,2917,2993
Lumateperone (tosylate),CVCL_1285,10898,11172
Lumateperone (tosylate),CVCL_1381,7214,7400
Lumateperone (tosylate),CVCL_1478,7125,7781
Lumateperone (tosylate),CVCL_1495,5427,5570
Lumateperone (tosylate),CVCL_1517,8127,8300
Lumateperone (tosylate),CVCL_1531,114,148
Lumateperone (tosylate),CVCL_1547,6665,6806
Lumateperone (tosylate),CVCL_1550,6841,7276
Lumateperone (tosylate),CVCL_1571,55,83
Lumateperone (tosylate),CVCL_1577,413,455
Lumateperone (tosylate),CVCL_1635,4975,5129
Lumateperone (tosylate),CVCL_1666,5141,5386
Lumateperone (tosylate),CVCL_1693,4334,4542
Lumateperone (tosylate),CVCL_1715,599,637
Lumateperone (tosylate),CVCL_1716,818,873
Lumateperone (tosylate),CVCL_1717,6423,6789
Lumateperone (tosylate),CVCL_1724,3516,3695
Lumateperone (tosylate),CVCL_1731,5168,5393
Lumateperone (tosylate),CVCL_C466,6463,6777
MK-3903,CVCL_0023,3689,3865
MK-3903,CVCL_0028,599,715
MK-3903,CVCL_0069,1589,1718
MK-3903,CVCL_0099,1115,1228
MK-3903,CVCL_0131,3582,3654
MK-3903,CVCL_0152,4369,4788
MK-3903,CVCL_0179,1742,1798
MK-3903,CVCL_0218,2232,2347
MK-3903,CVCL_0292,1695,2011
MK-3903,CVCL_0293,4735,5137
MK-3903,CVCL_0320,3468,3646
MK-3903,CVCL_0332,1946,2036
MK-3903,CVCL_0334,1539,1720
MK-3903,CVCL_0359,2490,2600
MK-3903,CVCL_0366,2007,2104
MK-3903,CVCL_0371,3834,4071
MK-3903,CVCL_0397,3324,3574
MK-3903,CVCL_0399,5369,5833
MK-3903,CVCL_0428,1592,1644
MK-3903,CVCL_0459,6946,7383
MK-3903,CVCL_0480,4060,4167
MK-3903,CVCL_0504,2741,3146
MK-3903,CVCL_0546,7513,8173
MK-3903,CVCL_1055,1671,1720
MK-3903,CVCL_1056,2772,2861
MK-3903,CVCL_1094,1907,2098
MK-3903,CVCL_1097,3072,3273
MK-3903,CVCL_1098,2001,2266
MK-3903,CVCL_1119,3246,3410
MK-3903,CVCL_1125,697,781
MK-3903,CVCL_1239,1212,1302
MK-3903,CVCL_1285,3975,4239
MK-3903,CVCL_1381,2420,2547
MK-3903,CVCL_1478,3250,3570
MK-3903,CVCL_1495,2273,2375
MK-3903,CVCL_1517,4196,4308
MK-3903,CVCL_1531,55,78
MK-3903,CVCL_1547,2256,2408
MK-3903,CVCL_1550,3800,4011
MK-3903,CVCL_1571,35,70
MK-3903,CVCL_1577,132,158
MK-3903,CVCL_1635,2637,2747
MK-3903,CVCL_1666,2344,2593
MK-3903,CVCL_1693,1287,1471
MK-3903,CVCL_1715,401,434
MK-3903,CVCL_1716,344,404
MK-3903,CVCL_1717,3089,3304
MK-3903,CVCL_1724,1671,1826
MK-3903,CVCL_1731,2283,2456
MK-3903,CVCL_C466,3015,3270
MK-8353,CVCL_0023,5098,5325
MK-8353,CVCL_0028,920,1032
MK-8353,CVCL_0069,2203,2337
MK-8353,CVCL_0099,1356,1518
MK-8353,CVCL_0131,4646,4691
MK-8353,CVCL_0152,5635,6198
MK-8353,CVCL_0179,2651,2707
MK-8353,CVCL_0218,3402,3618
MK-8353,CVCL_0292,2586,2952
MK-8353,CVCL_0293,7047,7579
MK-8353,CVCL_0320,4759,4969
MK-8353,CVCL_0332,2719,2793
MK-8353,CVCL_0334,2188,2402
MK-8353,CVCL_0359,3431,3508
MK-8353,CVCL_0366,3006,3089
MK-8353,CVCL_0371,5137,5403
MK-8353,CVCL_0397,4647,4971
MK-8353,CVCL_0399,7767,8428
MK-8353,CVCL_0428,1959,2007
MK-8353,CVCL_0459,11571,12113
MK-8353,CVCL_0480,5764,5908
MK-8353,CVCL_0504,4283,4619
MK-8353,CVCL_0546,11448,12271
MK-8353,CVCL_1055,2074,2132
MK-8353,CVCL_1056,3835,3924
MK-8353,CVCL_1094,2483,2668
MK-8353,CVCL_1097,4654,4893
MK-8353,CVCL_1098,2894,3174
MK-8353,CVCL_1119,4026,4172
MK-8353,CVCL_1125,897,1007
MK-8353,CVCL_1239,1903,2005
MK-8353,CVCL_1285,5810,6051
MK-8353,CVCL_1381,3521,3651
MK-8353,CVCL_1478,4979,5430
MK-8353,CVCL_1495,3072,3194
MK-8353,CVCL_1517,5796,5904
MK-8353,CVCL_1531,48,65
MK-8353,CVCL_1547,3610,3725
MK-8353,CVCL_1550,4745,5021
MK-8353,CVCL_1571,24,52
MK-8353,CVCL_1577,165,199
MK-8353,CVCL_1635,3277,3400
MK-8353,CVCL_1666,3062,3357
MK-8353,CVCL_1693,1978,2193
MK-8353,CVCL_1715,758,803
MK-8353,CVCL_1716,565,626
MK-8353,CVCL_1717,4055,4275
MK-8353,CVCL_1724,2390,2573
MK-8353,CVCL_1731,3294,3480
MK-8353,CVCL_C466,4426,4738
ML264,CVCL_0023,6290,6480
ML264,CVCL_0028,1033,1136
ML264,CVCL_0069,2658,2788
ML264,CVCL_0099,1775,1918
ML264,CVCL_0131,5638,5695
ML264,CVCL_0152,6689,7368
ML264,CVCL_0179,2731,2841
ML264,CVCL_0218,3935,4112
ML264,CVCL_0292,2839,3387
ML264,CVCL_0293,7699,8319
ML264,CVCL_0320,5678,5836
ML264,CVCL_0332,3286,3369
ML264,CVCL_0334,2465,2742
ML264,CVCL_0359,4001,4091
ML264,CVCL_0366,3222,3302
ML264,CVCL_0371,6144,6391
ML264,CVCL_0397,5470,5893
ML264,CVCL_0399,8796,9690
ML264,CVCL_0428,2477,2520
ML264,CVCL_0459,13201,13638
ML264,CVCL_0480,6526,6644
ML264,CVCL_0504,4885,5116
ML264,CVCL_0546,13322,14053
ML264,CVCL_1055,2479,2536
ML264,CVCL_1056,4561,4627
ML264,CVCL_1094,3080,3230
ML264,CVCL_1097,5177,5429
ML264,CVCL_1098,3404,3718
ML264,CVCL_1119,4918,5056
ML264,CVCL_1125,1168,1272
ML264,CVCL_1239,2106,2163
ML264,CVCL_1285,6677,6891
ML264,CVCL_1381,4252,4360
ML264,CVCL_1478,5103,5559
ML264,CVCL_1495,3956,4062
ML264,CVCL_1517,6858,6952
ML264,CVCL_1531,80,105
ML264,CVCL_1547,4081,4182
ML264,CVCL_1550,5876,6211
ML264,CVCL_1571,49,79
ML264,CVCL_1577,216,235
ML264,CVCL_1635,4153,4276
ML264,CVCL_1666,4149,4425
ML264,CVCL_1693,2241,2420
ML264,CVCL_1715,664,707
ML264,CVCL_1716,534,591
ML264,CVCL_1717,4835,5093
ML264,CVCL_1724,2614,2859
ML264,CVCL_1731,3904,4083
ML264,CVCL_C466,5182,5509
Macitentan,CVCL_0023,4775,4950
Macitentan,CVCL_0028,1068,1254
Macitentan,CVCL_0069,3668,3810
Macitentan,CVCL_0099,3474,3893
Macitentan,CVCL_0131,3598,3664
Macitentan,CVCL_0152,3690,4126
Macitentan,CVCL_0179,2468,2558
Macitentan,CVCL_0218,2957,3110
Macitentan,CVCL_0292,3429,3832
Macitentan,CVCL_0293,3782,4324
Macitentan,CVCL_0320,4217,4373
Macitentan,CVCL_0332,3530,3625
Macitentan,CVCL_0334,7467,8082
Macitentan,CVCL_0359,4725,4843
Macitentan,CVCL_0366,2581,2671
Macitentan,CVCL_0371,4420,4619
Macitentan,CVCL_0397,3611,3835
Macitentan,CVCL_0399,5712,6231
Macitentan,CVCL_0428,7707,7889
Macitentan,CVCL_0459,11195,11612
Macitentan,CVCL_0480,9877,10044
Macitentan,CVCL_0504,4519,4875
Macitentan,CVCL_0546,12858,13561
Macitentan,CVCL_1055,3225,3321
Macitentan,CVCL_1056,5747,5855
Macitentan,CVCL_1094,3309,3657
Macitentan,CVCL_1097,3284,3514
Macitentan,CVCL_1098,1614,1771
Macitentan,CVCL_1119,6141,6372
Macitentan,CVCL_1125,1411,1528
Macitentan,CVCL_1239,2429,2507
Macitentan,CVCL_1285,6860,7145
Macitentan,CVCL_1381,5032,5161
Macitentan,CVCL_1478,3969,4547
Macitentan,CVCL_1495,4437,4537
Macitentan,CVCL_1517,2388,2449
Macitentan,CVCL_1531,50,72
Macitentan,CVCL_1547,3241,3360
Macitentan,CVCL_1550,4919,5193
Macitentan,CVCL_1571,50,101
Macitentan,CVCL_1577,346,385
Macitentan,CVCL_1635,3810,3940
Macitentan,CVCL_1666,3398,3604
Macitentan,CVCL_1693,7165,7680
Macitentan,CVCL_1715,145,173
Macitentan,CVCL_1716,388,421
Macitentan,CVCL_1717,3720,3986
Macitentan,CVCL_1724,1690,1868
Macitentan,CVCL_1731,3323,3491
Macitentan,CVCL_C466,2442,2648
Malotilate,CVCL_0023,8009,8737
Malotilate,CVCL_0028,1068,1361
Malotilate,CVCL_0069,5019,5372
Malotilate,CVCL_0099,4016,4833
Malotilate,CVCL_0131,6356,6598
Malotilate,CVCL_0152,5390,6258
Malotilate,CVCL_0179,3032,3240
Malotilate,CVCL_0218,4151,4636
Malotilate,CVCL_0292,4146,5142
Malotilate,CVCL_0293,6517,7508
Malotilate,CVCL_0320,6861,7252
Malotilate,CVCL_0332,7196,7453
Malotilate,CVCL_0334,12226,14103
Malotilate,CVCL_0359,8152,8492
Malotilate,CVCL_0366,5194,5386
Malotilate,CVCL_0371,6783,7310
Malotilate,CVCL_0397,5744,6246
Malotilate,CVCL_0399,8199,9169
Malotilate,CVCL_0428,11623,12200
Malotilate,CVCL_0459,21450,22979
Malotilate,CVCL_0480,17594,17951
Malotilate,CVCL_0504,5957,7185
Malotilate,CVCL_0546,19279,21416
Malotilate,CVCL_1055,4516,4666
Malotilate,CVCL_1056,11982,12180
Malotilate,CVCL_1094,3589,4449
Malotilate,CVCL_1097,5181,5904
Malotilate,CVCL_1098,2202,2600
Malotilate,CVCL_1119,8436,9012
Malotilate,CVCL_1125,1644,1979
Malotilate,CVCL_1239,4067,4301
Malotilate,CVCL_1285,12504,13429
Malotilate,CVCL_1381,7514,7948
Malotilate,CVCL_1478,5953,6674
Malotilate,CVCL_1495,7003,7301
Malotilate,CVCL_1517,5066,5226
Malotilate,CVCL_1531,80,127
Malotilate,CVCL_1547,5813,6121
Malotilate,CVCL_1550,7319,7657
Malotilate,CVCL_1571,68,124
Malotilate,CVCL_1577,494,540
Malotilate,CVCL_1635,5811,6109
Malotilate,CVCL_1666,5040,5693
Malotilate,CVCL_1693,7981,9128
Malotilate,CVCL_1715,339,395
Malotilate,CVCL_1716,550,644
Malotilate,CVCL_1717,5412,5953
Malotilate,CVCL_1724,2347,2733
Malotilate,CVCL_1731,6349,6870
Malotilate,CVCL_C466,4391,5028
Mebendazole,CVCL_0023,6126,6625
Mebendazole,CVCL_0028,727,931
Mebendazole,CVCL_0069,3872,4126
Mebendazole,CVCL_0099,2986,3534
Mebendazole,CVCL_0131,5564,5740
Mebendazole,CVCL_0152,4284,4930
Mebendazole,CVCL_0179,2741,2920
Mebendazole,CVCL_0218,3507,3837
Mebendazole,CVCL_0292,3558,4307
Mebendazole,CVCL_0293,5215,5999
Mebendazole,CVCL_0320,5651,5931
Mebendazole,CVCL_0332,6077,6261
Mebendazole,CVCL_0334,9174,10396
Mebendazole,CVCL_0359,5853,6088
Mebendazole,CVCL_0366,4102,4259
Mebendazole,CVCL_0371,5471,5858
Mebendazole,CVCL_0397,5348,5726
Mebendazole,CVCL_0399,6511,7332
Mebendazole,CVCL_0428,9291,9639
Mebendazole,CVCL_0459,16186,17149
Mebendazole,CVCL_0480,13326,13567
Mebendazole,CVCL_0504,4100,5010
Mebendazole,CVCL_0546,15853,17282
Mebendazole,CVCL_1055,3628,3750
Mebendazole,CVCL_1056,8746,8910
Mebendazole,CVCL_1094,2700,3357
Mebendazole,CVCL_1097,4244,4712
Mebendazole,CVCL_1098,2008,2268
Mebendazole,CVCL_1119,6983,7451
Mebendazole,CVCL_1125,1808,2079
Mebendazole,CVCL_1239,2947,3073
Mebendazole,CVCL_1285,10262,10803
Mebendazole,CVCL_1381,5590,5871
Mebendazole,CVCL_1478,5258,5986
Mebendazole,CVCL_1495,5784,6000
Mebendazole,CVCL_1517,4301,4421
Mebendazole,CVCL_1531,71,98
Mebendazole,CVCL_1547,3672,3918
Mebendazole,CVCL_1550,6108,6423
Mebendazole,CVCL_1571,52,93
Mebendazole,CVCL_1577,348,379
Mebendazole,CVCL_1635,4861,5090
Mebendazole,CVCL_1666,3894,4322
Mebendazole,CVCL_1693,5968,6791
Mebendazole,CVCL_1715,357,388
Mebendazole,CVCL_1716,495,578
Mebendazole,CVCL_1717,4505,4994
Mebendazole,CVCL_1724,1985,2317
Mebendazole,CVCL_1731,5263,5591
Mebendazole,CVCL_C466,3827,4234
Medroxyprogesterone acetate,CVCL_0023,7505,8372
Medroxyprogesterone acetate,CVCL_0028,1627,2055
Medroxyprogesterone acetate,CVCL_0069,4054,4500
Medroxyprogesterone acetate,CVCL_0099,1955,2401
Medroxyprogesterone acetate,CVCL_0131,8558,8946
Medroxyprogesterone acetate,CVCL_0152,6019,7314
Medroxyprogesterone acetate,CVCL_0179,4258,4539
Medroxyprogesterone acetate,CVCL_0218,3232,3709
Medroxyprogesterone acetate,CVCL_0292,2458,3342
Medroxyprogesterone acetate,CVCL_0293,7006,7891
Medroxyprogesterone acetate,CVCL_0320,5555,6012
Medroxyprogesterone acetate,CVCL_0332,4462,4757
Medroxyprogesterone acetate,CVCL_0334,2530,3217
Medroxyprogesterone acetate,CVCL_0359,7367,7901
Medroxyprogesterone acetate,CVCL_0366,5448,5755
Medroxyprogesterone acetate,CVCL_0371,5562,6249
Medroxyprogesterone acetate,CVCL_0397,3862,4305
Medroxyprogesterone acetate,CVCL_0399,8277,9618
Medroxyprogesterone acetate,CVCL_0428,3730,4057
Medroxyprogesterone acetate,CVCL_0459,10569,11934
Medroxyprogesterone acetate,CVCL_0480,9138,9563
Medroxyprogesterone acetate,CVCL_0504,5962,7319
Medroxyprogesterone acetate,CVCL_0546,12726,14761
Medroxyprogesterone acetate,CVCL_1055,5044,5174
Medroxyprogesterone acetate,CVCL_1056,7534,7730
Medroxyprogesterone acetate,CVCL_1094,3827,4441
Medroxyprogesterone acetate,CVCL_1097,4814,5560
Medroxyprogesterone acetate,CVCL_1098,3800,4599
Medroxyprogesterone acetate,CVCL_1119,5957,6483
Medroxyprogesterone acetate,CVCL_1125,786,973
Medroxyprogesterone acetate,CVCL_1239,2156,2421
Medroxyprogesterone acetate,CVCL_1285,8472,9427
Medroxyprogesterone acetate,CVCL_1381,5877,6355
Medroxyprogesterone acetate,CVCL_1478,5926,6668
Medroxyprogesterone acetate,CVCL_1495,4429,4819
Medroxyprogesterone acetate,CVCL_1517,6751,6976
Medroxyprogesterone acetate,CVCL_1531,78,142
Medroxyprogesterone acetate,CVCL_1547,6072,6681
Medroxyprogesterone acetate,CVCL_1550,6845,7218
Medroxyprogesterone acetate,CVCL_1571,72,120
Medroxyprogesterone acetate,CVCL_1577,378,418
Medroxyprogesterone acetate,CVCL_1635,4132,4463
Medroxyprogesterone acetate,CVCL_1666,3531,4364
Medroxyprogesterone acetate,CVCL_1693,3292,3894
Medroxyprogesterone acetate,CVCL_1715,369,444
Medroxyprogesterone acetate,CVCL_1716,454,602
Medroxyprogesterone acetate,CVCL_1717,5214,5713
Medroxyprogesterone acetate,CVCL_1724,2308,2704
Medroxyprogesterone acetate,CVCL_1731,4096,4719
Medroxyprogesterone acetate,CVCL_C466,3659,4375
Megestrol,CVCL_0023,7749,7891
Megestrol,CVCL_0028,2246,2376
Megestrol,CVCL_0069,4122,4241
Megestrol,CVCL_0099,2583,2714
Megestrol,CVCL_0131,7808,7911
Megestrol,CVCL_0152,7967,8389
Megestrol,CVCL_0179,4354,4466
Megestrol,CVCL_0218,4497,4621
Megestrol,CVCL_0292,4015,4373
Megestrol,CVCL_0293,7684,8333
Megestrol,CVCL_0320,5959,6150
Megestrol,CVCL_0332,4199,4323
Megestrol,CVCL_0334,3146,3355
Megestrol,CVCL_0359,7138,7232
Megestrol,CVCL_0366,4907,5035
Megestrol,CVCL_0371,6136,6384
Megestrol,CVCL_0397,4752,5044
Megestrol,CVCL_0399,9590,10306
Megestrol,CVCL_0428,3441,3503
Megestrol,CVCL_0459,14447,14753
Megestrol,CVCL_0480,9015,9230
Megestrol,CVCL_0504,6682,6944
Megestrol,CVCL_0546,15208,15775
Megestrol,CVCL_1055,4272,4372
Megestrol,CVCL_1056,6849,6991
Megestrol,CVCL_1094,4170,4304
Megestrol,CVCL_1097,6307,6511
Megestrol,CVCL_1098,5412,5663
Megestrol,CVCL_1119,5735,5890
Megestrol,CVCL_1125,1378,1457
Megestrol,CVCL_1239,2563,2635
Megestrol,CVCL_1285,9362,9569
Megestrol,CVCL_1381,6031,6186
Megestrol,CVCL_1478,6888,7397
Megestrol,CVCL_1495,4781,4884
Megestrol,CVCL_1517,6958,7138
Megestrol,CVCL_1531,83,114
Megestrol,CVCL_1547,5423,5555
Megestrol,CVCL_1550,5769,6174
Megestrol,CVCL_1571,53,85
Megestrol,CVCL_1577,342,380
Megestrol,CVCL_1635,4355,4460
Megestrol,CVCL_1666,4324,4462
Megestrol,CVCL_1693,3950,4126
Megestrol,CVCL_1715,686,730
Megestrol,CVCL_1716,747,794
Megestrol,CVCL_1717,5515,5802
Megestrol,CVCL_1724,3083,3228
Megestrol,CVCL_1731,4513,4668
Megestrol,CVCL_C466,5880,6103
Meloxicam,CVCL_0023,5062,5139
Meloxicam,CVCL_0028,1178,1291
Meloxicam,CVCL_0069,3623,3723
Meloxicam,CVCL_0099,3825,4110
Meloxicam,CVCL_0131,3787,3809
Meloxicam,CVCL_0152,3526,3836
Meloxicam,CVCL_0179,2305,2372
Meloxicam,CVCL_0218,2840,2913
Meloxicam,CVCL_0292,3459,3720
Meloxicam,CVCL_0293,4042,4572
Meloxicam,CVCL_0320,4028,4131
Meloxicam,CVCL_0332,4087,4176
Meloxicam,CVCL_0334,8586,9019
Meloxicam,CVCL_0359,5117,5169
Meloxicam,CVCL_0366,2826,2887
Meloxicam,CVCL_0371,4226,4354
Meloxicam,CVCL_0397,3396,3617
Meloxicam,CVCL_0399,5016,5382
Meloxicam,CVCL_0428,7432,7509
Meloxicam,CVCL_0459,13641,13839
Meloxicam,CVCL_0480,10428,10566
Meloxicam,CVCL_0504,4801,5040
Meloxicam,CVCL_0546,13801,14255
Meloxicam,CVCL_1055,2994,3085
Meloxicam,CVCL_1056,6623,6718
Meloxicam,CVCL_1094,3580,3778
Meloxicam,CVCL_1097,3953,4090
Meloxicam,CVCL_1098,1964,2117
Meloxicam,CVCL_1119,4844,4972
Meloxicam,CVCL_1125,954,1028
Meloxicam,CVCL_1239,2808,2847
Meloxicam,CVCL_1285,7668,7793
Meloxicam,CVCL_1381,4922,5012
Meloxicam,CVCL_1478,3462,4082
Meloxicam,CVCL_1495,3909,3953
Meloxicam,CVCL_1517,2891,2975
Meloxicam,CVCL_1531,51,68
Meloxicam,CVCL_1547,3555,3626
Meloxicam,CVCL_1550,3791,4076
Meloxicam,CVCL_1571,41,50
Meloxicam,CVCL_1577,275,300
Meloxicam,CVCL_1635,3379,3445
Meloxicam,CVCL_1666,3551,3670
Meloxicam,CVCL_1693,7376,7725
Meloxicam,CVCL_1715,189,207
Meloxicam,CVCL_1716,418,435
Meloxicam,CVCL_1717,3691,3896
Meloxicam,CVCL_1724,1770,1896
Meloxicam,CVCL_1731,3821,3912
Meloxicam,CVCL_C466,3307,3409
Menadione,CVCL_0023,2593,2739
Menadione,CVCL_0028,595,722
Menadione,CVCL_0069,2392,2501
Menadione,CVCL_0099,2146,2427
Menadione,CVCL_0131,2225,2276
Menadione,CVCL_0152,2159,2442
Menadione,CVCL_0179,1510,1581
Menadione,CVCL_0218,1894,2020
Menadione,CVCL_0292,2063,2335
Menadione,CVCL_0293,2414,2743
Menadione,CVCL_0320,2677,2751
Menadione,CVCL_0332,1912,1960
Menadione,CVCL_0334,3943,4414
Menadione,CVCL_0359,2421,2481
Menadione,CVCL_0366,1293,1331
Menadione,CVCL_0371,2889,3029
Menadione,CVCL_0397,2288,2432
Menadione,CVCL_0399,3383,3681
Menadione,CVCL_0428,4386,4518
Menadione,CVCL_0459,6577,6903
Menadione,CVCL_0480,5743,5835
Menadione,CVCL_0504,2521,2884
Menadione,CVCL_0546,8318,8901
Menadione,CVCL_1055,2049,2108
Menadione,CVCL_1056,3122,3167
Menadione,CVCL_1094,1891,2178
Menadione,CVCL_1097,2060,2219
Menadione,CVCL_1098,925,1017
Menadione,CVCL_1119,3601,3765
Menadione,CVCL_1125,916,1015
Menadione,CVCL_1239,1386,1435
Menadione,CVCL_1285,3493,3617
Menadione,CVCL_1381,2829,2925
Menadione,CVCL_1478,2305,2692
Menadione,CVCL_1495,2660,2726
Menadione,CVCL_1517,1426,1476
Menadione,CVCL_1531,28,47
Menadione,CVCL_1547,1831,1914
Menadione,CVCL_1550,2883,3044
Menadione,CVCL_1571,23,36
Menadione,CVCL_1577,228,260
Menadione,CVCL_1635,2354,2428
Menadione,CVCL_1666,1952,2123
Menadione,CVCL_1693,3988,4419
Menadione,CVCL_1715,82,96
Menadione,CVCL_1716,190,204
Menadione,CVCL_1717,2380,2568
Menadione,CVCL_1724,1180,1291
Menadione,CVCL_1731,2031,2135
Menadione,CVCL_C466,1301,1432
Methotrexate,CVCL_0023,5811,6030
Methotrexate,CVCL_0028,1240,1364
Methotrexate,CVCL_0069,4497,4636
Methotrexate,CVCL_0099,4141,4496
Methotrexate,CVCL_0131,4985,5033
Methotrexate,CVCL_0152,4599,4953
Methotrexate,CVCL_0179,2997,3071
Methotrexate,CVCL_0218,3707,3851
Methotrexate,CVCL_0292,3993,4325
Methotrexate,CVCL_0293,5244,5833
Methotrexate,CVCL_0320,5185,5315
Methotrexate,CVCL_0332,5170,5262
Methotrexate,CVCL_0334,10324,10986
Methotrexate,CVCL_0359,5702,5798
Methotrexate,CVCL_0366,3778,3863
Methotrexate,CVCL_0371,5149,5301
Methotrexate,CVCL_0397,4515,4734
Methotrexate,CVCL_0399,6194,6611
Methotrexate,CVCL_0428,8975,9160
Methotrexate,CVCL_0459,17408,17830
Methotrexate,CVCL_0480,13230,13386
Methotrexate,CVCL_0504,5306,5699
Methotrexate,CVCL_0546,16296,16831
Methotrexate,CVCL_1055,3423,3520
Methotrexate,CVCL_1056,7999,8092
Methotrexate,CVCL_1094,3674,3969
Methotrexate,CVCL_1097,4973,5189
Methotrexate,CVCL_1098,2428,2606
Methotrexate,CVCL_1119,5873,6108
Methotrexate,CVCL_1125,1676,1782
Methotrexate,CVCL_1239,3400,3460
Methotrexate,CVCL_1285,9345,9568
Methotrexate,CVCL_1381,5933,6081
Methotrexate,CVCL_1478,5001,5584
Methotrexate,CVCL_1495,5002,5092
Methotrexate,CVCL_1517,3637,3705
Methotrexate,CVCL_1531,40,53
Methotrexate,CVCL_1547,4491,4603
Methotrexate,CVCL_1550,4730,5010
Methotrexate,CVCL_1571,48,75
Methotrexate,CVCL_1577,358,398
Methotrexate,CVCL_1635,4172,4265
Methotrexate,CVCL_1666,4223,4396
Methotrexate,CVCL_1693,7863,8308
Methotrexate,CVCL_1715,259,283
Methotrexate,CVCL_1716,517,556
Methotrexate,CVCL_1717,4565,4799
Methotrexate,CVCL_1724,2435,2593
Methotrexate,CVCL_1731,5052,5198
Methotrexate,CVCL_C466,3654,3841
Methyl aminolevulinate (hydrochloride),CVCL_0023,7474,7555
Methyl aminolevulinate (hydrochloride),CVCL_0028,1412,1477
Methyl aminolevulinate (hydrochloride),CVCL_0069,4927,5012
Methyl aminolevulinate (hydrochloride),CVCL_0099,4879,5129
Methyl aminolevulinate (hydrochloride),CVCL_0131,5978,6014
Methyl aminolevulinate (hydrochloride),CVCL_0152,5785,6148
Methyl aminolevulinate (hydrochloride),CVCL_0179,3215,3283
Methyl aminolevulinate (hydrochloride),CVCL_0218,4737,4792
Methyl aminolevulinate (hydrochloride),CVCL_0292,5488,5673
Methyl aminolevulinate (hydrochloride),CVCL_0293,6493,7093
Methyl aminolevulinate (hydrochloride),CVCL_0320,6520,6608
Methyl aminolevulinate (hydrochloride),CVCL_0332,5998,6087
Methyl aminolevulinate (hydrochloride),CVCL_0334,13069,13477
Methyl aminolevulinate (hydrochloride),CVCL_0359,6693,6756
Methyl aminolevulinate (hydrochloride),CVCL_0366,4128,4197
Methyl aminolevulinate (hydrochloride),CVCL_0371,6361,6465
Methyl aminolevulinate (hydrochloride),CVCL_0397,5697,5941
Methyl aminolevulinate (hydrochloride),CVCL_0399,8047,8432
Methyl aminolevulinate (hydrochloride),CVCL_0428,10372,10457
Methyl aminolevulinate (hydrochloride),CVCL_0459,22323,22507
Methyl aminolevulinate (hydrochloride),CVCL_0480,15357,15580
Methyl aminolevulinate (hydrochloride),CVCL_0504,6448,6590
Methyl aminolevulinate (hydrochloride),CVCL_0546,20759,21100
Methyl aminolevulinate (hydrochloride),CVCL_1055,3637,3756
Methyl aminolevulinate (hydrochloride),CVCL_1056,9478,9619
Methyl aminolevulinate (hydrochloride),CVCL_1094,4507,4667
Methyl aminolevulinate (hydrochloride),CVCL_1097,6233,6309
Methyl aminolevulinate (hydrochloride),CVCL_1098,2591,2721
Methyl aminolevulinate (hydrochloride),CVCL_1119,7316,7470
Methyl aminolevulinate (hydrochloride),CVCL_1125,2143,2209
Methyl aminolevulinate (hydrochloride),CVCL_1239,3905,3930
Methyl aminolevulinate (hydrochloride),CVCL_1285,11133,11220
Methyl aminolevulinate (hydrochloride),CVCL_1381,6829,6919
Methyl aminolevulinate (hydrochloride),CVCL_1478,6105,6888
Methyl aminolevulinate (hydrochloride),CVCL_1495,6107,6151
Methyl aminolevulinate (hydrochloride),CVCL_1517,4286,4394
Methyl aminolevulinate (hydrochloride),CVCL_1531,56,63
Methyl aminolevulinate (hydrochloride),CVCL_1547,4873,4962
Methyl aminolevulinate (hydrochloride),CVCL_1550,5881,6247
Methyl aminolevulinate (hydrochloride),CVCL_1571,39,54
Methyl aminolevulinate (hydrochloride),CVCL_1577,387,422
Methyl aminolevulinate (hydrochloride),CVCL_1635,5067,5134
Methyl aminolevulinate (hydrochloride),CVCL_1666,5268,5368
Methyl aminolevulinate (hydrochloride),CVCL_1693,9064,9369
Methyl aminolevulinate (hydrochloride),CVCL_1715,341,360
Methyl aminolevulinate (hydrochloride),CVCL_1716,609,621
Methyl aminolevulinate (hydrochloride),CVCL_1717,5653,5924
Methyl aminolevulinate (hydrochloride),CVCL_1724,2913,3012
Methyl aminolevulinate (hydrochloride),CVCL_1731,6116,6191
Methyl aminolevulinate (hydrochloride),CVCL_C466,5372,5441
Methylprednisolone succinate,CVCL_0023,4374,4578
Methylprednisolone succinate,CVCL_0028,1255,1513
Methylprednisolone succinate,CVCL_0069,2929,3101
Methylprednisolone succinate,CVCL_0099,2533,2794
Methylprednisolone succinate,CVCL_0131,3607,3700
Methylprednisolone succinate,CVCL_0152,3739,4249
Methylprednisolone succinate,CVCL_0179,2333,2411
Methylprednisolone succinate,CVCL_0218,2561,2753
Methylprednisolone succinate,CVCL_0292,2740,3173
Methylprednisolone succinate,CVCL_0293,3958,4512
Methylprednisolone succinate,CVCL_0320,3607,3827
Methylprednisolone succinate,CVCL_0332,2696,2796
Methylprednisolone succinate,CVCL_0334,4527,4851
Methylprednisolone succinate,CVCL_0359,4176,4293
Methylprednisolone succinate,CVCL_0366,2389,2473
Methylprednisolone succinate,CVCL_0371,3848,4079
Methylprednisolone succinate,CVCL_0397,2804,3020
Methylprednisolone succinate,CVCL_0399,4827,5466
Methylprednisolone succinate,CVCL_0428,4413,4549
Methylprednisolone succinate,CVCL_0459,8468,8966
Methylprednisolone succinate,CVCL_0480,6694,6798
Methylprednisolone succinate,CVCL_0504,4025,4528
Methylprednisolone succinate,CVCL_0546,10467,11232
Methylprednisolone succinate,CVCL_1055,2983,3085
Methylprednisolone succinate,CVCL_1056,4082,4175
Methylprednisolone succinate,CVCL_1094,3249,3522
Methylprednisolone succinate,CVCL_1097,2914,3195
Methylprednisolone succinate,CVCL_1098,1914,2208
Methylprednisolone succinate,CVCL_1119,4841,5046
Methylprednisolone succinate,CVCL_1125,1064,1180
Methylprednisolone succinate,CVCL_1239,1708,1818
Methylprednisolone succinate,CVCL_1285,5174,5481
Methylprednisolone succinate,CVCL_1381,4190,4416
Methylprednisolone succinate,CVCL_1478,3190,3636
Methylprednisolone succinate,CVCL_1495,3111,3268
Methylprednisolone succinate,CVCL_1517,2637,2719
Methylprednisolone succinate,CVCL_1531,67,107
Methylprednisolone succinate,CVCL_1547,3268,3439
Methylprednisolone succinate,CVCL_1550,4254,4458
Methylprednisolone succinate,CVCL_1571,36,71
Methylprednisolone succinate,CVCL_1577,314,362
Methylprednisolone succinate,CVCL_1635,3072,3214
Methylprednisolone succinate,CVCL_1666,2574,2876
Methylprednisolone succinate,CVCL_1693,4987,5367
Methylprednisolone succinate,CVCL_1715,200,240
Methylprednisolone succinate,CVCL_1716,318,374
Methylprednisolone succinate,CVCL_1717,3325,3525
Methylprednisolone succinate,CVCL_1724,1581,1798
Methylprednisolone succinate,CVCL_1731,2807,3029
Methylprednisolone succinate,CVCL_C466,2271,2585
Methylthiouracil,CVCL_0023,11180,11337
Methylthiouracil,CVCL_0028,1915,2053
Methylthiouracil,CVCL_0069,7156,7296
Methylthiouracil,CVCL_0099,6821,7314
Methylthiouracil,CVCL_0131,8409,8472
Methylthiouracil,CVCL_0152,7582,8106
Methylthiouracil,CVCL_0179,4745,4853
Methylthiouracil,CVCL_0218,6061,6192
Methylthiouracil,CVCL_0292,6946,7534
Methylthiouracil,CVCL_0293,8851,9686
Methylthiouracil,CVCL_0320,8848,8984
Methylthiouracil,CVCL_0332,9784,9919
Methylthiouracil,CVCL_0334,18233,18995
Methylthiouracil,CVCL_0359,10772,10862
Methylthiouracil,CVCL_0366,7111,7225
Methylthiouracil,CVCL_0371,8843,9079
Methylthiouracil,CVCL_0397,7973,8357
Methylthiouracil,CVCL_0399,10391,11036
Methylthiouracil,CVCL_0428,14973,15155
Methylthiouracil,CVCL_0459,32500,32889
Methylthiouracil,CVCL_0480,22357,22561
Methylthiouracil,CVCL_0504,9500,9917
Methylthiouracil,CVCL_0546,28108,28812
Methylthiouracil,CVCL_1055,5223,5362
Methylthiouracil,CVCL_1056,15206,15359
Methylthiouracil,CVCL_1094,5978,6323
Methylthiouracil,CVCL_1097,8896,9131
Methylthiouracil,CVCL_1098,3939,4243
Methylthiouracil,CVCL_1119,9498,9740
Methylthiouracil,CVCL_1125,2450,2607
Methylthiouracil,CVCL_1239,6407,6479
Methylthiouracil,CVCL_1285,17300,17541
Methylthiouracil,CVCL_1381,10174,10344
Methylthiouracil,CVCL_1478,7586,8463
Methylthiouracil,CVCL_1495,8763,8846
Methylthiouracil,CVCL_1517,6690,6819
Methylthiouracil,CVCL_1531,80,100
Methylthiouracil,CVCL_1547,7732,7861
Methylthiouracil,CVCL_1550,7881,8323
Methylthiouracil,CVCL_1571,81,117
Methylthiouracil,CVCL_1577,569,608
Methylthiouracil,CVCL_1635,7119,7224
Methylthiouracil,CVCL_1666,7646,7886
Methylthiouracil,CVCL_1693,13862,14509
Methylthiouracil,CVCL_1715,555,576
Methylthiouracil,CVCL_1716,896,928
Methylthiouracil,CVCL_1717,7794,8132
Methylthiouracil,CVCL_1724,3762,3977
Methylthiouracil,CVCL_1731,9021,9155
Methylthiouracil,CVCL_C466,7334,7566
Mifepristone,CVCL_0023,5009,5201
Mifepristone,CVCL_0028,1138,1342
Mifepristone,CVCL_0069,3603,3770
Mifepristone,CVCL_0099,3450,3885
Mifepristone,CVCL_0131,3619,3695
Mifepristone,CVCL_0152,3384,3738
Mifepristone,CVCL_0179,2115,2218
Mifepristone,CVCL_0218,2577,2714
Mifepristone,CVCL_0292,3095,3532
Mifepristone,CVCL_0293,3543,4037
Mifepristone,CVCL_0320,3826,3985
Mifepristone,CVCL_0332,3744,3848
Mifepristone,CVCL_0334,7487,8155
Mifepristone,CVCL_0359,5039,5118
Mifepristone,CVCL_0366,2740,2824
Mifepristone,CVCL_0371,4020,4212
Mifepristone,CVCL_0397,3157,3341
Mifepristone,CVCL_0399,5134,5566
Mifepristone,CVCL_0428,7369,7550
Mifepristone,CVCL_0459,11983,12413
Mifepristone,CVCL_0480,9602,9765
Mifepristone,CVCL_0504,4396,4884
Mifepristone,CVCL_0546,12026,12844
Mifepristone,CVCL_1055,3353,3451
Mifepristone,CVCL_1056,5885,5952
Mifepristone,CVCL_1094,3183,3568
Mifepristone,CVCL_1097,3215,3494
Mifepristone,CVCL_1098,1868,2068
Mifepristone,CVCL_1119,5480,5682
Mifepristone,CVCL_1125,1172,1301
Mifepristone,CVCL_1239,2659,2740
Mifepristone,CVCL_1285,7416,7674
Mifepristone,CVCL_1381,5334,5494
Mifepristone,CVCL_1478,3571,4147
Mifepristone,CVCL_1495,4285,4388
Mifepristone,CVCL_1517,2540,2609
Mifepristone,CVCL_1531,45,61
Mifepristone,CVCL_1547,3381,3481
Mifepristone,CVCL_1550,4312,4577
Mifepristone,CVCL_1571,57,76
Mifepristone,CVCL_1577,293,319
Mifepristone,CVCL_1635,3439,3553
Mifepristone,CVCL_1666,3429,3691
Mifepristone,CVCL_1693,7327,7867
Mifepristone,CVCL_1715,145,171
Mifepristone,CVCL_1716,337,371
Mifepristone,CVCL_1717,3403,3637
Mifepristone,CVCL_1724,1383,1532
Mifepristone,CVCL_1731,3627,3803
Mifepristone,CVCL_C466,2691,2902
Minodronic acid,CVCL_0023,7002,7182
Minodronic acid,CVCL_0028,1731,1844
Minodronic acid,CVCL_0069,3631,3777
Minodronic acid,CVCL_0099,2226,2372
Minodronic acid,CVCL_0131,7498,7597
Minodronic acid,CVCL_0152,7108,7541
Minodronic acid,CVCL_0179,4196,4336
Minodronic acid,CVCL_0218,4417,4603
Minodronic acid,CVCL_0292,4180,4490
Minodronic acid,CVCL_0293,8325,9069
Minodronic acid,CVCL_0320,6565,6811
Minodronic acid,CVCL_0332,3838,3963
Minodronic acid,CVCL_0334,2862,3143
Minodronic acid,CVCL_0359,6216,6353
Minodronic acid,CVCL_0366,4794,4914
Minodronic acid,CVCL_0371,6512,6790
Minodronic acid,CVCL_0397,5640,5959
Minodronic acid,CVCL_0399,9590,10347
Minodronic acid,CVCL_0428,2888,2921
Minodronic acid,CVCL_0459,15336,15703
Minodronic acid,CVCL_0480,8100,8341
Minodronic acid,CVCL_0504,6286,6567
Minodronic acid,CVCL_0546,16103,16797
Minodronic acid,CVCL_1055,3660,3815
Minodronic acid,CVCL_1056,6286,6451
Minodronic acid,CVCL_1094,3678,3824
Minodronic acid,CVCL_1097,6302,6500
Minodronic acid,CVCL_1098,4918,5208
Minodronic acid,CVCL_1119,5279,5443
Minodronic acid,CVCL_1125,1170,1246
Minodronic acid,CVCL_1239,2609,2673
Minodronic acid,CVCL_1285,8490,8716
Minodronic acid,CVCL_1381,5456,5579
Minodronic acid,CVCL_1478,5695,6351
Minodronic acid,CVCL_1495,4274,4368
Minodronic acid,CVCL_1517,7372,7653
Minodronic acid,CVCL_1531,49,68
Minodronic acid,CVCL_1547,5219,5334
Minodronic acid,CVCL_1550,5219,5836
Minodronic acid,CVCL_1571,28,47
Minodronic acid,CVCL_1577,286,330
Minodronic acid,CVCL_1635,4203,4321
Minodronic acid,CVCL_1666,4259,4435
Minodronic acid,CVCL_1693,3413,3594
Minodronic acid,CVCL_1715,726,747
Minodronic acid,CVCL_1716,636,673
Minodronic acid,CVCL_1717,5469,5811
Minodronic acid,CVCL_1724,3114,3237
Minodronic acid,CVCL_1731,4735,4926
Minodronic acid,CVCL_C466,6424,6690
Mitoxantrone (dihydrochloride),CVCL_0023,5147,5251
Mitoxantrone (dihydrochloride),CVCL_0028,1574,1699
Mitoxantrone (dihydrochloride),CVCL_0069,2928,3013
Mitoxantrone (dihydrochloride),CVCL_0099,1421,1511
Mitoxantrone (dihydrochloride),CVCL_0131,5045,5124
Mitoxantrone (dihydrochloride),CVCL_0152,6870,7325
Mitoxantrone (dihydrochloride),CVCL_0179,3251,3382
Mitoxantrone (dihydrochloride),CVCL_0218,3802,3924
Mitoxantrone (dihydrochloride),CVCL_0292,3444,3727
Mitoxantrone (dihydrochloride),CVCL_0293,6153,6743
Mitoxantrone (dihydrochloride),CVCL_0320,4876,5038
Mitoxantrone (dihydrochloride),CVCL_0332,2924,3007
Mitoxantrone (dihydrochloride),CVCL_0334,2327,2541
Mitoxantrone (dihydrochloride),CVCL_0359,5106,5210
Mitoxantrone (dihydrochloride),CVCL_0366,3307,3427
Mitoxantrone (dihydrochloride),CVCL_0371,4969,5144
Mitoxantrone (dihydrochloride),CVCL_0397,3798,4028
Mitoxantrone (dihydrochloride),CVCL_0399,7857,8478
Mitoxantrone (dihydrochloride),CVCL_0428,2646,2707
Mitoxantrone (dihydrochloride),CVCL_0459,10138,10388
Mitoxantrone (dihydrochloride),CVCL_0480,6270,6483
Mitoxantrone (dihydrochloride),CVCL_0504,4326,4470
Mitoxantrone (dihydrochloride),CVCL_0546,11520,11949
Mitoxantrone (dihydrochloride),CVCL_1055,2658,2766
Mitoxantrone (dihydrochloride),CVCL_1056,4437,4558
Mitoxantrone (dihydrochloride),CVCL_1094,3640,3734
Mitoxantrone (dihydrochloride),CVCL_1097,4699,4806
Mitoxantrone (dihydrochloride),CVCL_1098,4096,4358
Mitoxantrone (dihydrochloride),CVCL_1119,4822,4955
Mitoxantrone (dihydrochloride),CVCL_1125,721,764
Mitoxantrone (dihydrochloride),CVCL_1239,1556,1595
Mitoxantrone (dihydrochloride),CVCL_1285,5805,6009
Mitoxantrone (dihydrochloride),CVCL_1381,3843,3964
Mitoxantrone (dihydrochloride),CVCL_1478,5287,5783
Mitoxantrone (dihydrochloride),CVCL_1495,3800,3876
Mitoxantrone (dihydrochloride),CVCL_1517,4182,4330
Mitoxantrone (dihydrochloride),CVCL_1531,89,112
Mitoxantrone (dihydrochloride),CVCL_1547,4191,4293
Mitoxantrone (dihydrochloride),CVCL_1550,4666,5007
Mitoxantrone (dihydrochloride),CVCL_1571,43,66
Mitoxantrone (dihydrochloride),CVCL_1577,225,263
Mitoxantrone (dihydrochloride),CVCL_1635,3446,3556
Mitoxantrone (dihydrochloride),CVCL_1666,3222,3382
Mitoxantrone (dihydrochloride),CVCL_1693,3810,3957
Mitoxantrone (dihydrochloride),CVCL_1715,479,504
Mitoxantrone (dihydrochloride),CVCL_1716,508,547
Mitoxantrone (dihydrochloride),CVCL_1717,4021,4284
Mitoxantrone (dihydrochloride),CVCL_1724,2136,2273
Mitoxantrone (dihydrochloride),CVCL_1731,3244,3391
Mitoxantrone (dihydrochloride),CVCL_C466,3703,3865
Monocrotaline,CVCL_0023,4220,4677
Monocrotaline,CVCL_0028,661,873
Monocrotaline,CVCL_0069,3263,3560
Monocrotaline,CVCL_0099,2683,3275
Monocrotaline,CVCL_0131,3463,3618
Monocrotaline,CVCL_0152,3254,3873
Monocrotaline,CVCL_0179,2260,2433
Monocrotaline,CVCL_0218,3015,3405
Monocrotaline,CVCL_0292,2715,3439
Monocrotaline,CVCL_0293,3834,4436
Monocrotaline,CVCL_0320,4228,4454
Monocrotaline,CVCL_0332,3409,3573
Monocrotaline,CVCL_0334,6241,7435
Monocrotaline,CVCL_0359,3760,3940
Monocrotaline,CVCL_0366,2191,2310
Monocrotaline,CVCL_0371,4624,5046
Monocrotaline,CVCL_0397,3468,3761
Monocrotaline,CVCL_0399,4934,5569
Monocrotaline,CVCL_0428,6720,7059
Monocrotaline,CVCL_0459,11365,12403
Monocrotaline,CVCL_0480,9247,9524
Monocrotaline,CVCL_0504,3452,4416
Monocrotaline,CVCL_0546,12034,13692
Monocrotaline,CVCL_1055,3063,3191
Monocrotaline,CVCL_1056,5126,5244
Monocrotaline,CVCL_1094,2317,2978
Monocrotaline,CVCL_1097,2809,3245
Monocrotaline,CVCL_1098,1332,1571
Monocrotaline,CVCL_1119,5386,5833
Monocrotaline,CVCL_1125,1134,1415
Monocrotaline,CVCL_1239,2145,2284
Monocrotaline,CVCL_1285,5593,6015
Monocrotaline,CVCL_1381,4336,4591
Monocrotaline,CVCL_1478,3636,4190
Monocrotaline,CVCL_1495,4010,4230
Monocrotaline,CVCL_1517,2468,2567
Monocrotaline,CVCL_1531,46,64
Monocrotaline,CVCL_1547,3115,3366
Monocrotaline,CVCL_1550,4610,4832
Monocrotaline,CVCL_1571,42,79
Monocrotaline,CVCL_1577,291,333
Monocrotaline,CVCL_1635,3596,3810
Monocrotaline,CVCL_1666,2808,3240
Monocrotaline,CVCL_1693,5524,6485
Monocrotaline,CVCL_1715,145,179
Monocrotaline,CVCL_1716,290,341
Monocrotaline,CVCL_1717,3418,3834
Monocrotaline,CVCL_1724,1630,1880
Monocrotaline,CVCL_1731,3344,3630
Monocrotaline,CVCL_C466,1975,2287
Mozavaptan,CVCL_0023,3377,3544
Mozavaptan,CVCL_0028,847,985
Mozavaptan,CVCL_0069,2991,3119
Mozavaptan,CVCL_0099,3029,3428
Mozavaptan,CVCL_0131,2640,2689
Mozavaptan,CVCL_0152,2805,3095
Mozavaptan,CVCL_0179,1863,1946
Mozavaptan,CVCL_0218,2671,2797
Mozavaptan,CVCL_0292,2880,3261
Mozavaptan,CVCL_0293,2974,3358
Mozavaptan,CVCL_0320,3400,3515
Mozavaptan,CVCL_0332,2235,2295
Mozavaptan,CVCL_0334,4990,5474
Mozavaptan,CVCL_0359,2797,2874
Mozavaptan,CVCL_0366,1326,1390
Mozavaptan,CVCL_0371,3768,3920
Mozavaptan,CVCL_0397,2478,2637
Mozavaptan,CVCL_0399,4358,4728
Mozavaptan,CVCL_0428,5454,5613
Mozavaptan,CVCL_0459,8151,8489
Mozavaptan,CVCL_0480,6720,6816
Mozavaptan,CVCL_0504,3589,3964
Mozavaptan,CVCL_0546,11207,11962
Mozavaptan,CVCL_1055,2790,2868
Mozavaptan,CVCL_1056,3324,3388
Mozavaptan,CVCL_1094,2990,3334
Mozavaptan,CVCL_1097,2388,2560
Mozavaptan,CVCL_1098,1215,1353
Mozavaptan,CVCL_1119,4621,4817
Mozavaptan,CVCL_1125,1247,1351
Mozavaptan,CVCL_1239,1641,1729
Mozavaptan,CVCL_1285,4105,4299
Mozavaptan,CVCL_1381,3762,3907
Mozavaptan,CVCL_1478,2615,3052
Mozavaptan,CVCL_1495,3033,3116
Mozavaptan,CVCL_1517,1597,1663
Mozavaptan,CVCL_1531,39,50
Mozavaptan,CVCL_1547,2306,2409
Mozavaptan,CVCL_1550,3497,3700
Mozavaptan,CVCL_1571,34,47
Mozavaptan,CVCL_1577,249,272
Mozavaptan,CVCL_1635,2864,2957
Mozavaptan,CVCL_1666,2592,2800
Mozavaptan,CVCL_1693,5875,6303
Mozavaptan,CVCL_1715,92,100
Mozavaptan,CVCL_1716,293,322
Mozavaptan,CVCL_1717,3004,3211
Mozavaptan,CVCL_1724,1556,1690
Mozavaptan,CVCL_1731,2493,2627
Mozavaptan,CVCL_C466,1710,1843
NG25,CVCL_0023,4283,4451
NG25,CVCL_0028,778,911
NG25,CVCL_0069,2154,2297
NG25,CVCL_0099,998,1102
NG25,CVCL_0131,4295,4366
NG25,CVCL_0152,4240,4678
NG25,CVCL_0179,2311,2375
NG25,CVCL_0218,2330,2515
NG25,CVCL_0292,1829,2129
NG25,CVCL_0293,5271,5682
NG25,CVCL_0320,3908,4196
NG25,CVCL_0332,2256,2332
NG25,CVCL_0334,1655,1887
NG25,CVCL_0359,3422,3540
NG25,CVCL_0366,2507,2599
NG25,CVCL_0371,4107,4395
NG25,CVCL_0397,3602,3905
NG25,CVCL_0399,6259,6892
NG25,CVCL_0428,1694,1754
NG25,CVCL_0459,8192,8703
NG25,CVCL_0480,4909,5025
NG25,CVCL_0504,3230,3521
NG25,CVCL_0546,8447,9122
NG25,CVCL_1055,2141,2202
NG25,CVCL_1056,3492,3569
NG25,CVCL_1094,2124,2326
NG25,CVCL_1097,3038,3205
NG25,CVCL_1098,2296,2495
NG25,CVCL_1119,3794,3975
NG25,CVCL_1125,570,612
NG25,CVCL_1239,1208,1280
NG25,CVCL_1285,4771,5074
NG25,CVCL_1381,3102,3269
NG25,CVCL_1478,3719,4100
NG25,CVCL_1495,2500,2606
NG25,CVCL_1517,4680,4776
NG25,CVCL_1531,75,92
NG25,CVCL_1547,2749,2906
NG25,CVCL_1550,4344,4580
NG25,CVCL_1571,25,40
NG25,CVCL_1577,194,214
NG25,CVCL_1635,2766,2890
NG25,CVCL_1666,2203,2355
NG25,CVCL_1693,1607,1850
NG25,CVCL_1715,458,500
NG25,CVCL_1716,387,434
NG25,CVCL_1717,3461,3678
NG25,CVCL_1724,1522,1631
NG25,CVCL_1731,2500,2740
NG25,CVCL_C466,3087,3424
NVP-BHG712,CVCL_0023,4340,4514
NVP-BHG712,CVCL_0028,1052,1180
NVP-BHG712,CVCL_0069,2162,2272
NVP-BHG712,CVCL_0099,1429,1560
NVP-BHG712,CVCL_0131,4505,4556
NVP-BHG712,CVCL_0152,4379,4858
NVP-BHG712,CVCL_0179,2650,2721
NVP-BHG712,CVCL_0218,2814,2978
NVP-BHG712,CVCL_0292,2259,2642
NVP-BHG712,CVCL_0293,5000,5603
NVP-BHG712,CVCL_0320,4086,4278
NVP-BHG712,CVCL_0332,2455,2517
NVP-BHG712,CVCL_0334,1778,1981
NVP-BHG712,CVCL_0359,3565,3641
NVP-BHG712,CVCL_0366,2802,2885
NVP-BHG712,CVCL_0371,4242,4448
NVP-BHG712,CVCL_0397,3449,3794
NVP-BHG712,CVCL_0399,5884,6684
NVP-BHG712,CVCL_0428,2144,2181
NVP-BHG712,CVCL_0459,8619,9095
NVP-BHG712,CVCL_0480,5049,5191
NVP-BHG712,CVCL_0504,4308,4595
NVP-BHG712,CVCL_0546,9549,10271
NVP-BHG712,CVCL_1055,2275,2368
NVP-BHG712,CVCL_1056,3428,3514
NVP-BHG712,CVCL_1094,2652,2820
NVP-BHG712,CVCL_1097,3784,4020
NVP-BHG712,CVCL_1098,2449,2722
NVP-BHG712,CVCL_1119,3808,3968
NVP-BHG712,CVCL_1125,753,841
NVP-BHG712,CVCL_1239,1431,1501
NVP-BHG712,CVCL_1285,4990,5236
NVP-BHG712,CVCL_1381,3476,3587
NVP-BHG712,CVCL_1478,3546,4047
NVP-BHG712,CVCL_1495,2812,2913
NVP-BHG712,CVCL_1517,4466,4576
NVP-BHG712,CVCL_1531,45,61
NVP-BHG712,CVCL_1547,3310,3403
NVP-BHG712,CVCL_1550,4186,4513
NVP-BHG712,CVCL_1571,28,50
NVP-BHG712,CVCL_1577,173,202
NVP-BHG712,CVCL_1635,2974,3102
NVP-BHG712,CVCL_1666,2746,3008
NVP-BHG712,CVCL_1693,2063,2217
NVP-BHG712,CVCL_1715,436,461
NVP-BHG712,CVCL_1716,369,422
NVP-BHG712,CVCL_1717,3450,3674
NVP-BHG712,CVCL_1724,1888,2086
NVP-BHG712,CVCL_1731,2809,2990
NVP-BHG712,CVCL_C466,3326,3648
Nafamostat (mesylate),CVCL_0023,6335,6475
Nafamostat (mesylate),CVCL_0028,1229,1345
Nafamostat (mesylate),CVCL_0069,4018,4112
Nafamostat (mesylate),CVCL_0099,3640,3928
Nafamostat (mesylate),CVCL_0131,4753,4802
Nafamostat (mesylate),CVCL_0152,4168,4488
Nafamostat (mesylate),CVCL_0179,2314,2402
Nafamostat (mesylate),CVCL_0218,2974,3073
Nafamostat (mesylate),CVCL_0292,3938,4257
Nafamostat (mesylate),CVCL_0293,5159,5612
Nafamostat (mesylate),CVCL_0320,4662,4762
Nafamostat (mesylate),CVCL_0332,5199,5278
Nafamostat (mesylate),CVCL_0334,9092,9768
Nafamostat (mesylate),CVCL_0359,6402,6491
Nafamostat (mesylate),CVCL_0366,3794,3892
Nafamostat (mesylate),CVCL_0371,4765,4879
Nafamostat (mesylate),CVCL_0397,4048,4200
Nafamostat (mesylate),CVCL_0399,6372,6715
Nafamostat (mesylate),CVCL_0428,9499,9638
Nafamostat (mesylate),CVCL_0459,15265,15511
Nafamostat (mesylate),CVCL_0480,12894,13039
Nafamostat (mesylate),CVCL_0504,5166,5422
Nafamostat (mesylate),CVCL_0546,14820,15258
Nafamostat (mesylate),CVCL_1055,3334,3401
Nafamostat (mesylate),CVCL_1056,8744,8831
Nafamostat (mesylate),CVCL_1094,3760,3982
Nafamostat (mesylate),CVCL_1097,4556,4751
Nafamostat (mesylate),CVCL_1098,1796,1912
Nafamostat (mesylate),CVCL_1119,6450,6614
Nafamostat (mesylate),CVCL_1125,1455,1536
Nafamostat (mesylate),CVCL_1239,3132,3180
Nafamostat (mesylate),CVCL_1285,9815,9965
Nafamostat (mesylate),CVCL_1381,5814,5910
Nafamostat (mesylate),CVCL_1478,4262,4759
Nafamostat (mesylate),CVCL_1495,5153,5220
Nafamostat (mesylate),CVCL_1517,3223,3316
Nafamostat (mesylate),CVCL_1531,74,103
Nafamostat (mesylate),CVCL_1547,4277,4361
Nafamostat (mesylate),CVCL_1550,4976,5220
Nafamostat (mesylate),CVCL_1571,64,89
Nafamostat (mesylate),CVCL_1577,344,377
Nafamostat (mesylate),CVCL_1635,4271,4332
Nafamostat (mesylate),CVCL_1666,4082,4213
Nafamostat (mesylate),CVCL_1693,7173,7491
Nafamostat (mesylate),CVCL_1715,178,202
Nafamostat (mesylate),CVCL_1716,497,526
Nafamostat (mesylate),CVCL_1717,3976,4182
Nafamostat (mesylate),CVCL_1724,1861,1980
Nafamostat (mesylate),CVCL_1731,4610,4714
Nafamostat (mesylate),CVCL_C466,3837,3993
Naproxen,CVCL_0023,11857,12425
Naproxen,CVCL_0028,2206,2538
Naproxen,CVCL_0069,8728,9139
Naproxen,CVCL_0099,7489,8627
Naproxen,CVCL_0131,9283,9505
Naproxen,CVCL_0152,8738,9717
Naproxen,CVCL_0179,5778,6062
Naproxen,CVCL_0218,6784,7204
Naproxen,CVCL_0292,7965,9006
Naproxen,CVCL_0293,10269,11430
Naproxen,CVCL_0320,10277,10629
Naproxen,CVCL_0332,9363,9598
Naproxen,CVCL_0334,18627,20359
Naproxen,CVCL_0359,11324,11599
Naproxen,CVCL_0366,6797,7001
Naproxen,CVCL_0371,10877,11364
Naproxen,CVCL_0397,8581,9131
Naproxen,CVCL_0399,13520,14614
Naproxen,CVCL_0428,18406,18900
Naproxen,CVCL_0459,29132,30415
Naproxen,CVCL_0480,25009,25394
Naproxen,CVCL_0504,10034,11292
Naproxen,CVCL_0546,31258,33278
Naproxen,CVCL_1055,7747,7958
Naproxen,CVCL_1056,14749,14967
Naproxen,CVCL_1094,7039,7950
Naproxen,CVCL_1097,8249,8914
Naproxen,CVCL_1098,3774,4187
Naproxen,CVCL_1119,13959,14584
Naproxen,CVCL_1125,3310,3673
Naproxen,CVCL_1239,5851,6043
Naproxen,CVCL_1285,17206,17843
Naproxen,CVCL_1381,11840,12229
Naproxen,CVCL_1478,9337,10526
Naproxen,CVCL_1495,10439,10704
Naproxen,CVCL_1517,6153,6335
Naproxen,CVCL_1531,111,184
Naproxen,CVCL_1547,8523,8842
Naproxen,CVCL_1550,11316,11871
Naproxen,CVCL_1571,105,182
Naproxen,CVCL_1577,766,821
Naproxen,CVCL_1635,9262,9569
Naproxen,CVCL_1666,7971,8556
Naproxen,CVCL_1693,14935,16346
Naproxen,CVCL_1715,329,380
Naproxen,CVCL_1716,953,1039
Naproxen,CVCL_1717,8992,9677
Naproxen,CVCL_1724,4156,4565
Naproxen,CVCL_1731,8793,9161
Naproxen,CVCL_C466,6233,6703
Neratinib,CVCL_0023,5284,5446
Neratinib,CVCL_0028,1140,1311
Neratinib,CVCL_0069,3822,3929
Neratinib,CVCL_0099,3310,3700
Neratinib,CVCL_0131,4439,4496
Neratinib,CVCL_0152,4164,4537
Neratinib,CVCL_0179,2106,2237
Neratinib,CVCL_0218,3077,3207
Neratinib,CVCL_0292,3494,4050
Neratinib,CVCL_0293,4202,4693
Neratinib,CVCL_0320,4463,4582
Neratinib,CVCL_0332,4440,4524
Neratinib,CVCL_0334,8848,9502
Neratinib,CVCL_0359,5021,5108
Neratinib,CVCL_0366,3028,3106
Neratinib,CVCL_0371,4997,5178
Neratinib,CVCL_0397,4081,4296
Neratinib,CVCL_0399,5870,6309
Neratinib,CVCL_0428,8634,8780
Neratinib,CVCL_0459,14548,14922
Neratinib,CVCL_0480,11303,11441
Neratinib,CVCL_0504,4768,5229
Neratinib,CVCL_0546,14957,15679
Neratinib,CVCL_1055,3106,3186
Neratinib,CVCL_1056,6174,6240
Neratinib,CVCL_1094,2782,3201
Neratinib,CVCL_1097,4172,4414
Neratinib,CVCL_1098,1697,1882
Neratinib,CVCL_1119,6039,6217
Neratinib,CVCL_1125,1544,1676
Neratinib,CVCL_1239,2585,2655
Neratinib,CVCL_1285,7777,7956
Neratinib,CVCL_1381,5083,5224
Neratinib,CVCL_1478,3772,4334
Neratinib,CVCL_1495,4775,4858
Neratinib,CVCL_1517,2668,2737
Neratinib,CVCL_1531,58,76
Neratinib,CVCL_1547,3537,3635
Neratinib,CVCL_1550,4640,4881
Neratinib,CVCL_1571,48,69
Neratinib,CVCL_1577,332,365
Neratinib,CVCL_1635,3802,3899
Neratinib,CVCL_1666,3701,3916
Neratinib,CVCL_1693,7187,7750
Neratinib,CVCL_1715,230,255
Neratinib,CVCL_1716,409,438
Neratinib,CVCL_1717,3948,4234
Neratinib,CVCL_1724,2086,2272
Neratinib,CVCL_1731,3930,4042
Neratinib,CVCL_C466,2602,2773
Neratinib (maleate),CVCL_0023,9507,9976
Neratinib (maleate),CVCL_0028,2718,3051
Neratinib (maleate),CVCL_0069,4326,4545
Neratinib (maleate),CVCL_0099,2657,2943
Neratinib (maleate),CVCL_0131,10339,10508
Neratinib (maleate),CVCL_0152,8928,9804
Neratinib (maleate),CVCL_0179,3822,4035
Neratinib (maleate),CVCL_0218,4209,4478
Neratinib (maleate),CVCL_0292,3970,4712
Neratinib (maleate),CVCL_0293,8979,9727
Neratinib (maleate),CVCL_0320,6577,6879
Neratinib (maleate),CVCL_0332,5419,5583
Neratinib (maleate),CVCL_0334,3617,4016
Neratinib (maleate),CVCL_0359,9238,9482
Neratinib (maleate),CVCL_0366,6342,6525
Neratinib (maleate),CVCL_0371,7411,7842
Neratinib (maleate),CVCL_0397,5037,5391
Neratinib (maleate),CVCL_0399,10740,11712
Neratinib (maleate),CVCL_0428,4589,4758
Neratinib (maleate),CVCL_0459,16536,17347
Neratinib (maleate),CVCL_0480,11244,11456
Neratinib (maleate),CVCL_0504,7840,8602
Neratinib (maleate),CVCL_0546,18372,19726
Neratinib (maleate),CVCL_1055,6435,6526
Neratinib (maleate),CVCL_1056,8670,8807
Neratinib (maleate),CVCL_1094,4958,5323
Neratinib (maleate),CVCL_1097,7091,7523
Neratinib (maleate),CVCL_1098,6765,7325
Neratinib (maleate),CVCL_1119,6772,7045
Neratinib (maleate),CVCL_1125,1171,1312
Neratinib (maleate),CVCL_1239,2637,2800
Neratinib (maleate),CVCL_1285,10848,11432
Neratinib (maleate),CVCL_1381,7013,7360
Neratinib (maleate),CVCL_1478,6220,6869
Neratinib (maleate),CVCL_1495,5236,5442
Neratinib (maleate),CVCL_1517,7759,7911
Neratinib (maleate),CVCL_1531,96,150
Neratinib (maleate),CVCL_1547,7077,7387
Neratinib (maleate),CVCL_1550,7585,7910
Neratinib (maleate),CVCL_1571,59,113
Neratinib (maleate),CVCL_1577,460,504
Neratinib (maleate),CVCL_1635,4751,4984
Neratinib (maleate),CVCL_1666,4480,4908
Neratinib (maleate),CVCL_1693,4580,5017
Neratinib (maleate),CVCL_1715,498,567
Neratinib (maleate),CVCL_1716,730,823
Neratinib (maleate),CVCL_1717,6602,6917
Neratinib (maleate),CVCL_1724,3915,4187
Neratinib (maleate),CVCL_1731,5428,5796
Neratinib (maleate),CVCL_C466,5119,5601
Nevirapine,CVCL_0023,4853,5019
Nevirapine,CVCL_0028,1018,1160
Nevirapine,CVCL_0069,3646,3788
Nevirapine,CVCL_0099,3393,3795
Nevirapine,CVCL_0131,3637,3699
Nevirapine,CVCL_0152,3564,3962
Nevirapine,CVCL_0179,2448,2545
Nevirapine,CVCL_0218,3163,3294
Nevirapine,CVCL_0292,3573,4016
Nevirapine,CVCL_0293,4020,4528
Nevirapine,CVCL_0320,4273,4395
Nevirapine,CVCL_0332,3801,3881
Nevirapine,CVCL_0334,7610,8177
Nevirapine,CVCL_0359,4858,4948
Nevirapine,CVCL_0366,2490,2568
Nevirapine,CVCL_0371,4415,4572
Nevirapine,CVCL_0397,3539,3719
Nevirapine,CVCL_0399,5735,6141
Nevirapine,CVCL_0428,7699,7850
Nevirapine,CVCL_0459,12197,12626
Nevirapine,CVCL_0480,9806,9939
Nevirapine,CVCL_0504,4513,4895
Nevirapine,CVCL_0546,13375,14014
Nevirapine,CVCL_1055,3325,3414
Nevirapine,CVCL_1056,5488,5581
Nevirapine,CVCL_1094,3126,3499
Nevirapine,CVCL_1097,3383,3597
Nevirapine,CVCL_1098,1600,1776
Nevirapine,CVCL_1119,6252,6468
Nevirapine,CVCL_1125,1492,1624
Nevirapine,CVCL_1239,2469,2528
Nevirapine,CVCL_1285,6834,7051
Nevirapine,CVCL_1381,4937,5083
Nevirapine,CVCL_1478,3882,4502
Nevirapine,CVCL_1495,4585,4663
Nevirapine,CVCL_1517,2519,2603
Nevirapine,CVCL_1531,61,84
Nevirapine,CVCL_1547,3359,3478
Nevirapine,CVCL_1550,4861,5091
Nevirapine,CVCL_1571,44,76
Nevirapine,CVCL_1577,310,340
Nevirapine,CVCL_1635,4041,4128
Nevirapine,CVCL_1666,3393,3573
Nevirapine,CVCL_1693,6846,7332
Nevirapine,CVCL_1715,154,181
Nevirapine,CVCL_1716,368,399
Nevirapine,CVCL_1717,3704,3986
Nevirapine,CVCL_1724,1700,1881
Nevirapine,CVCL_1731,3409,3549
Nevirapine,CVCL_C466,2733,2873
Niclosamide (olamine),CVCL_0023,5581,5790
Niclosamide (olamine),CVCL_0028,1468,1697
Niclosamide (olamine),CVCL_0069,4085,4252
Niclosamide (olamine),CVCL_0099,3568,4022
Niclosamide (olamine),CVCL_0131,4630,4719
Niclosamide (olamine),CVCL_0152,4619,5098
Niclosamide (olamine),CVCL_0179,2145,2283
Niclosamide (olamine),CVCL_0218,3580,3745
Niclosamide (olamine),CVCL_0292,3887,4381
Niclosamide (olamine),CVCL_0293,4897,5472
Niclosamide (olamine),CVCL_0320,5364,5542
Niclosamide (olamine),CVCL_0332,4820,4937
Niclosamide (olamine),CVCL_0334,9731,10465
Niclosamide (olamine),CVCL_0359,5887,5990
Niclosamide (olamine),CVCL_0366,3232,3339
Niclosamide (olamine),CVCL_0371,5104,5269
Niclosamide (olamine),CVCL_0397,4573,4796
Niclosamide (olamine),CVCL_0399,6534,7078
Niclosamide (olamine),CVCL_0428,8485,8667
Niclosamide (olamine),CVCL_0459,15662,16128
Niclosamide (olamine),CVCL_0480,12014,12176
Niclosamide (olamine),CVCL_0504,5214,5660
Niclosamide (olamine),CVCL_0546,16173,16968
Niclosamide (olamine),CVCL_1055,3268,3345
Niclosamide (olamine),CVCL_1056,7488,7588
Niclosamide (olamine),CVCL_1094,3494,3884
Niclosamide (olamine),CVCL_1097,4472,4770
Niclosamide (olamine),CVCL_1098,1932,2135
Niclosamide (olamine),CVCL_1119,7276,7504
Niclosamide (olamine),CVCL_1125,1577,1743
Niclosamide (olamine),CVCL_1239,2972,3074
Niclosamide (olamine),CVCL_1285,8686,8940
Niclosamide (olamine),CVCL_1381,6074,6300
Niclosamide (olamine),CVCL_1478,4655,5298
Niclosamide (olamine),CVCL_1495,5169,5276
Niclosamide (olamine),CVCL_1517,3183,3265
Niclosamide (olamine),CVCL_1531,49,79
Niclosamide (olamine),CVCL_1547,3852,3984
Niclosamide (olamine),CVCL_1550,5478,5742
Niclosamide (olamine),CVCL_1571,35,68
Niclosamide (olamine),CVCL_1577,379,420
Niclosamide (olamine),CVCL_1635,4616,4766
Niclosamide (olamine),CVCL_1666,3966,4196
Niclosamide (olamine),CVCL_1693,8226,8924
Niclosamide (olamine),CVCL_1715,179,204
Niclosamide (olamine),CVCL_1716,478,521
Niclosamide (olamine),CVCL_1717,4678,4970
Niclosamide (olamine),CVCL_1724,2150,2377
Niclosamide (olamine),CVCL_1731,4657,4831
Niclosamide (olamine),CVCL_C466,3520,3766
Nimesulide,CVCL_0023,4315,4559
Nimesulide,CVCL_0028,912,1060
Nimesulide,CVCL_0069,3319,3479
Nimesulide,CVCL_0099,2821,3224
Nimesulide,CVCL_0131,3380,3479
Nimesulide,CVCL_0152,3132,3463
Nimesulide,CVCL_0179,2028,2136
Nimesulide,CVCL_0218,2411,2556
Nimesulide,CVCL_0292,2880,3237
Nimesulide,CVCL_0293,3319,3716
Nimesulide,CVCL_0320,3883,4035
Nimesulide,CVCL_0332,3290,3399
Nimesulide,CVCL_0334,6512,7162
Nimesulide,CVCL_0359,4466,4596
Nimesulide,CVCL_0366,2324,2424
Nimesulide,CVCL_0371,3768,3957
Nimesulide,CVCL_0397,2890,3060
Nimesulide,CVCL_0399,4865,5268
Nimesulide,CVCL_0428,6572,6819
Nimesulide,CVCL_0459,9643,10088
Nimesulide,CVCL_0480,9134,9296
Nimesulide,CVCL_0504,3629,4071
Nimesulide,CVCL_0546,10817,11568
Nimesulide,CVCL_1055,3168,3259
Nimesulide,CVCL_1056,5410,5515
Nimesulide,CVCL_1094,2600,2936
Nimesulide,CVCL_1097,2865,3079
Nimesulide,CVCL_1098,1303,1424
Nimesulide,CVCL_1119,5604,5836
Nimesulide,CVCL_1125,1149,1279
Nimesulide,CVCL_1239,2116,2192
Nimesulide,CVCL_1285,6211,6457
Nimesulide,CVCL_1381,4749,4914
Nimesulide,CVCL_1478,3247,3744
Nimesulide,CVCL_1495,3933,4059
Nimesulide,CVCL_1517,2204,2272
Nimesulide,CVCL_1531,52,68
Nimesulide,CVCL_1547,2891,3045
Nimesulide,CVCL_1550,4332,4550
Nimesulide,CVCL_1571,40,73
Nimesulide,CVCL_1577,309,333
Nimesulide,CVCL_1635,3468,3584
Nimesulide,CVCL_1666,3100,3361
Nimesulide,CVCL_1693,5651,6194
Nimesulide,CVCL_1715,131,159
Nimesulide,CVCL_1716,306,344
Nimesulide,CVCL_1717,3150,3374
Nimesulide,CVCL_1724,1315,1455
Nimesulide,CVCL_1731,3120,3287
Nimesulide,CVCL_C466,2222,2393
Norepinephrine (hydrochloride),CVCL_0023,8571,9202
Norepinephrine (hydrochloride),CVCL_0028,1854,2256
Norepinephrine (hydrochloride),CVCL_0069,4704,5033
Norepinephrine (hydrochloride),CVCL_0099,2243,2659
Norepinephrine (hydrochloride),CVCL_0131,9274,9457
Norepinephrine (hydrochloride),CVCL_0152,7278,8567
Norepinephrine (hydrochloride),CVCL_0179,4573,4774
Norepinephrine (hydrochloride),CVCL_0218,4311,4790
Norepinephrine (hydrochloride),CVCL_0292,2890,3674
Norepinephrine (hydrochloride),CVCL_0293,8873,9777
Norepinephrine (hydrochloride),CVCL_0320,6882,7287
Norepinephrine (hydrochloride),CVCL_0332,4843,5026
Norepinephrine (hydrochloride),CVCL_0334,3220,3825
Norepinephrine (hydrochloride),CVCL_0359,7979,8264
Norepinephrine (hydrochloride),CVCL_0366,5933,6110
Norepinephrine (hydrochloride),CVCL_0371,6990,7515
Norepinephrine (hydrochloride),CVCL_0397,4930,5418
Norepinephrine (hydrochloride),CVCL_0399,9233,10534
Norepinephrine (hydrochloride),CVCL_0428,3939,4114
Norepinephrine (hydrochloride),CVCL_0459,13951,15279
Norepinephrine (hydrochloride),CVCL_0480,10543,10851
Norepinephrine (hydrochloride),CVCL_0504,6803,7878
Norepinephrine (hydrochloride),CVCL_0546,15864,17822
Norepinephrine (hydrochloride),CVCL_1055,4979,5088
Norepinephrine (hydrochloride),CVCL_1056,8401,8562
Norepinephrine (hydrochloride),CVCL_1094,4295,4765
Norepinephrine (hydrochloride),CVCL_1097,6285,6928
Norepinephrine (hydrochloride),CVCL_1098,4863,5556
Norepinephrine (hydrochloride),CVCL_1119,6303,6660
Norepinephrine (hydrochloride),CVCL_1125,1135,1354
Norepinephrine (hydrochloride),CVCL_1239,2465,2650
Norepinephrine (hydrochloride),CVCL_1285,9813,10550
Norepinephrine (hydrochloride),CVCL_1381,6683,7051
Norepinephrine (hydrochloride),CVCL_1478,6648,7422
Norepinephrine (hydrochloride),CVCL_1495,5227,5534
Norepinephrine (hydrochloride),CVCL_1517,8336,8508
Norepinephrine (hydrochloride),CVCL_1531,102,158
Norepinephrine (hydrochloride),CVCL_1547,6492,6826
Norepinephrine (hydrochloride),CVCL_1550,7145,7430
Norepinephrine (hydrochloride),CVCL_1571,49,95
Norepinephrine (hydrochloride),CVCL_1577,412,455
Norepinephrine (hydrochloride),CVCL_1635,4824,5122
Norepinephrine (hydrochloride),CVCL_1666,4016,4689
Norepinephrine (hydrochloride),CVCL_1693,3444,4041
Norepinephrine (hydrochloride),CVCL_1715,638,721
Norepinephrine (hydrochloride),CVCL_1716,618,753
Norepinephrine (hydrochloride),CVCL_1717,6173,6587
Norepinephrine (hydrochloride),CVCL_1724,3162,3555
Norepinephrine (hydrochloride),CVCL_1731,5018,5549
Norepinephrine (hydrochloride),CVCL_C466,4658,5413
OTS514,CVCL_0023,4687,5104
OTS514,CVCL_0028,902,1049
OTS514,CVCL_0069,2382,2620
OTS514,CVCL_0099,1204,1399
OTS514,CVCL_0131,5031,5250
OTS514,CVCL_0152,4202,4902
OTS514,CVCL_0179,2660,2826
OTS514,CVCL_0218,2495,2788
OTS514,CVCL_0292,1865,2395
OTS514,CVCL_0293,5448,6034
OTS514,CVCL_0320,4233,4569
OTS514,CVCL_0332,2644,2772
OTS514,CVCL_0334,1588,1936
OTS514,CVCL_0359,3871,4097
OTS514,CVCL_0366,3022,3159
OTS514,CVCL_0371,4125,4594
OTS514,CVCL_0397,3563,3934
OTS514,CVCL_0399,6312,7181
OTS514,CVCL_0428,1978,2109
OTS514,CVCL_0459,8185,8993
OTS514,CVCL_0480,5223,5409
OTS514,CVCL_0504,3897,4553
OTS514,CVCL_0546,9483,10593
OTS514,CVCL_1055,2716,2779
OTS514,CVCL_1056,4085,4179
OTS514,CVCL_1094,2361,2619
OTS514,CVCL_1097,3544,3923
OTS514,CVCL_1098,2437,2843
OTS514,CVCL_1119,3993,4293
OTS514,CVCL_1125,596,700
OTS514,CVCL_1239,1432,1575
OTS514,CVCL_1285,4970,5445
OTS514,CVCL_1381,3395,3649
OTS514,CVCL_1478,3818,4223
OTS514,CVCL_1495,2920,3143
OTS514,CVCL_1517,5090,5250
OTS514,CVCL_1531,49,82
OTS514,CVCL_1547,3630,3934
OTS514,CVCL_1550,4816,5066
OTS514,CVCL_1571,24,49
OTS514,CVCL_1577,192,215
OTS514,CVCL_1635,3201,3429
OTS514,CVCL_1666,2612,3063
OTS514,CVCL_1693,1810,2097
OTS514,CVCL_1715,317,368
OTS514,CVCL_1716,315,390
OTS514,CVCL_1717,3856,4175
OTS514,CVCL_1724,1784,2041
OTS514,CVCL_1731,2840,3202
OTS514,CVCL_C466,2907,3358
Olanzapine,CVCL_0023,8328,8548
Olanzapine,CVCL_0028,2206,2434
Olanzapine,CVCL_0069,4494,4649
Olanzapine,CVCL_0099,2425,2614
Olanzapine,CVCL_0131,9340,9446
Olanzapine,CVCL_0152,8323,8929
Olanzapine,CVCL_0179,4450,4574
Olanzapine,CVCL_0218,4207,4372
Olanzapine,CVCL_0292,3654,4171
Olanzapine,CVCL_0293,8684,9380
Olanzapine,CVCL_0320,6765,6972
Olanzapine,CVCL_0332,4655,4772
Olanzapine,CVCL_0334,3495,3816
Olanzapine,CVCL_0359,8225,8360
Olanzapine,CVCL_0366,5765,5897
Olanzapine,CVCL_0371,6742,7014
Olanzapine,CVCL_0397,5131,5447
Olanzapine,CVCL_0399,9815,10622
Olanzapine,CVCL_0428,3848,3932
Olanzapine,CVCL_0459,14245,14715
Olanzapine,CVCL_0480,10236,10432
Olanzapine,CVCL_0504,7228,7643
Olanzapine,CVCL_0546,16364,17143
Olanzapine,CVCL_1055,4772,4877
Olanzapine,CVCL_1056,8067,8198
Olanzapine,CVCL_1094,4272,4422
Olanzapine,CVCL_1097,6521,6812
Olanzapine,CVCL_1098,5077,5462
Olanzapine,CVCL_1119,6229,6428
Olanzapine,CVCL_1125,1169,1271
Olanzapine,CVCL_1239,2445,2517
Olanzapine,CVCL_1285,10117,10449
Olanzapine,CVCL_1381,6551,6724
Olanzapine,CVCL_1478,6600,7179
Olanzapine,CVCL_1495,5067,5202
Olanzapine,CVCL_1517,7855,8004
Olanzapine,CVCL_1531,127,159
Olanzapine,CVCL_1547,5865,6018
Olanzapine,CVCL_1550,6877,7211
Olanzapine,CVCL_1571,68,100
Olanzapine,CVCL_1577,425,460
Olanzapine,CVCL_1635,4835,4986
Olanzapine,CVCL_1666,4584,4876
Olanzapine,CVCL_1693,3898,4175
Olanzapine,CVCL_1715,629,676
Olanzapine,CVCL_1716,610,676
Olanzapine,CVCL_1717,6038,6302
Olanzapine,CVCL_1724,2950,3149
Olanzapine,CVCL_1731,4735,4961
Olanzapine,CVCL_C466,5691,6073
Oleic acid,CVCL_0023,5746,5900
Oleic acid,CVCL_0028,1504,1679
Oleic acid,CVCL_0069,2883,3021
Oleic acid,CVCL_0099,1840,1973
Oleic acid,CVCL_0131,5800,5873
Oleic acid,CVCL_0152,5991,6512
Oleic acid,CVCL_0179,3330,3422
Oleic acid,CVCL_0218,3588,3740
Oleic acid,CVCL_0292,3263,3591
Oleic acid,CVCL_0293,6746,7296
Oleic acid,CVCL_0320,5240,5514
Oleic acid,CVCL_0332,3096,3191
Oleic acid,CVCL_0334,2451,2631
Oleic acid,CVCL_0359,5004,5103
Oleic acid,CVCL_0366,3562,3683
Oleic acid,CVCL_0371,5150,5388
Oleic acid,CVCL_0397,4646,4926
Oleic acid,CVCL_0399,7998,8653
Oleic acid,CVCL_0428,2366,2415
Oleic acid,CVCL_0459,11801,12169
Oleic acid,CVCL_0480,6498,6697
Oleic acid,CVCL_0504,5147,5455
Oleic acid,CVCL_0546,12420,13026
Oleic acid,CVCL_1055,2962,3065
Oleic acid,CVCL_1056,4623,4752
Oleic acid,CVCL_1094,3141,3302
Oleic acid,CVCL_1097,5227,5432
Oleic acid,CVCL_1098,3732,3999
Oleic acid,CVCL_1119,4522,4657
Oleic acid,CVCL_1125,996,1080
Oleic acid,CVCL_1239,2059,2131
Oleic acid,CVCL_1285,6605,6821
Oleic acid,CVCL_1381,4408,4571
Oleic acid,CVCL_1478,4652,5093
Oleic acid,CVCL_1495,3546,3650
Oleic acid,CVCL_1517,5714,5890
Oleic acid,CVCL_1531,68,113
Oleic acid,CVCL_1547,4122,4244
Oleic acid,CVCL_1550,4804,5183
Oleic acid,CVCL_1571,37,73
Oleic acid,CVCL_1577,260,294
Oleic acid,CVCL_1635,3571,3671
Oleic acid,CVCL_1666,3516,3722
Oleic acid,CVCL_1693,2801,2948
Oleic acid,CVCL_1715,650,694
Oleic acid,CVCL_1716,515,563
Oleic acid,CVCL_1717,4416,4703
Oleic acid,CVCL_1724,2445,2604
Oleic acid,CVCL_1731,3547,3741
Oleic acid,CVCL_C466,5023,5303
Omeprazole,CVCL_0023,8551,8688
Omeprazole,CVCL_0028,2013,2132
Omeprazole,CVCL_0069,5298,5404
Omeprazole,CVCL_0099,6225,6580
Omeprazole,CVCL_0131,6138,6194
Omeprazole,CVCL_0152,5754,6101
Omeprazole,CVCL_0179,3679,3752
Omeprazole,CVCL_0218,4569,4661
Omeprazole,CVCL_0292,5525,5898
Omeprazole,CVCL_0293,6049,6701
Omeprazole,CVCL_0320,6558,6676
Omeprazole,CVCL_0332,6949,7057
Omeprazole,CVCL_0334,14150,14702
Omeprazole,CVCL_0359,8006,8081
Omeprazole,CVCL_0366,5152,5241
Omeprazole,CVCL_0371,6347,6523
Omeprazole,CVCL_0397,5870,6211
Omeprazole,CVCL_0399,8009,8504
Omeprazole,CVCL_0428,10772,10891
Omeprazole,CVCL_0459,24478,24760
Omeprazole,CVCL_0480,15993,16175
Omeprazole,CVCL_0504,7501,7777
Omeprazole,CVCL_0546,21198,21720
Omeprazole,CVCL_1055,4086,4203
Omeprazole,CVCL_1056,10971,11096
Omeprazole,CVCL_1094,5095,5322
Omeprazole,CVCL_1097,6494,6671
Omeprazole,CVCL_1098,3697,3930
Omeprazole,CVCL_1119,7249,7414
Omeprazole,CVCL_1125,2207,2304
Omeprazole,CVCL_1239,4964,5014
Omeprazole,CVCL_1285,12481,12659
Omeprazole,CVCL_1381,8322,8466
Omeprazole,CVCL_1478,5344,5836
Omeprazole,CVCL_1495,6383,6450
Omeprazole,CVCL_1517,5091,5196
Omeprazole,CVCL_1531,68,84
Omeprazole,CVCL_1547,5828,5927
Omeprazole,CVCL_1550,5917,6264
Omeprazole,CVCL_1571,43,62
Omeprazole,CVCL_1577,430,467
Omeprazole,CVCL_1635,5151,5233
Omeprazole,CVCL_1666,6151,6296
Omeprazole,CVCL_1693,12041,12455
Omeprazole,CVCL_1715,328,344
Omeprazole,CVCL_1716,632,651
Omeprazole,CVCL_1717,5567,5805
Omeprazole,CVCL_1724,2707,2862
Omeprazole,CVCL_1731,6289,6394
Omeprazole,CVCL_C466,6105,6251
Omeprazole (sodium),CVCL_0023,6613,6678
Omeprazole (sodium),CVCL_0028,1403,1472
Omeprazole (sodium),CVCL_0069,4541,4637
Omeprazole (sodium),CVCL_0099,4548,4745
Omeprazole (sodium),CVCL_0131,5303,5339
Omeprazole (sodium),CVCL_0152,5165,5515
Omeprazole (sodium),CVCL_0179,3032,3096
Omeprazole (sodium),CVCL_0218,4234,4286
Omeprazole (sodium),CVCL_0292,4982,5191
Omeprazole (sodium),CVCL_0293,5705,6250
Omeprazole (sodium),CVCL_0320,5830,5928
Omeprazole (sodium),CVCL_0332,5309,5391
Omeprazole (sodium),CVCL_0334,11406,11745
Omeprazole (sodium),CVCL_0359,6152,6202
Omeprazole (sodium),CVCL_0366,3647,3718
Omeprazole (sodium),CVCL_0371,5834,5940
Omeprazole (sodium),CVCL_0397,5080,5358
Omeprazole (sodium),CVCL_0399,7409,7820
Omeprazole (sodium),CVCL_0428,9831,9914
Omeprazole (sodium),CVCL_0459,19004,19159
Omeprazole (sodium),CVCL_0480,13745,13933
Omeprazole (sodium),CVCL_0504,6045,6229
Omeprazole (sodium),CVCL_0546,18520,18821
Omeprazole (sodium),CVCL_1055,3664,3785
Omeprazole (sodium),CVCL_1056,8256,8390
Omeprazole (sodium),CVCL_1094,4215,4352
Omeprazole (sodium),CVCL_1097,5528,5628
Omeprazole (sodium),CVCL_1098,2344,2469
Omeprazole (sodium),CVCL_1119,6868,7006
Omeprazole (sodium),CVCL_1125,1953,2030
Omeprazole (sodium),CVCL_1239,3440,3469
Omeprazole (sodium),CVCL_1285,10349,10483
Omeprazole (sodium),CVCL_1381,6614,6715
Omeprazole (sodium),CVCL_1478,5000,5676
Omeprazole (sodium),CVCL_1495,5696,5757
Omeprazole (sodium),CVCL_1517,3617,3716
Omeprazole (sodium),CVCL_1531,83,101
Omeprazole (sodium),CVCL_1547,4488,4558
Omeprazole (sodium),CVCL_1550,5479,5853
Omeprazole (sodium),CVCL_1571,46,64
Omeprazole (sodium),CVCL_1577,362,400
Omeprazole (sodium),CVCL_1635,4715,4785
Omeprazole (sodium),CVCL_1666,5008,5099
Omeprazole (sodium),CVCL_1693,8632,8894
Omeprazole (sodium),CVCL_1715,211,226
Omeprazole (sodium),CVCL_1716,510,523
Omeprazole (sodium),CVCL_1717,4940,5151
Omeprazole (sodium),CVCL_1724,2464,2569
Omeprazole (sodium),CVCL_1731,4997,5073
Omeprazole (sodium),CVCL_C466,4289,4350
Orlistat,CVCL_0023,4151,4384
Orlistat,CVCL_0028,822,984
Orlistat,CVCL_0069,3162,3322
Orlistat,CVCL_0099,2804,3261
Orlistat,CVCL_0131,3262,3346
Orlistat,CVCL_0152,3148,3561
Orlistat,CVCL_0179,2217,2358
Orlistat,CVCL_0218,2627,2798
Orlistat,CVCL_0292,2862,3322
Orlistat,CVCL_0293,3502,3962
Orlistat,CVCL_0320,3587,3733
Orlistat,CVCL_0332,3155,3243
Orlistat,CVCL_0334,6542,7245
Orlistat,CVCL_0359,4096,4215
Orlistat,CVCL_0366,2195,2272
Orlistat,CVCL_0371,4043,4249
Orlistat,CVCL_0397,3072,3286
Orlistat,CVCL_0399,4863,5282
Orlistat,CVCL_0428,7102,7268
Orlistat,CVCL_0459,10528,10935
Orlistat,CVCL_0480,9110,9255
Orlistat,CVCL_0504,3868,4418
Orlistat,CVCL_0546,11654,12528
Orlistat,CVCL_1055,3064,3166
Orlistat,CVCL_1056,4981,5065
Orlistat,CVCL_1094,2645,3075
Orlistat,CVCL_1097,2891,3134
Orlistat,CVCL_1098,1316,1483
Orlistat,CVCL_1119,5274,5529
Orlistat,CVCL_1125,1165,1308
Orlistat,CVCL_1239,1870,1935
Orlistat,CVCL_1285,5904,6111
Orlistat,CVCL_1381,4209,4341
Orlistat,CVCL_1478,3621,4225
Orlistat,CVCL_1495,3740,3855
Orlistat,CVCL_1517,2210,2294
Orlistat,CVCL_1531,58,85
Orlistat,CVCL_1547,2993,3124
Orlistat,CVCL_1550,4191,4448
Orlistat,CVCL_1571,42,70
Orlistat,CVCL_1577,314,347
Orlistat,CVCL_1635,3255,3367
Orlistat,CVCL_1666,2823,3037
Orlistat,CVCL_1693,5679,6333
Orlistat,CVCL_1715,165,186
Orlistat,CVCL_1716,349,377
Orlistat,CVCL_1717,3304,3570
Orlistat,CVCL_1724,1478,1659
Orlistat,CVCL_1731,2950,3098
Orlistat,CVCL_C466,2029,2215
Ornidazole,CVCL_0023,7363,7511
Ornidazole,CVCL_0028,1573,1735
Ornidazole,CVCL_0069,5883,6002
Ornidazole,CVCL_0099,5401,5755
Ornidazole,CVCL_0131,6047,6121
Ornidazole,CVCL_0152,5587,5931
Ornidazole,CVCL_0179,3281,3346
Ornidazole,CVCL_0218,4380,4468
Ornidazole,CVCL_0292,5319,5608
Ornidazole,CVCL_0293,6671,7285
Ornidazole,CVCL_0320,6210,6343
Ornidazole,CVCL_0332,5572,5667
Ornidazole,CVCL_0334,10932,11389
Ornidazole,CVCL_0359,6302,6408
Ornidazole,CVCL_0366,3630,3714
Ornidazole,CVCL_0371,6342,6506
Ornidazole,CVCL_0397,5142,5349
Ornidazole,CVCL_0399,8164,8574
Ornidazole,CVCL_0428,8267,8479
Ornidazole,CVCL_0459,17775,18132
Ornidazole,CVCL_0480,13730,13897
Ornidazole,CVCL_0504,6348,6652
Ornidazole,CVCL_0546,20233,20737
Ornidazole,CVCL_1055,4624,4718
Ornidazole,CVCL_1056,8758,8853
Ornidazole,CVCL_1094,4910,5153
Ornidazole,CVCL_1097,5664,5817
Ornidazole,CVCL_1098,2806,3011
Ornidazole,CVCL_1119,7818,8020
Ornidazole,CVCL_1125,2214,2321
Ornidazole,CVCL_1239,3618,3676
Ornidazole,CVCL_1285,9538,9712
Ornidazole,CVCL_1381,6874,6983
Ornidazole,CVCL_1478,5603,6073
Ornidazole,CVCL_1495,5754,5836
Ornidazole,CVCL_1517,3817,3906
Ornidazole,CVCL_1531,53,74
Ornidazole,CVCL_1547,4832,4957
Ornidazole,CVCL_1550,6067,6347
Ornidazole,CVCL_1571,59,77
Ornidazole,CVCL_1577,397,429
Ornidazole,CVCL_1635,5337,5431
Ornidazole,CVCL_1666,5252,5414
Ornidazole,CVCL_1693,10981,11492
Ornidazole,CVCL_1715,228,248
Ornidazole,CVCL_1716,570,591
Ornidazole,CVCL_1717,5396,5641
Ornidazole,CVCL_1724,2807,2958
Ornidazole,CVCL_1731,5669,5794
Ornidazole,CVCL_C466,4162,4288
Osimertinib (mesylate),CVCL_0023,5260,5378
Osimertinib (mesylate),CVCL_0028,964,1064
Osimertinib (mesylate),CVCL_0069,3786,3890
Osimertinib (mesylate),CVCL_0099,3368,3614
Osimertinib (mesylate),CVCL_0131,4177,4214
Osimertinib (mesylate),CVCL_0152,4026,4353
Osimertinib (mesylate),CVCL_0179,2078,2159
Osimertinib (mesylate),CVCL_0218,3239,3317
Osimertinib (mesylate),CVCL_0292,3401,3689
Osimertinib (mesylate),CVCL_0293,4304,4771
Osimertinib (mesylate),CVCL_0320,4670,4761
Osimertinib (mesylate),CVCL_0332,4306,4384
Osimertinib (mesylate),CVCL_0334,8689,9247
Osimertinib (mesylate),CVCL_0359,4906,4957
Osimertinib (mesylate),CVCL_0366,2894,2944
Osimertinib (mesylate),CVCL_0371,4964,5095
Osimertinib (mesylate),CVCL_0397,3979,4154
Osimertinib (mesylate),CVCL_0399,5823,6155
Osimertinib (mesylate),CVCL_0428,8024,8124
Osimertinib (mesylate),CVCL_0459,14420,14672
Osimertinib (mesylate),CVCL_0480,11719,11862
Osimertinib (mesylate),CVCL_0504,4680,4895
Osimertinib (mesylate),CVCL_0546,14227,14648
Osimertinib (mesylate),CVCL_1055,2906,2971
Osimertinib (mesylate),CVCL_1056,6851,6945
Osimertinib (mesylate),CVCL_1094,2797,3025
Osimertinib (mesylate),CVCL_1097,4320,4473
Osimertinib (mesylate),CVCL_1098,1668,1777
Osimertinib (mesylate),CVCL_1119,5633,5776
Osimertinib (mesylate),CVCL_1125,1393,1481
Osimertinib (mesylate),CVCL_1239,2712,2749
Osimertinib (mesylate),CVCL_1285,7712,7845
Osimertinib (mesylate),CVCL_1381,5078,5171
Osimertinib (mesylate),CVCL_1478,4158,4817
Osimertinib (mesylate),CVCL_1495,4492,4545
Osimertinib (mesylate),CVCL_1517,2915,2995
Osimertinib (mesylate),CVCL_1531,42,58
Osimertinib (mesylate),CVCL_1547,3551,3629
Osimertinib (mesylate),CVCL_1550,4649,4918
Osimertinib (mesylate),CVCL_1571,40,49
Osimertinib (mesylate),CVCL_1577,317,347
Osimertinib (mesylate),CVCL_1635,3936,3999
Osimertinib (mesylate),CVCL_1666,3907,4042
Osimertinib (mesylate),CVCL_1693,6553,6886
Osimertinib (mesylate),CVCL_1715,207,226
Osimertinib (mesylate),CVCL_1716,443,457
Osimertinib (mesylate),CVCL_1717,3964,4207
Osimertinib (mesylate),CVCL_1724,1952,2093
Osimertinib (mesylate),CVCL_1731,4054,4151
Osimertinib (mesylate),CVCL_C466,3132,3249
Ouabain (Octahydrate),CVCL_0023,6194,6276
Ouabain (Octahydrate),CVCL_0028,1985,2069
Ouabain (Octahydrate),CVCL_0069,4769,4909
Ouabain (Octahydrate),CVCL_0099,2941,3093
Ouabain (Octahydrate),CVCL_0131,4784,4821
Ouabain (Octahydrate),CVCL_0152,5894,6308
Ouabain (Octahydrate),CVCL_0179,3740,3809
Ouabain (Octahydrate),CVCL_0218,3768,3822
Ouabain (Octahydrate),CVCL_0292,4312,4557
Ouabain (Octahydrate),CVCL_0293,7746,8405
Ouabain (Octahydrate),CVCL_0320,5942,6089
Ouabain (Octahydrate),CVCL_0332,5327,5451
Ouabain (Octahydrate),CVCL_0334,10760,11177
Ouabain (Octahydrate),CVCL_0359,6108,6201
Ouabain (Octahydrate),CVCL_0366,4201,4294
Ouabain (Octahydrate),CVCL_0371,4520,4703
Ouabain (Octahydrate),CVCL_0397,5599,5865
Ouabain (Octahydrate),CVCL_0399,7845,8307
Ouabain (Octahydrate),CVCL_0428,9737,9871
Ouabain (Octahydrate),CVCL_0459,13541,13936
Ouabain (Octahydrate),CVCL_0480,13341,13599
Ouabain (Octahydrate),CVCL_0504,5116,5286
Ouabain (Octahydrate),CVCL_0546,15362,15719
Ouabain (Octahydrate),CVCL_1055,3471,3567
Ouabain (Octahydrate),CVCL_1056,9430,9629
Ouabain (Octahydrate),CVCL_1094,3863,4107
Ouabain (Octahydrate),CVCL_1097,6202,6287
Ouabain (Octahydrate),CVCL_1098,4193,4444
Ouabain (Octahydrate),CVCL_1119,7134,7310
Ouabain (Octahydrate),CVCL_1125,2232,2351
Ouabain (Octahydrate),CVCL_1239,2456,2520
Ouabain (Octahydrate),CVCL_1285,9450,9588
Ouabain (Octahydrate),CVCL_1381,4118,4238
Ouabain (Octahydrate),CVCL_1478,3993,4774
Ouabain (Octahydrate),CVCL_1495,4895,4976
Ouabain (Octahydrate),CVCL_1517,3479,3586
Ouabain (Octahydrate),CVCL_1531,65,79
Ouabain (Octahydrate),CVCL_1547,3165,3246
Ouabain (Octahydrate),CVCL_1550,5881,6252
Ouabain (Octahydrate),CVCL_1571,43,65
Ouabain (Octahydrate),CVCL_1577,417,461
Ouabain (Octahydrate),CVCL_1635,5449,5536
Ouabain (Octahydrate),CVCL_1666,3858,3950
Ouabain (Octahydrate),CVCL_1693,8133,8449
Ouabain (Octahydrate),CVCL_1715,278,297
Ouabain (Octahydrate),CVCL_1716,530,551
Ouabain (Octahydrate),CVCL_1717,5551,5813
Ouabain (Octahydrate),CVCL_1724,2566,2740
Ouabain (Octahydrate),CVCL_1731,3708,3832
Ouabain (Octahydrate),CVCL_C466,5320,5436
Oxaliplatin,CVCL_0023,7576,7767
Oxaliplatin,CVCL_0028,1557,1653
Oxaliplatin,CVCL_0069,3428,3547
Oxaliplatin,CVCL_0099,2075,2207
Oxaliplatin,CVCL_0131,7467,7552
Oxaliplatin,CVCL_0152,7126,7646
Oxaliplatin,CVCL_0179,4145,4254
Oxaliplatin,CVCL_0218,3908,4104
Oxaliplatin,CVCL_0292,3688,4010
Oxaliplatin,CVCL_0293,8519,9183
Oxaliplatin,CVCL_0320,6557,6870
Oxaliplatin,CVCL_0332,3965,4060
Oxaliplatin,CVCL_0334,2943,3221
Oxaliplatin,CVCL_0359,6472,6586
Oxaliplatin,CVCL_0366,4849,4964
Oxaliplatin,CVCL_0371,6311,6615
Oxaliplatin,CVCL_0397,5769,6116
Oxaliplatin,CVCL_0399,10095,10868
Oxaliplatin,CVCL_0428,2917,2964
Oxaliplatin,CVCL_0459,14494,14963
Oxaliplatin,CVCL_0480,8162,8388
Oxaliplatin,CVCL_0504,6155,6482
Oxaliplatin,CVCL_0546,14654,15427
Oxaliplatin,CVCL_1055,3444,3572
Oxaliplatin,CVCL_1056,6574,6720
Oxaliplatin,CVCL_1094,3595,3768
Oxaliplatin,CVCL_1097,6151,6405
Oxaliplatin,CVCL_1098,4696,4917
Oxaliplatin,CVCL_1119,5772,5980
Oxaliplatin,CVCL_1125,1097,1180
Oxaliplatin,CVCL_1239,2421,2501
Oxaliplatin,CVCL_1285,8698,9032
Oxaliplatin,CVCL_1381,5864,6031
Oxaliplatin,CVCL_1478,6189,6752
Oxaliplatin,CVCL_1495,4218,4347
Oxaliplatin,CVCL_1517,7869,8083
Oxaliplatin,CVCL_1531,64,83
Oxaliplatin,CVCL_1547,5221,5373
Oxaliplatin,CVCL_1550,6084,6579
Oxaliplatin,CVCL_1571,41,59
Oxaliplatin,CVCL_1577,296,332
Oxaliplatin,CVCL_1635,4516,4667
Oxaliplatin,CVCL_1666,4261,4526
Oxaliplatin,CVCL_1693,3192,3389
Oxaliplatin,CVCL_1715,670,705
Oxaliplatin,CVCL_1716,658,710
Oxaliplatin,CVCL_1717,5393,5713
Oxaliplatin,CVCL_1724,2920,3066
Oxaliplatin,CVCL_1731,4287,4536
Oxaliplatin,CVCL_C466,5777,6074
Oxaprozin,CVCL_0023,4581,4784
Oxaprozin,CVCL_0028,805,961
Oxaprozin,CVCL_0069,3357,3501
Oxaprozin,CVCL_0099,2658,3055
Oxaprozin,CVCL_0131,3527,3586
Oxaprozin,CVCL_0152,3063,3411
Oxaprozin,CVCL_0179,1667,1779
Oxaprozin,CVCL_0218,2395,2556
Oxaprozin,CVCL_0292,2697,3063
Oxaprozin,CVCL_0293,3792,4226
Oxaprozin,CVCL_0320,3741,3850
Oxaprozin,CVCL_0332,3821,3905
Oxaprozin,CVCL_0334,7552,8243
Oxaprozin,CVCL_0359,4571,4707
Oxaprozin,CVCL_0366,2461,2544
Oxaprozin,CVCL_0371,3750,3901
Oxaprozin,CVCL_0397,3082,3271
Oxaprozin,CVCL_0399,4977,5360
Oxaprozin,CVCL_0428,6812,6982
Oxaprozin,CVCL_0459,11768,12293
Oxaprozin,CVCL_0480,9874,10002
Oxaprozin,CVCL_0504,3709,4148
Oxaprozin,CVCL_0546,11622,12253
Oxaprozin,CVCL_1055,2499,2569
Oxaprozin,CVCL_1056,6309,6374
Oxaprozin,CVCL_1094,2572,2929
Oxaprozin,CVCL_1097,3338,3571
Oxaprozin,CVCL_1098,1273,1444
Oxaprozin,CVCL_1119,4869,5099
Oxaprozin,CVCL_1125,992,1119
Oxaprozin,CVCL_1239,2289,2347
Oxaprozin,CVCL_1285,6675,6846
Oxaprozin,CVCL_1381,4202,4333
Oxaprozin,CVCL_1478,3306,3767
Oxaprozin,CVCL_1495,3861,3946
Oxaprozin,CVCL_1517,2512,2580
Oxaprozin,CVCL_1531,65,93
Oxaprozin,CVCL_1547,3184,3316
Oxaprozin,CVCL_1550,4064,4205
Oxaprozin,CVCL_1571,65,91
Oxaprozin,CVCL_1577,293,325
Oxaprozin,CVCL_1635,3401,3513
Oxaprozin,CVCL_1666,3099,3329
Oxaprozin,CVCL_1693,5119,5634
Oxaprozin,CVCL_1715,159,189
Oxaprozin,CVCL_1716,371,412
Oxaprozin,CVCL_1717,3225,3464
Oxaprozin,CVCL_1724,1454,1641
Oxaprozin,CVCL_1731,3388,3507
Oxaprozin,CVCL_C466,2808,3006
PF-06260933,CVCL_0023,5376,5566
PF-06260933,CVCL_0028,1178,1328
PF-06260933,CVCL_0069,3410,3545
PF-06260933,CVCL_0099,3098,3351
PF-06260933,CVCL_0131,4421,4478
PF-06260933,CVCL_0152,4947,5468
PF-06260933,CVCL_0179,2551,2646
PF-06260933,CVCL_0218,3276,3470
PF-06260933,CVCL_0292,3216,3702
PF-06260933,CVCL_0293,5581,6152
PF-06260933,CVCL_0320,4810,4965
PF-06260933,CVCL_0332,3451,3526
PF-06260933,CVCL_0334,5387,5745
PF-06260933,CVCL_0359,4271,4350
PF-06260933,CVCL_0366,2862,2941
PF-06260933,CVCL_0371,4688,4919
PF-06260933,CVCL_0397,4177,4479
PF-06260933,CVCL_0399,6628,7274
PF-06260933,CVCL_0428,4468,4564
PF-06260933,CVCL_0459,12587,12998
PF-06260933,CVCL_0480,8327,8485
PF-06260933,CVCL_0504,4434,4741
PF-06260933,CVCL_0546,13241,13920
PF-06260933,CVCL_1055,2925,2991
PF-06260933,CVCL_1056,5417,5495
PF-06260933,CVCL_1094,3448,3718
PF-06260933,CVCL_1097,4160,4351
PF-06260933,CVCL_1098,2760,3046
PF-06260933,CVCL_1119,5063,5241
PF-06260933,CVCL_1125,1290,1401
PF-06260933,CVCL_1239,2277,2339
PF-06260933,CVCL_1285,6545,6740
PF-06260933,CVCL_1381,4487,4599
PF-06260933,CVCL_1478,4328,4763
PF-06260933,CVCL_1495,3851,3959
PF-06260933,CVCL_1517,4139,4224
PF-06260933,CVCL_1531,49,71
PF-06260933,CVCL_1547,3581,3703
PF-06260933,CVCL_1550,4663,4912
PF-06260933,CVCL_1571,46,66
PF-06260933,CVCL_1577,253,275
PF-06260933,CVCL_1635,3547,3654
PF-06260933,CVCL_1666,3522,3750
PF-06260933,CVCL_1693,5469,5848
PF-06260933,CVCL_1715,328,355
PF-06260933,CVCL_1716,455,499
PF-06260933,CVCL_1717,3985,4215
PF-06260933,CVCL_1724,2192,2419
PF-06260933,CVCL_1731,3794,3928
PF-06260933,CVCL_C466,3693,3960
PH-797804,CVCL_0023,4919,5536
PH-797804,CVCL_0028,677,829
PH-797804,CVCL_0069,2211,2468
PH-797804,CVCL_0099,1123,1315
PH-797804,CVCL_0131,4830,5031
PH-797804,CVCL_0152,4791,5745
PH-797804,CVCL_0179,2988,3120
PH-797804,CVCL_0218,2914,3330
PH-797804,CVCL_0292,1646,2144
PH-797804,CVCL_0293,5925,6778
PH-797804,CVCL_0320,4101,4474
PH-797804,CVCL_0332,2551,2753
PH-797804,CVCL_0334,1622,2055
PH-797804,CVCL_0359,3258,3542
PH-797804,CVCL_0366,2867,2995
PH-797804,CVCL_0371,4152,4709
PH-797804,CVCL_0397,3731,4209
PH-797804,CVCL_0399,5911,6931
PH-797804,CVCL_0428,1961,2127
PH-797804,CVCL_0459,8486,9464
PH-797804,CVCL_0480,5412,5715
PH-797804,CVCL_0504,3382,4052
PH-797804,CVCL_0546,9750,11180
PH-797804,CVCL_1055,1851,1932
PH-797804,CVCL_1056,4018,4178
PH-797804,CVCL_1094,2206,2592
PH-797804,CVCL_1097,3295,3725
PH-797804,CVCL_1098,2699,3203
PH-797804,CVCL_1119,4165,4524
PH-797804,CVCL_1125,789,976
PH-797804,CVCL_1239,1543,1698
PH-797804,CVCL_1285,4236,4729
PH-797804,CVCL_1381,2826,3102
PH-797804,CVCL_1478,3956,4459
PH-797804,CVCL_1495,3135,3397
PH-797804,CVCL_1517,5521,5766
PH-797804,CVCL_1531,69,113
PH-797804,CVCL_1547,3391,3741
PH-797804,CVCL_1550,4836,5154
PH-797804,CVCL_1571,37,73
PH-797804,CVCL_1577,188,224
PH-797804,CVCL_1635,2841,3161
PH-797804,CVCL_1666,2342,2793
PH-797804,CVCL_1693,1996,2323
PH-797804,CVCL_1715,391,452
PH-797804,CVCL_1716,347,443
PH-797804,CVCL_1717,4007,4415
PH-797804,CVCL_1724,1669,1927
PH-797804,CVCL_1731,2550,2895
PH-797804,CVCL_C466,2820,3238
Paclitaxel,CVCL_0023,9127,9223
Paclitaxel,CVCL_0028,1669,1743
Paclitaxel,CVCL_0069,3512,3590
Paclitaxel,CVCL_0099,2796,2892
Paclitaxel,CVCL_0131,9437,9510
Paclitaxel,CVCL_0152,10759,11203
Paclitaxel,CVCL_0179,5043,5170
Paclitaxel,CVCL_0218,5489,5577
Paclitaxel,CVCL_0292,5648,5994
Paclitaxel,CVCL_0293,12377,12990
Paclitaxel,CVCL_0320,8355,8578
Paclitaxel,CVCL_0332,5346,5457
Paclitaxel,CVCL_0334,4081,4332
Paclitaxel,CVCL_0359,6421,6515
Paclitaxel,CVCL_0366,5606,5736
Paclitaxel,CVCL_0371,8579,8816
Paclitaxel,CVCL_0397,8418,8732
Paclitaxel,CVCL_0399,13336,14065
Paclitaxel,CVCL_0428,3454,3513
Paclitaxel,CVCL_0459,20976,21249
Paclitaxel,CVCL_0480,10305,10565
Paclitaxel,CVCL_0504,6716,6893
Paclitaxel,CVCL_0546,20538,20998
Paclitaxel,CVCL_1055,3528,3657
Paclitaxel,CVCL_1056,7548,7693
Paclitaxel,CVCL_1094,4868,4943
Paclitaxel,CVCL_1097,8270,8402
Paclitaxel,CVCL_1098,6027,6242
Paclitaxel,CVCL_1119,7163,7316
Paclitaxel,CVCL_1125,1340,1393
Paclitaxel,CVCL_1239,3404,3450
Paclitaxel,CVCL_1285,11073,11202
Paclitaxel,CVCL_1381,6324,6434
Paclitaxel,CVCL_1478,8285,8990
Paclitaxel,CVCL_1495,4767,4817
Paclitaxel,CVCL_1517,10103,10332
Paclitaxel,CVCL_1531,95,116
Paclitaxel,CVCL_1547,5793,5883
Paclitaxel,CVCL_1550,8156,8850
Paclitaxel,CVCL_1571,57,80
Paclitaxel,CVCL_1577,349,384
Paclitaxel,CVCL_1635,5535,5608
Paclitaxel,CVCL_1666,6129,6249
Paclitaxel,CVCL_1693,3829,3962
Paclitaxel,CVCL_1715,1267,1294
Paclitaxel,CVCL_1716,990,1025
Paclitaxel,CVCL_1717,7587,7959
Paclitaxel,CVCL_1724,4380,4521
Paclitaxel,CVCL_1731,5979,6130
Paclitaxel,CVCL_C466,9314,9469
Palmatine (chloride),CVCL_0023,7624,8047
Palmatine (chloride),CVCL_0028,2103,2354
Palmatine (chloride),CVCL_0069,4290,4498
Palmatine (chloride),CVCL_0099,2503,2782
Palmatine (chloride),CVCL_0131,8147,8304
Palmatine (chloride),CVCL_0152,7420,8259
Palmatine (chloride),CVCL_0179,4378,4516
Palmatine (chloride),CVCL_0218,4299,4618
Palmatine (chloride),CVCL_0292,3524,4230
Palmatine (chloride),CVCL_0293,8161,8887
Palmatine (chloride),CVCL_0320,6181,6461
Palmatine (chloride),CVCL_0332,4186,4330
Palmatine (chloride),CVCL_0334,3153,3539
Palmatine (chloride),CVCL_0359,7339,7565
Palmatine (chloride),CVCL_0366,4971,5098
Palmatine (chloride),CVCL_0371,6391,6772
Palmatine (chloride),CVCL_0397,4934,5352
Palmatine (chloride),CVCL_0399,9141,10176
Palmatine (chloride),CVCL_0428,3531,3652
Palmatine (chloride),CVCL_0459,14335,15204
Palmatine (chloride),CVCL_0480,9263,9434
Palmatine (chloride),CVCL_0504,6686,7385
Palmatine (chloride),CVCL_0546,15769,17018
Palmatine (chloride),CVCL_1055,4161,4256
Palmatine (chloride),CVCL_1056,7286,7393
Palmatine (chloride),CVCL_1094,4213,4514
Palmatine (chloride),CVCL_1097,6180,6623
Palmatine (chloride),CVCL_1098,4666,5243
Palmatine (chloride),CVCL_1119,5940,6208
Palmatine (chloride),CVCL_1125,1166,1322
Palmatine (chloride),CVCL_1239,2576,2703
Palmatine (chloride),CVCL_1285,8896,9323
Palmatine (chloride),CVCL_1381,6193,6412
Palmatine (chloride),CVCL_1478,6024,6609
Palmatine (chloride),CVCL_1495,4590,4805
Palmatine (chloride),CVCL_1517,7559,7664
Palmatine (chloride),CVCL_1531,89,120
Palmatine (chloride),CVCL_1547,5780,6060
Palmatine (chloride),CVCL_1550,6783,6980
Palmatine (chloride),CVCL_1571,45,69
Palmatine (chloride),CVCL_1577,354,378
Palmatine (chloride),CVCL_1635,4454,4647
Palmatine (chloride),CVCL_1666,3885,4320
Palmatine (chloride),CVCL_1693,3766,4124
Palmatine (chloride),CVCL_1715,704,782
Palmatine (chloride),CVCL_1716,748,851
Palmatine (chloride),CVCL_1717,5500,5787
Palmatine (chloride),CVCL_1724,2895,3181
Palmatine (chloride),CVCL_1731,4404,4734
Palmatine (chloride),CVCL_C466,4969,5496
Panobinostat,CVCL_0023,6748,6833
Panobinostat,CVCL_0028,1376,1430
Panobinostat,CVCL_0069,3711,3824
Panobinostat,CVCL_0099,5052,5221
Panobinostat,CVCL_0131,3190,3212
Panobinostat,CVCL_0152,5899,6189
Panobinostat,CVCL_0179,3006,3095
Panobinostat,CVCL_0218,2630,2667
Panobinostat,CVCL_0292,5746,5860
Panobinostat,CVCL_0293,5250,5764
Panobinostat,CVCL_0320,5522,5618
Panobinostat,CVCL_0332,4032,4127
Panobinostat,CVCL_0334,10960,11550
Panobinostat,CVCL_0359,5942,5994
Panobinostat,CVCL_0366,2620,2726
Panobinostat,CVCL_0371,5459,5563
Panobinostat,CVCL_0397,5194,5400
Panobinostat,CVCL_0399,5913,6295
Panobinostat,CVCL_0428,9008,9149
Panobinostat,CVCL_0459,18787,18944
Panobinostat,CVCL_0480,12155,12511
Panobinostat,CVCL_0504,5587,5733
Panobinostat,CVCL_0546,16834,17048
Panobinostat,CVCL_1055,3325,3459
Panobinostat,CVCL_1056,6693,6836
Panobinostat,CVCL_1094,3867,4004
Panobinostat,CVCL_1097,5456,5513
Panobinostat,CVCL_1098,2242,2428
Panobinostat,CVCL_1119,6812,6955
Panobinostat,CVCL_1125,2496,2558
Panobinostat,CVCL_1239,1860,1883
Panobinostat,CVCL_1285,8893,9007
Panobinostat,CVCL_1381,4354,4439
Panobinostat,CVCL_1478,5834,6626
Panobinostat,CVCL_1495,2746,2791
Panobinostat,CVCL_1517,3935,4120
Panobinostat,CVCL_1531,60,66
Panobinostat,CVCL_1547,2909,3021
Panobinostat,CVCL_1550,5405,5952
Panobinostat,CVCL_1571,31,47
Panobinostat,CVCL_1577,329,365
Panobinostat,CVCL_1635,4410,4470
Panobinostat,CVCL_1666,3905,3951
Panobinostat,CVCL_1693,8557,8823
Panobinostat,CVCL_1715,234,239
Panobinostat,CVCL_1716,522,541
Panobinostat,CVCL_1717,5274,5517
Panobinostat,CVCL_1724,2552,2635
Panobinostat,CVCL_1731,4357,4445
Panobinostat,CVCL_C466,4763,4814
Pasireotide (acetate),CVCL_0023,8565,8738
Pasireotide (acetate),CVCL_0028,2600,2797
Pasireotide (acetate),CVCL_0069,4511,4651
Pasireotide (acetate),CVCL_0099,2883,3062
Pasireotide (acetate),CVCL_0131,9108,9253
Pasireotide (acetate),CVCL_0152,9645,10093
Pasireotide (acetate),CVCL_0179,4595,4758
Pasireotide (acetate),CVCL_0218,4625,4760
Pasireotide (acetate),CVCL_0292,4658,5008
Pasireotide (acetate),CVCL_0293,8689,9352
Pasireotide (acetate),CVCL_0320,6879,7208
Pasireotide (acetate),CVCL_0332,4667,4814
Pasireotide (acetate),CVCL_0334,3606,3868
Pasireotide (acetate),CVCL_0359,8225,8387
Pasireotide (acetate),CVCL_0366,5324,5519
Pasireotide (acetate),CVCL_0371,6739,6943
Pasireotide (acetate),CVCL_0397,5438,5729
Pasireotide (acetate),CVCL_0399,11069,11809
Pasireotide (acetate),CVCL_0428,3907,3979
Pasireotide (acetate),CVCL_0459,15093,15425
Pasireotide (acetate),CVCL_0480,9362,9578
Pasireotide (acetate),CVCL_0504,7110,7378
Pasireotide (acetate),CVCL_0546,16581,17085
Pasireotide (acetate),CVCL_1055,4519,4666
Pasireotide (acetate),CVCL_1056,7913,8073
Pasireotide (acetate),CVCL_1094,4838,5003
Pasireotide (acetate),CVCL_1097,6633,6832
Pasireotide (acetate),CVCL_1098,5690,5983
Pasireotide (acetate),CVCL_1119,6828,7045
Pasireotide (acetate),CVCL_1125,1667,1777
Pasireotide (acetate),CVCL_1239,2568,2656
Pasireotide (acetate),CVCL_1285,9900,10205
Pasireotide (acetate),CVCL_1381,6832,7066
Pasireotide (acetate),CVCL_1478,6529,7086
Pasireotide (acetate),CVCL_1495,5491,5617
Pasireotide (acetate),CVCL_1517,7544,7734
Pasireotide (acetate),CVCL_1531,133,197
Pasireotide (acetate),CVCL_1547,5727,5875
Pasireotide (acetate),CVCL_1550,7171,7644
Pasireotide (acetate),CVCL_1571,56,105
Pasireotide (acetate),CVCL_1577,352,411
Pasireotide (acetate),CVCL_1635,5150,5299
Pasireotide (acetate),CVCL_1666,4893,5084
Pasireotide (acetate),CVCL_1693,4467,4669
Pasireotide (acetate),CVCL_1715,566,635
Pasireotide (acetate),CVCL_1716,775,844
Pasireotide (acetate),CVCL_1717,6117,6443
Pasireotide (acetate),CVCL_1724,3268,3436
Pasireotide (acetate),CVCL_1731,4555,4775
Pasireotide (acetate),CVCL_C466,6174,6454
Pemetrexed,CVCL_0023,3269,3344
Pemetrexed,CVCL_0028,808,893
Pemetrexed,CVCL_0069,2641,2740
Pemetrexed,CVCL_0099,2773,3009
Pemetrexed,CVCL_0131,2400,2434
Pemetrexed,CVCL_0152,2647,2895
Pemetrexed,CVCL_0179,1778,1834
Pemetrexed,CVCL_0218,2314,2395
Pemetrexed,CVCL_0292,2656,2901
Pemetrexed,CVCL_0293,2736,3100
Pemetrexed,CVCL_0320,3131,3203
Pemetrexed,CVCL_0332,2267,2315
Pemetrexed,CVCL_0334,4994,5339
Pemetrexed,CVCL_0359,3109,3166
Pemetrexed,CVCL_0366,1418,1480
Pemetrexed,CVCL_0371,3390,3501
Pemetrexed,CVCL_0397,2499,2646
Pemetrexed,CVCL_0399,4140,4433
Pemetrexed,CVCL_0428,5165,5232
Pemetrexed,CVCL_0459,7332,7543
Pemetrexed,CVCL_0480,6126,6218
Pemetrexed,CVCL_0504,3227,3425
Pemetrexed,CVCL_0546,9686,10062
Pemetrexed,CVCL_1055,2610,2677
Pemetrexed,CVCL_1056,3309,3372
Pemetrexed,CVCL_1094,2778,2962
Pemetrexed,CVCL_1097,2271,2378
Pemetrexed,CVCL_1098,1015,1097
Pemetrexed,CVCL_1119,4774,4910
Pemetrexed,CVCL_1125,1225,1302
Pemetrexed,CVCL_1239,1477,1516
Pemetrexed,CVCL_1285,4115,4241
Pemetrexed,CVCL_1381,3600,3705
Pemetrexed,CVCL_1478,2573,3085
Pemetrexed,CVCL_1495,3021,3081
Pemetrexed,CVCL_1517,1495,1553
Pemetrexed,CVCL_1531,39,52
Pemetrexed,CVCL_1547,2164,2238
Pemetrexed,CVCL_1550,3652,3874
Pemetrexed,CVCL_1571,28,43
Pemetrexed,CVCL_1577,205,221
Pemetrexed,CVCL_1635,2974,3043
Pemetrexed,CVCL_1666,2514,2629
Pemetrexed,CVCL_1693,5378,5672
Pemetrexed,CVCL_1715,74,85
Pemetrexed,CVCL_1716,250,267
Pemetrexed,CVCL_1717,2774,2953
Pemetrexed,CVCL_1724,1179,1276
Pemetrexed,CVCL_1731,2189,2278
Pemetrexed,CVCL_C466,1694,1796
Pemigatinib,CVCL_0023,2615,2920
Pemigatinib,CVCL_0028,278,398
Pemigatinib,CVCL_0069,1096,1242
Pemigatinib,CVCL_0099,686,846
Pemigatinib,CVCL_0131,2845,2925
Pemigatinib,CVCL_0152,2426,2935
Pemigatinib,CVCL_0179,1356,1423
Pemigatinib,CVCL_0218,1194,1413
Pemigatinib,CVCL_0292,746,1019
Pemigatinib,CVCL_0293,3046,3463
Pemigatinib,CVCL_0320,2681,2951
Pemigatinib,CVCL_0332,1619,1697
Pemigatinib,CVCL_0334,913,1176
Pemigatinib,CVCL_0359,2101,2240
Pemigatinib,CVCL_0366,1454,1521
Pemigatinib,CVCL_0371,2683,3023
Pemigatinib,CVCL_0397,2165,2472
Pemigatinib,CVCL_0399,3174,3778
Pemigatinib,CVCL_0428,1121,1184
Pemigatinib,CVCL_0459,4397,5100
Pemigatinib,CVCL_0480,3247,3335
Pemigatinib,CVCL_0504,1963,2453
Pemigatinib,CVCL_0546,5017,5826
Pemigatinib,CVCL_1055,1272,1312
Pemigatinib,CVCL_1056,2291,2350
Pemigatinib,CVCL_1094,1017,1241
Pemigatinib,CVCL_1097,1882,2189
Pemigatinib,CVCL_1098,1174,1430
Pemigatinib,CVCL_1119,2524,2723
Pemigatinib,CVCL_1125,302,394
Pemigatinib,CVCL_1239,705,805
Pemigatinib,CVCL_1285,2732,3058
Pemigatinib,CVCL_1381,1988,2139
Pemigatinib,CVCL_1478,2099,2400
Pemigatinib,CVCL_1495,1676,1840
Pemigatinib,CVCL_1517,3363,3451
Pemigatinib,CVCL_1531,41,60
Pemigatinib,CVCL_1547,1718,1879
Pemigatinib,CVCL_1550,3352,3470
Pemigatinib,CVCL_1571,24,46
Pemigatinib,CVCL_1577,103,121
Pemigatinib,CVCL_1635,1947,2123
Pemigatinib,CVCL_1666,1368,1687
Pemigatinib,CVCL_1693,867,1074
Pemigatinib,CVCL_1715,253,295
Pemigatinib,CVCL_1716,166,218
Pemigatinib,CVCL_1717,2158,2375
Pemigatinib,CVCL_1724,905,1056
Pemigatinib,CVCL_1731,1526,1729
Pemigatinib,CVCL_C466,1586,1932
Penfluridol,CVCL_0023,2981,3048
Penfluridol,CVCL_0028,804,936
Penfluridol,CVCL_0069,2438,2540
Penfluridol,CVCL_0099,2429,2638
Penfluridol,CVCL_0131,2331,2382
Penfluridol,CVCL_0152,2641,2902
Penfluridol,CVCL_0179,1485,1551
Penfluridol,CVCL_0218,2320,2404
Penfluridol,CVCL_0292,2425,2618
Penfluridol,CVCL_0293,2633,2948
Penfluridol,CVCL_0320,3089,3245
Penfluridol,CVCL_0332,2092,2166
Penfluridol,CVCL_0334,4536,4786
Penfluridol,CVCL_0359,2559,2658
Penfluridol,CVCL_0366,1305,1397
Penfluridol,CVCL_0371,3057,3171
Penfluridol,CVCL_0397,2565,2739
Penfluridol,CVCL_0399,3998,4321
Penfluridol,CVCL_0428,4612,4733
Penfluridol,CVCL_0459,7125,7298
Penfluridol,CVCL_0480,5650,5802
Penfluridol,CVCL_0504,2751,2902
Penfluridol,CVCL_0546,8918,9181
Penfluridol,CVCL_1055,2196,2302
Penfluridol,CVCL_1056,3088,3165
Penfluridol,CVCL_1094,2305,2491
Penfluridol,CVCL_1097,2256,2380
Penfluridol,CVCL_1098,1020,1119
Penfluridol,CVCL_1119,4440,4553
Penfluridol,CVCL_1125,1069,1156
Penfluridol,CVCL_1239,1340,1416
Penfluridol,CVCL_1285,3813,3956
Penfluridol,CVCL_1381,3143,3344
Penfluridol,CVCL_1478,2580,3036
Penfluridol,CVCL_1495,2862,2936
Penfluridol,CVCL_1517,1589,1678
Penfluridol,CVCL_1531,55,95
Penfluridol,CVCL_1547,1867,1920
Penfluridol,CVCL_1550,3366,3593
Penfluridol,CVCL_1571,24,61
Penfluridol,CVCL_1577,201,251
Penfluridol,CVCL_1635,2761,2849
Penfluridol,CVCL_1666,2302,2394
Penfluridol,CVCL_1693,4756,4980
Penfluridol,CVCL_1715,92,131
Penfluridol,CVCL_1716,242,265
Penfluridol,CVCL_1717,2633,2797
Penfluridol,CVCL_1724,1208,1320
Penfluridol,CVCL_1731,2140,2272
Penfluridol,CVCL_C466,1601,1706
Pentagastrin,CVCL_0023,8636,8766
Pentagastrin,CVCL_0028,2836,2975
Pentagastrin,CVCL_0069,4913,5041
Pentagastrin,CVCL_0099,3053,3159
Pentagastrin,CVCL_0131,8879,8958
Pentagastrin,CVCL_0152,9316,9765
Pentagastrin,CVCL_0179,5003,5125
Pentagastrin,CVCL_0218,5025,5132
Pentagastrin,CVCL_0292,5166,5511
Pentagastrin,CVCL_0293,8269,9050
Pentagastrin,CVCL_0320,6624,6824
Pentagastrin,CVCL_0332,4590,4685
Pentagastrin,CVCL_0334,3640,3848
Pentagastrin,CVCL_0359,8305,8416
Pentagastrin,CVCL_0366,5104,5211
Pentagastrin,CVCL_0371,7073,7267
Pentagastrin,CVCL_0397,4845,5127
Pentagastrin,CVCL_0399,10545,11334
Pentagastrin,CVCL_0428,4195,4261
Pentagastrin,CVCL_0459,15657,15931
Pentagastrin,CVCL_0480,9872,10083
Pentagastrin,CVCL_0504,8180,8384
Pentagastrin,CVCL_0546,18873,19422
Pentagastrin,CVCL_1055,5183,5303
Pentagastrin,CVCL_1056,7525,7656
Pentagastrin,CVCL_1094,5255,5358
Pentagastrin,CVCL_1097,7821,7964
Pentagastrin,CVCL_1098,6206,6439
Pentagastrin,CVCL_1119,6088,6272
Pentagastrin,CVCL_1125,1479,1528
Pentagastrin,CVCL_1239,2571,2602
Pentagastrin,CVCL_1285,9908,10073
Pentagastrin,CVCL_1381,6720,6819
Pentagastrin,CVCL_1478,7718,8424
Pentagastrin,CVCL_1495,5249,5308
Pentagastrin,CVCL_1517,6894,7070
Pentagastrin,CVCL_1531,83,102
Pentagastrin,CVCL_1547,6355,6450
Pentagastrin,CVCL_1550,6069,6528
Pentagastrin,CVCL_1571,31,49
Pentagastrin,CVCL_1577,366,412
Pentagastrin,CVCL_1635,4444,4534
Pentagastrin,CVCL_1666,5055,5210
Pentagastrin,CVCL_1693,4673,4831
Pentagastrin,CVCL_1715,531,550
Pentagastrin,CVCL_1716,841,882
Pentagastrin,CVCL_1717,5958,6238
Pentagastrin,CVCL_1724,3689,3823
Pentagastrin,CVCL_1731,4803,4919
Pentagastrin,CVCL_C466,6518,6720
Pentamidine (isethionate),CVCL_0023,8903,9252
Pentamidine (isethionate),CVCL_0028,2434,2769
Pentamidine (isethionate),CVCL_0069,5403,5620
Pentamidine (isethionate),CVCL_0099,3114,3501
Pentamidine (isethionate),CVCL_0131,9016,9148
Pentamidine (isethionate),CVCL_0152,8452,9278
Pentamidine (isethionate),CVCL_0179,5218,5381
Pentamidine (isethionate),CVCL_0218,4791,5062
Pentamidine (isethionate),CVCL_0292,4302,5050
Pentamidine (isethionate),CVCL_0293,8720,9646
Pentamidine (isethionate),CVCL_0320,6902,7210
Pentamidine (isethionate),CVCL_0332,5156,5324
Pentamidine (isethionate),CVCL_0334,4540,5080
Pentamidine (isethionate),CVCL_0359,8823,9047
Pentamidine (isethionate),CVCL_0366,5827,5975
Pentamidine (isethionate),CVCL_0371,6900,7265
Pentamidine (isethionate),CVCL_0397,5211,5605
Pentamidine (isethionate),CVCL_0399,10175,11200
Pentamidine (isethionate),CVCL_0428,5110,5283
Pentamidine (isethionate),CVCL_0459,16501,17300
Pentamidine (isethionate),CVCL_0480,11035,11275
Pentamidine (isethionate),CVCL_0504,8340,9053
Pentamidine (isethionate),CVCL_0546,18815,20037
Pentamidine (isethionate),CVCL_1055,5369,5478
Pentamidine (isethionate),CVCL_1056,8299,8447
Pentamidine (isethionate),CVCL_1094,5519,5872
Pentamidine (isethionate),CVCL_1097,6891,7344
Pentamidine (isethionate),CVCL_1098,5363,5885
Pentamidine (isethionate),CVCL_1119,7317,7582
Pentamidine (isethionate),CVCL_1125,1468,1637
Pentamidine (isethionate),CVCL_1239,2889,3011
Pentamidine (isethionate),CVCL_1285,10863,11351
Pentamidine (isethionate),CVCL_1381,7461,7752
Pentamidine (isethionate),CVCL_1478,6506,7194
Pentamidine (isethionate),CVCL_1495,5695,5920
Pentamidine (isethionate),CVCL_1517,7304,7471
Pentamidine (isethionate),CVCL_1531,110,166
Pentamidine (isethionate),CVCL_1547,6955,7178
Pentamidine (isethionate),CVCL_1550,7380,7725
Pentamidine (isethionate),CVCL_1571,78,130
Pentamidine (isethionate),CVCL_1577,481,533
Pentamidine (isethionate),CVCL_1635,5137,5362
Pentamidine (isethionate),CVCL_1666,4986,5409
Pentamidine (isethionate),CVCL_1693,5584,6083
Pentamidine (isethionate),CVCL_1715,580,650
Pentamidine (isethionate),CVCL_1716,738,857
Pentamidine (isethionate),CVCL_1717,6379,6718
Pentamidine (isethionate),CVCL_1724,3325,3678
Pentamidine (isethionate),CVCL_1731,5214,5492
Pentamidine (isethionate),CVCL_C466,5680,6175
Pentoxifylline,CVCL_0023,7246,7982
Pentoxifylline,CVCL_0028,981,1217
Pentoxifylline,CVCL_0069,4442,4747
Pentoxifylline,CVCL_0099,3307,4065
Pentoxifylline,CVCL_0131,6224,6521
Pentoxifylline,CVCL_0152,4420,5110
Pentoxifylline,CVCL_0179,2356,2538
Pentoxifylline,CVCL_0218,3352,3890
Pentoxifylline,CVCL_0292,3676,4574
Pentoxifylline,CVCL_0293,5781,6657
Pentoxifylline,CVCL_0320,5944,6282
Pentoxifylline,CVCL_0332,6949,7236
Pentoxifylline,CVCL_0334,7695,9528
Pentoxifylline,CVCL_0359,6966,7254
Pentoxifylline,CVCL_0366,4715,4934
Pentoxifylline,CVCL_0371,5955,6475
Pentoxifylline,CVCL_0397,5024,5533
Pentoxifylline,CVCL_0399,7234,8092
Pentoxifylline,CVCL_0428,10625,11105
Pentoxifylline,CVCL_0459,20435,22028
Pentoxifylline,CVCL_0480,15232,15709
Pentoxifylline,CVCL_0504,5509,6656
Pentoxifylline,CVCL_0546,17631,19638
Pentoxifylline,CVCL_1055,3593,3693
Pentoxifylline,CVCL_1056,10824,11022
Pentoxifylline,CVCL_1094,3039,3720
Pentoxifylline,CVCL_1097,4932,5601
Pentoxifylline,CVCL_1098,1965,2244
Pentoxifylline,CVCL_1119,6911,7341
Pentoxifylline,CVCL_1125,1417,1713
Pentoxifylline,CVCL_1239,4090,4296
Pentoxifylline,CVCL_1285,11174,11956
Pentoxifylline,CVCL_1381,6246,6608
Pentoxifylline,CVCL_1478,5018,5786
Pentoxifylline,CVCL_1495,6061,6398
Pentoxifylline,CVCL_1517,4450,4691
Pentoxifylline,CVCL_1531,71,109
Pentoxifylline,CVCL_1547,5445,5741
Pentoxifylline,CVCL_1550,5436,5898
Pentoxifylline,CVCL_1571,71,125
Pentoxifylline,CVCL_1577,360,396
Pentoxifylline,CVCL_1635,5092,5355
Pentoxifylline,CVCL_1666,4595,5190
Pentoxifylline,CVCL_1693,6492,7418
Pentoxifylline,CVCL_1715,278,323
Pentoxifylline,CVCL_1716,516,611
Pentoxifylline,CVCL_1717,4594,5129
Pentoxifylline,CVCL_1724,2189,2500
Pentoxifylline,CVCL_1731,5715,6263
Pentoxifylline,CVCL_C466,4086,4720
Peretinoin,CVCL_0023,4197,4335
Peretinoin,CVCL_0028,839,926
Peretinoin,CVCL_0069,3455,3577
Peretinoin,CVCL_0099,2949,3233
Peretinoin,CVCL_0131,3725,3773
Peretinoin,CVCL_0152,4563,4837
Peretinoin,CVCL_0179,2335,2441
Peretinoin,CVCL_0218,2522,2611
Peretinoin,CVCL_0292,3298,3656
Peretinoin,CVCL_0293,3642,4113
Peretinoin,CVCL_0320,3947,4051
Peretinoin,CVCL_0332,2859,2941
Peretinoin,CVCL_0334,6829,7438
Peretinoin,CVCL_0359,4019,4143
Peretinoin,CVCL_0366,1941,2019
Peretinoin,CVCL_0371,4099,4249
Peretinoin,CVCL_0397,3867,4024
Peretinoin,CVCL_0399,5418,5808
Peretinoin,CVCL_0428,6454,6609
Peretinoin,CVCL_0459,9005,9313
Peretinoin,CVCL_0480,8523,8709
Peretinoin,CVCL_0504,3304,3568
Peretinoin,CVCL_0546,11093,11446
Peretinoin,CVCL_1055,3151,3294
Peretinoin,CVCL_1056,5200,5316
Peretinoin,CVCL_1094,3199,3450
Peretinoin,CVCL_1097,3206,3352
Peretinoin,CVCL_1098,1765,1914
Peretinoin,CVCL_1119,6011,6198
Peretinoin,CVCL_1125,1646,1747
Peretinoin,CVCL_1239,1219,1268
Peretinoin,CVCL_1285,5753,5957
Peretinoin,CVCL_1381,4041,4199
Peretinoin,CVCL_1478,4002,4575
Peretinoin,CVCL_1495,4161,4251
Peretinoin,CVCL_1517,2181,2268
Peretinoin,CVCL_1531,40,48
Peretinoin,CVCL_1547,1907,1997
Peretinoin,CVCL_1550,4793,5126
Peretinoin,CVCL_1571,30,45
Peretinoin,CVCL_1577,300,330
Peretinoin,CVCL_1635,3650,3752
Peretinoin,CVCL_1666,2635,2763
Peretinoin,CVCL_1693,6975,7403
Peretinoin,CVCL_1715,109,126
Peretinoin,CVCL_1716,344,376
Peretinoin,CVCL_1717,3734,3958
Peretinoin,CVCL_1724,1717,1862
Peretinoin,CVCL_1731,3025,3169
Peretinoin,CVCL_C466,1716,1857
Perindopril (erbumine),CVCL_0023,9551,9638
Perindopril (erbumine),CVCL_0028,1837,1945
Perindopril (erbumine),CVCL_0069,6267,6374
Perindopril (erbumine),CVCL_0099,6559,6841
Perindopril (erbumine),CVCL_0131,7410,7447
Perindopril (erbumine),CVCL_0152,7349,7724
Perindopril (erbumine),CVCL_0179,3962,4022
Perindopril (erbumine),CVCL_0218,5857,5925
Perindopril (erbumine),CVCL_0292,6796,7113
Perindopril (erbumine),CVCL_0293,8270,9017
Perindopril (erbumine),CVCL_0320,7959,8063
Perindopril (erbumine),CVCL_0332,7841,7951
Perindopril (erbumine),CVCL_0334,16388,16857
Perindopril (erbumine),CVCL_0359,8339,8407
Perindopril (erbumine),CVCL_0366,5507,5588
Perindopril (erbumine),CVCL_0371,8223,8351
Perindopril (erbumine),CVCL_0397,7035,7381
Perindopril (erbumine),CVCL_0399,9643,10173
Perindopril (erbumine),CVCL_0428,12517,12633
Perindopril (erbumine),CVCL_0459,28150,28383
Perindopril (erbumine),CVCL_0480,18804,19068
Perindopril (erbumine),CVCL_0504,8791,8991
Perindopril (erbumine),CVCL_0546,26271,26673
Perindopril (erbumine),CVCL_1055,4612,4772
Perindopril (erbumine),CVCL_1056,12260,12388
Perindopril (erbumine),CVCL_1094,5784,5982
Perindopril (erbumine),CVCL_1097,7781,7887
Perindopril (erbumine),CVCL_1098,3501,3682
Perindopril (erbumine),CVCL_1119,8459,8631
Perindopril (erbumine),CVCL_1125,2315,2380
Perindopril (erbumine),CVCL_1239,5378,5405
Perindopril (erbumine),CVCL_1285,14074,14172
Perindopril (erbumine),CVCL_1381,8676,8764
Perindopril (erbumine),CVCL_1478,6940,7740
Perindopril (erbumine),CVCL_1495,7368,7416
Perindopril (erbumine),CVCL_1517,5516,5654
Perindopril (erbumine),CVCL_1531,71,79
Perindopril (erbumine),CVCL_1547,6435,6507
Perindopril (erbumine),CVCL_1550,6688,7109
Perindopril (erbumine),CVCL_1571,53,69
Perindopril (erbumine),CVCL_1577,423,459
Perindopril (erbumine),CVCL_1635,6345,6412
Perindopril (erbumine),CVCL_1666,6897,7019
Perindopril (erbumine),CVCL_1693,12348,12709
Perindopril (erbumine),CVCL_1715,451,460
Perindopril (erbumine),CVCL_1716,768,780
Perindopril (erbumine),CVCL_1717,7062,7376
Perindopril (erbumine),CVCL_1724,3595,3728
Perindopril (erbumine),CVCL_1731,7559,7649
Perindopril (erbumine),CVCL_C466,6755,6847
Pexidartinib (hydrochloride),CVCL_0023,5829,5952
Pexidartinib (hydrochloride),CVCL_0028,1391,1531
Pexidartinib (hydrochloride),CVCL_0069,4550,4655
Pexidartinib (hydrochloride),CVCL_0099,4551,4954
Pexidartinib (hydrochloride),CVCL_0131,4599,4640
Pexidartinib (hydrochloride),CVCL_0152,4748,5144
Pexidartinib (hydrochloride),CVCL_0179,2882,3001
Pexidartinib (hydrochloride),CVCL_0218,4015,4124
Pexidartinib (hydrochloride),CVCL_0292,4491,4924
Pexidartinib (hydrochloride),CVCL_0293,4596,5132
Pexidartinib (hydrochloride),CVCL_0320,5443,5529
Pexidartinib (hydrochloride),CVCL_0332,4363,4437
Pexidartinib (hydrochloride),CVCL_0334,9219,9812
Pexidartinib (hydrochloride),CVCL_0359,5191,5257
Pexidartinib (hydrochloride),CVCL_0366,2823,2877
Pexidartinib (hydrochloride),CVCL_0371,5644,5806
Pexidartinib (hydrochloride),CVCL_0397,4305,4481
Pexidartinib (hydrochloride),CVCL_0399,6431,6830
Pexidartinib (hydrochloride),CVCL_0428,8617,8730
Pexidartinib (hydrochloride),CVCL_0459,15360,15592
Pexidartinib (hydrochloride),CVCL_0480,11559,11709
Pexidartinib (hydrochloride),CVCL_0504,5569,5882
Pexidartinib (hydrochloride),CVCL_0546,17367,17939
Pexidartinib (hydrochloride),CVCL_1055,4106,4227
Pexidartinib (hydrochloride),CVCL_1056,6673,6753
Pexidartinib (hydrochloride),CVCL_1094,4094,4407
Pexidartinib (hydrochloride),CVCL_1097,4601,4785
Pexidartinib (hydrochloride),CVCL_1098,2313,2505
Pexidartinib (hydrochloride),CVCL_1119,6326,6467
Pexidartinib (hydrochloride),CVCL_1125,1676,1778
Pexidartinib (hydrochloride),CVCL_1239,3054,3095
Pexidartinib (hydrochloride),CVCL_1285,7895,8028
Pexidartinib (hydrochloride),CVCL_1381,6181,6288
Pexidartinib (hydrochloride),CVCL_1478,5025,5812
Pexidartinib (hydrochloride),CVCL_1495,4913,4958
Pexidartinib (hydrochloride),CVCL_1517,2801,2890
Pexidartinib (hydrochloride),CVCL_1531,46,56
Pexidartinib (hydrochloride),CVCL_1547,3957,4056
Pexidartinib (hydrochloride),CVCL_1550,4927,5237
Pexidartinib (hydrochloride),CVCL_1571,24,38
Pexidartinib (hydrochloride),CVCL_1577,375,403
Pexidartinib (hydrochloride),CVCL_1635,4278,4347
Pexidartinib (hydrochloride),CVCL_1666,4044,4196
Pexidartinib (hydrochloride),CVCL_1693,9478,9920
Pexidartinib (hydrochloride),CVCL_1715,154,170
Pexidartinib (hydrochloride),CVCL_1716,475,505
Pexidartinib (hydrochloride),CVCL_1717,4644,4895
Pexidartinib (hydrochloride),CVCL_1724,2384,2512
Pexidartinib (hydrochloride),CVCL_1731,4573,4680
Pexidartinib (hydrochloride),CVCL_C466,3128,3258
Phenylephrine (hydrochloride),CVCL_0023,6355,6522
Phenylephrine (hydrochloride),CVCL_0028,1325,1534
Phenylephrine (hydrochloride),CVCL_0069,5024,5160
Phenylephrine (hydrochloride),CVCL_0099,4483,4996
Phenylephrine (hydrochloride),CVCL_0131,5299,5360
Phenylephrine (hydrochloride),CVCL_0152,4797,5278
Phenylephrine (hydrochloride),CVCL_0179,2991,3132
Phenylephrine (hydrochloride),CVCL_0218,3938,4081
Phenylephrine (hydrochloride),CVCL_0292,4412,4910
Phenylephrine (hydrochloride),CVCL_0293,5727,6380
Phenylephrine (hydrochloride),CVCL_0320,5427,5538
Phenylephrine (hydrochloride),CVCL_0332,5080,5184
Phenylephrine (hydrochloride),CVCL_0334,10626,11309
Phenylephrine (hydrochloride),CVCL_0359,6075,6184
Phenylephrine (hydrochloride),CVCL_0366,3649,3722
Phenylephrine (hydrochloride),CVCL_0371,6118,6323
Phenylephrine (hydrochloride),CVCL_0397,4556,4807
Phenylephrine (hydrochloride),CVCL_0399,7224,7745
Phenylephrine (hydrochloride),CVCL_0428,9749,9925
Phenylephrine (hydrochloride),CVCL_0459,17630,18167
Phenylephrine (hydrochloride),CVCL_0480,13465,13650
Phenylephrine (hydrochloride),CVCL_0504,5779,6230
Phenylephrine (hydrochloride),CVCL_0546,18132,18881
Phenylephrine (hydrochloride),CVCL_1055,4078,4188
Phenylephrine (hydrochloride),CVCL_1056,8417,8512
Phenylephrine (hydrochloride),CVCL_1094,3986,4405
Phenylephrine (hydrochloride),CVCL_1097,4970,5240
Phenylephrine (hydrochloride),CVCL_1098,2442,2683
Phenylephrine (hydrochloride),CVCL_1119,6934,7166
Phenylephrine (hydrochloride),CVCL_1125,1605,1745
Phenylephrine (hydrochloride),CVCL_1239,3374,3422
Phenylephrine (hydrochloride),CVCL_1285,9020,9173
Phenylephrine (hydrochloride),CVCL_1381,6502,6612
Phenylephrine (hydrochloride),CVCL_1478,5247,5973
Phenylephrine (hydrochloride),CVCL_1495,5566,5631
Phenylephrine (hydrochloride),CVCL_1517,3619,3704
Phenylephrine (hydrochloride),CVCL_1531,43,64
Phenylephrine (hydrochloride),CVCL_1547,4689,4818
Phenylephrine (hydrochloride),CVCL_1550,5535,5846
Phenylephrine (hydrochloride),CVCL_1571,54,73
Phenylephrine (hydrochloride),CVCL_1577,420,447
Phenylephrine (hydrochloride),CVCL_1635,4894,4989
Phenylephrine (hydrochloride),CVCL_1666,4589,4841
Phenylephrine (hydrochloride),CVCL_1693,8514,9180
Phenylephrine (hydrochloride),CVCL_1715,188,218
Phenylephrine (hydrochloride),CVCL_1716,529,557
Phenylephrine (hydrochloride),CVCL_1717,4963,5282
Phenylephrine (hydrochloride),CVCL_1724,2435,2675
Phenylephrine (hydrochloride),CVCL_1731,5180,5291
Phenylephrine (hydrochloride),CVCL_C466,3712,3905
Phenytoin (sodium),CVCL_0023,3788,3881
Phenytoin (sodium),CVCL_0028,923,1031
Phenytoin (sodium),CVCL_0069,3158,3251
Phenytoin (sodium),CVCL_0099,3027,3306
Phenytoin (sodium),CVCL_0131,2955,2991
Phenytoin (sodium),CVCL_0152,3098,3375
Phenytoin (sodium),CVCL_0179,2123,2198
Phenytoin (sodium),CVCL_0218,2674,2764
Phenytoin (sodium),CVCL_0292,3024,3309
Phenytoin (sodium),CVCL_0293,3171,3598
Phenytoin (sodium),CVCL_0320,3755,3860
Phenytoin (sodium),CVCL_0332,2790,2831
Phenytoin (sodium),CVCL_0334,6005,6413
Phenytoin (sodium),CVCL_0359,3874,3924
Phenytoin (sodium),CVCL_0366,1941,2001
Phenytoin (sodium),CVCL_0371,3883,4009
Phenytoin (sodium),CVCL_0397,2872,3014
Phenytoin (sodium),CVCL_0399,4790,5192
Phenytoin (sodium),CVCL_0428,6470,6554
Phenytoin (sodium),CVCL_0459,9330,9557
Phenytoin (sodium),CVCL_0480,7877,7998
Phenytoin (sodium),CVCL_0504,3750,3985
Phenytoin (sodium),CVCL_0546,11126,11593
Phenytoin (sodium),CVCL_1055,2943,3071
Phenytoin (sodium),CVCL_1056,4208,4270
Phenytoin (sodium),CVCL_1094,2868,3100
Phenytoin (sodium),CVCL_1097,2939,3090
Phenytoin (sodium),CVCL_1098,1346,1460
Phenytoin (sodium),CVCL_1119,5212,5384
Phenytoin (sodium),CVCL_1125,1302,1374
Phenytoin (sodium),CVCL_1239,1862,1905
Phenytoin (sodium),CVCL_1285,5411,5536
Phenytoin (sodium),CVCL_1381,4115,4202
Phenytoin (sodium),CVCL_1478,3283,3896
Phenytoin (sodium),CVCL_1495,3497,3541
Phenytoin (sodium),CVCL_1517,2022,2077
Phenytoin (sodium),CVCL_1531,30,37
Phenytoin (sodium),CVCL_1547,2663,2722
Phenytoin (sodium),CVCL_1550,4281,4584
Phenytoin (sodium),CVCL_1571,29,45
Phenytoin (sodium),CVCL_1577,286,308
Phenytoin (sodium),CVCL_1635,3450,3524
Phenytoin (sodium),CVCL_1666,2865,3004
Phenytoin (sodium),CVCL_1693,6112,6403
Phenytoin (sodium),CVCL_1715,96,109
Phenytoin (sodium),CVCL_1716,296,313
Phenytoin (sodium),CVCL_1717,3214,3412
Phenytoin (sodium),CVCL_1724,1417,1529
Phenytoin (sodium),CVCL_1731,2820,2918
Phenytoin (sodium),CVCL_C466,2166,2254
Pimitespib,CVCL_0023,4597,4997
Pimitespib,CVCL_0028,991,1238
Pimitespib,CVCL_0069,2158,2387
Pimitespib,CVCL_0099,1439,1649
Pimitespib,CVCL_0131,4216,4348
Pimitespib,CVCL_0152,4672,5335
Pimitespib,CVCL_0179,2707,2823
Pimitespib,CVCL_0218,2778,3096
Pimitespib,CVCL_0292,1860,2320
Pimitespib,CVCL_0293,5634,6339
Pimitespib,CVCL_0320,4310,4661
Pimitespib,CVCL_0332,2551,2669
Pimitespib,CVCL_0334,1841,2157
Pimitespib,CVCL_0359,3281,3463
Pimitespib,CVCL_0366,2498,2620
Pimitespib,CVCL_0371,4342,4689
Pimitespib,CVCL_0397,3659,4093
Pimitespib,CVCL_0399,6110,6992
Pimitespib,CVCL_0428,1749,1877
Pimitespib,CVCL_0459,8353,9225
Pimitespib,CVCL_0480,5076,5246
Pimitespib,CVCL_0504,3829,4519
Pimitespib,CVCL_0546,9218,10312
Pimitespib,CVCL_1055,2112,2166
Pimitespib,CVCL_1056,3535,3614
Pimitespib,CVCL_1094,2362,2675
Pimitespib,CVCL_1097,3583,3934
Pimitespib,CVCL_1098,2532,2919
Pimitespib,CVCL_1119,3890,4122
Pimitespib,CVCL_1125,684,812
Pimitespib,CVCL_1239,1403,1571
Pimitespib,CVCL_1285,4744,5239
Pimitespib,CVCL_1381,3487,3755
Pimitespib,CVCL_1478,3608,4004
Pimitespib,CVCL_1495,2790,2998
Pimitespib,CVCL_1517,4743,4835
Pimitespib,CVCL_1531,64,89
Pimitespib,CVCL_1547,3038,3312
Pimitespib,CVCL_1550,4588,4809
Pimitespib,CVCL_1571,37,64
Pimitespib,CVCL_1577,200,230
Pimitespib,CVCL_1635,3207,3431
Pimitespib,CVCL_1666,2717,3062
Pimitespib,CVCL_1693,1828,2129
Pimitespib,CVCL_1715,407,476
Pimitespib,CVCL_1716,323,395
Pimitespib,CVCL_1717,3628,3899
Pimitespib,CVCL_1724,1869,2151
Pimitespib,CVCL_1731,2656,2975
Pimitespib,CVCL_C466,3206,3608
Pimozide,CVCL_0023,4316,4744
Pimozide,CVCL_0028,666,868
Pimozide,CVCL_0069,3144,3357
Pimozide,CVCL_0099,2553,3022
Pimozide,CVCL_0131,3408,3574
Pimozide,CVCL_0152,3066,3487
Pimozide,CVCL_0179,1775,1884
Pimozide,CVCL_0218,2398,2665
Pimozide,CVCL_0292,2571,3120
Pimozide,CVCL_0293,3414,3866
Pimozide,CVCL_0320,3638,3847
Pimozide,CVCL_0332,3462,3609
Pimozide,CVCL_0334,6270,7241
Pimozide,CVCL_0359,4054,4235
Pimozide,CVCL_0366,2397,2494
Pimozide,CVCL_0371,3819,4147
Pimozide,CVCL_0397,3007,3218
Pimozide,CVCL_0399,4463,4927
Pimozide,CVCL_0428,6745,7042
Pimozide,CVCL_0459,10203,11053
Pimozide,CVCL_0480,9299,9534
Pimozide,CVCL_0504,3458,4220
Pimozide,CVCL_0546,11073,12393
Pimozide,CVCL_1055,2660,2742
Pimozide,CVCL_1056,5774,5861
Pimozide,CVCL_1094,2299,2777
Pimozide,CVCL_1097,2927,3289
Pimozide,CVCL_1098,1383,1563
Pimozide,CVCL_1119,4565,4893
Pimozide,CVCL_1125,959,1122
Pimozide,CVCL_1239,2154,2301
Pimozide,CVCL_1285,6285,6758
Pimozide,CVCL_1381,4250,4479
Pimozide,CVCL_1478,3401,3803
Pimozide,CVCL_1495,3763,3960
Pimozide,CVCL_1517,2375,2452
Pimozide,CVCL_1531,34,52
Pimozide,CVCL_1547,3334,3558
Pimozide,CVCL_1550,3732,3955
Pimozide,CVCL_1571,35,63
Pimozide,CVCL_1577,323,351
Pimozide,CVCL_1635,3117,3290
Pimozide,CVCL_1666,2657,3098
Pimozide,CVCL_1693,5239,5873
Pimozide,CVCL_1715,138,161
Pimozide,CVCL_1716,341,391
Pimozide,CVCL_1717,3115,3415
Pimozide,CVCL_1724,1572,1780
Pimozide,CVCL_1731,3490,3793
Pimozide,CVCL_C466,1868,2159
Pioglitazone,CVCL_0023,6303,6426
Pioglitazone,CVCL_0028,1079,1196
Pioglitazone,CVCL_0069,4410,4516
Pioglitazone,CVCL_0099,3842,4203
Pioglitazone,CVCL_0131,4851,4886
Pioglitazone,CVCL_0152,4407,4779
Pioglitazone,CVCL_0179,2627,2715
Pioglitazone,CVCL_0218,3856,3922
Pioglitazone,CVCL_0292,4424,4728
Pioglitazone,CVCL_0293,5685,6255
Pioglitazone,CVCL_0320,5167,5255
Pioglitazone,CVCL_0332,4781,4871
Pioglitazone,CVCL_0334,10572,11073
Pioglitazone,CVCL_0359,6040,6123
Pioglitazone,CVCL_0366,3443,3511
Pioglitazone,CVCL_0371,5505,5633
Pioglitazone,CVCL_0397,4396,4614
Pioglitazone,CVCL_0399,6775,7175
Pioglitazone,CVCL_0428,8857,9009
Pioglitazone,CVCL_0459,17285,17587
Pioglitazone,CVCL_0480,12711,12850
Pioglitazone,CVCL_0504,5355,5626
Pioglitazone,CVCL_0546,17104,17534
Pioglitazone,CVCL_1055,3381,3466
Pioglitazone,CVCL_1056,7698,7803
Pioglitazone,CVCL_1094,3853,4118
Pioglitazone,CVCL_1097,4805,4962
Pioglitazone,CVCL_1098,2025,2178
Pioglitazone,CVCL_1119,6652,6825
Pioglitazone,CVCL_1125,1895,1991
Pioglitazone,CVCL_1239,3053,3085
Pioglitazone,CVCL_1285,9342,9475
Pioglitazone,CVCL_1381,5797,5895
Pioglitazone,CVCL_1478,5057,5636
Pioglitazone,CVCL_1495,5170,5231
Pioglitazone,CVCL_1517,3394,3469
Pioglitazone,CVCL_1531,55,69
Pioglitazone,CVCL_1547,4308,4417
Pioglitazone,CVCL_1550,5440,5734
Pioglitazone,CVCL_1571,58,81
Pioglitazone,CVCL_1577,374,400
Pioglitazone,CVCL_1635,4546,4619
Pioglitazone,CVCL_1666,4474,4628
Pioglitazone,CVCL_1693,7481,7883
Pioglitazone,CVCL_1715,229,246
Pioglitazone,CVCL_1716,486,510
Pioglitazone,CVCL_1717,4764,5004
Pioglitazone,CVCL_1724,2249,2406
Pioglitazone,CVCL_1731,4594,4682
Pioglitazone,CVCL_C466,3982,4111
Piroxicam,CVCL_0023,7799,7909
Piroxicam,CVCL_0028,1286,1344
Piroxicam,CVCL_0069,4801,4908
Piroxicam,CVCL_0099,4542,4786
Piroxicam,CVCL_0131,5835,5881
Piroxicam,CVCL_0152,5019,5384
Piroxicam,CVCL_0179,2718,2805
Piroxicam,CVCL_0218,4104,4185
Piroxicam,CVCL_0292,5119,5440
Piroxicam,CVCL_0293,6467,7100
Piroxicam,CVCL_0320,5928,6030
Piroxicam,CVCL_0332,6390,6469
Piroxicam,CVCL_0334,11439,12234
Piroxicam,CVCL_0359,7581,7647
Piroxicam,CVCL_0366,4893,4983
Piroxicam,CVCL_0371,5849,5985
Piroxicam,CVCL_0397,5352,5645
Piroxicam,CVCL_0399,7717,8183
Piroxicam,CVCL_0428,11066,11185
Piroxicam,CVCL_0459,22102,22332
Piroxicam,CVCL_0480,15315,15530
Piroxicam,CVCL_0504,6543,6734
Piroxicam,CVCL_0546,19353,19754
Piroxicam,CVCL_1055,3647,3763
Piroxicam,CVCL_1056,10463,10618
Piroxicam,CVCL_1094,4347,4548
Piroxicam,CVCL_1097,6179,6302
Piroxicam,CVCL_1098,2235,2366
Piroxicam,CVCL_1119,7111,7250
Piroxicam,CVCL_1125,1447,1510
Piroxicam,CVCL_1239,3983,4002
Piroxicam,CVCL_1285,12358,12466
Piroxicam,CVCL_1381,6746,6864
Piroxicam,CVCL_1478,5468,6177
Piroxicam,CVCL_1495,6011,6067
Piroxicam,CVCL_1517,4393,4532
Piroxicam,CVCL_1531,51,66
Piroxicam,CVCL_1547,5266,5345
Piroxicam,CVCL_1550,5749,6151
Piroxicam,CVCL_1571,24,34
Piroxicam,CVCL_1577,341,370
Piroxicam,CVCL_1635,5122,5180
Piroxicam,CVCL_1666,5676,5792
Piroxicam,CVCL_1693,8202,8477
Piroxicam,CVCL_1715,304,318
Piroxicam,CVCL_1716,612,643
Piroxicam,CVCL_1717,5146,5430
Piroxicam,CVCL_1724,2516,2652
Piroxicam,CVCL_1731,5952,6084
Piroxicam,CVCL_C466,5450,5564
Pitavastatin (Calcium),CVCL_0023,2392,2446
Pitavastatin (Calcium),CVCL_0028,627,689
Pitavastatin (Calcium),CVCL_0069,1701,1760
Pitavastatin (Calcium),CVCL_0099,1658,1828
Pitavastatin (Calcium),CVCL_0131,1794,1817
Pitavastatin (Calcium),CVCL_0152,2139,2338
Pitavastatin (Calcium),CVCL_0179,1449,1489
Pitavastatin (Calcium),CVCL_0218,1763,1828
Pitavastatin (Calcium),CVCL_0292,2119,2254
Pitavastatin (Calcium),CVCL_0293,1937,2255
Pitavastatin (Calcium),CVCL_0320,2548,2599
Pitavastatin (Calcium),CVCL_0332,1474,1505
Pitavastatin (Calcium),CVCL_0334,3512,3787
Pitavastatin (Calcium),CVCL_0359,1981,2024
Pitavastatin (Calcium),CVCL_0366,746,775
Pitavastatin (Calcium),CVCL_0371,2735,2821
Pitavastatin (Calcium),CVCL_0397,1935,2073
Pitavastatin (Calcium),CVCL_0399,2675,2941
Pitavastatin (Calcium),CVCL_0428,3224,3293
Pitavastatin (Calcium),CVCL_0459,5845,5975
Pitavastatin (Calcium),CVCL_0480,4508,4634
Pitavastatin (Calcium),CVCL_0504,2545,2689
Pitavastatin (Calcium),CVCL_0546,7834,8139
Pitavastatin (Calcium),CVCL_1055,1853,1918
Pitavastatin (Calcium),CVCL_1056,2326,2373
Pitavastatin (Calcium),CVCL_1094,2032,2160
Pitavastatin (Calcium),CVCL_1097,1746,1816
Pitavastatin (Calcium),CVCL_1098,888,949
Pitavastatin (Calcium),CVCL_1119,3462,3569
Pitavastatin (Calcium),CVCL_1125,693,740
Pitavastatin (Calcium),CVCL_1239,1001,1025
Pitavastatin (Calcium),CVCL_1285,2630,2717
Pitavastatin (Calcium),CVCL_1381,2325,2394
Pitavastatin (Calcium),CVCL_1478,1878,2329
Pitavastatin (Calcium),CVCL_1495,2003,2042
Pitavastatin (Calcium),CVCL_1517,1207,1247
Pitavastatin (Calcium),CVCL_1531,21,24
Pitavastatin (Calcium),CVCL_1547,1418,1463
Pitavastatin (Calcium),CVCL_1550,3005,3260
Pitavastatin (Calcium),CVCL_1571,14,17
Pitavastatin (Calcium),CVCL_1577,163,185
Pitavastatin (Calcium),CVCL_1635,2194,2241
Pitavastatin (Calcium),CVCL_1666,1856,1931
Pitavastatin (Calcium),CVCL_1693,4532,4736
Pitavastatin (Calcium),CVCL_1715,47,52
Pitavastatin (Calcium),CVCL_1716,198,206
Pitavastatin (Calcium),CVCL_1717,2095,2235
Pitavastatin (Calcium),CVCL_1724,1037,1097
Pitavastatin (Calcium),CVCL_1731,1598,1660
Pitavastatin (Calcium),CVCL_C466,1189,1251
Plicamycin,CVCL_0023,6564,6724
Plicamycin,CVCL_0028,1354,1492
Plicamycin,CVCL_0069,5118,5262
Plicamycin,CVCL_0099,4701,5044
Plicamycin,CVCL_0131,5294,5367
Plicamycin,CVCL_0152,4982,5331
Plicamycin,CVCL_0179,3094,3194
Plicamycin,CVCL_0218,3862,3948
Plicamycin,CVCL_0292,4768,5085
Plicamycin,CVCL_0293,5662,6237
Plicamycin,CVCL_0320,5491,5614
Plicamycin,CVCL_0332,4911,5005
Plicamycin,CVCL_0334,9750,10225
Plicamycin,CVCL_0359,5887,6004
Plicamycin,CVCL_0366,3209,3306
Plicamycin,CVCL_0371,5602,5762
Plicamycin,CVCL_0397,4444,4648
Plicamycin,CVCL_0399,7415,7886
Plicamycin,CVCL_0428,8422,8635
Plicamycin,CVCL_0459,15193,15541
Plicamycin,CVCL_0480,12708,12908
Plicamycin,CVCL_0504,5225,5514
Plicamycin,CVCL_0546,16863,17337
Plicamycin,CVCL_1055,4149,4265
Plicamycin,CVCL_1056,7703,7803
Plicamycin,CVCL_1094,4434,4712
Plicamycin,CVCL_1097,4675,4837
Plicamycin,CVCL_1098,2267,2459
Plicamycin,CVCL_1119,7353,7546
Plicamycin,CVCL_1125,1918,2016
Plicamycin,CVCL_1239,3090,3165
Plicamycin,CVCL_1285,8655,8846
Plicamycin,CVCL_1381,6102,6264
Plicamycin,CVCL_1478,5095,5575
Plicamycin,CVCL_1495,5430,5527
Plicamycin,CVCL_1517,3262,3360
Plicamycin,CVCL_1531,78,95
Plicamycin,CVCL_1547,4243,4372
Plicamycin,CVCL_1550,5789,6044
Plicamycin,CVCL_1571,45,70
Plicamycin,CVCL_1577,401,432
Plicamycin,CVCL_1635,4982,5080
Plicamycin,CVCL_1666,4530,4688
Plicamycin,CVCL_1693,9269,9738
Plicamycin,CVCL_1715,189,222
Plicamycin,CVCL_1716,488,520
Plicamycin,CVCL_1717,4904,5151
Plicamycin,CVCL_1724,2340,2490
Plicamycin,CVCL_1731,4715,4864
Plicamycin,CVCL_C466,3787,3908
Ponatinib,CVCL_0023,8601,8703
Ponatinib,CVCL_0028,743,862
Ponatinib,CVCL_0069,4191,4270
Ponatinib,CVCL_0099,4555,4865
Ponatinib,CVCL_0131,5906,5943
Ponatinib,CVCL_0152,6483,6868
Ponatinib,CVCL_0179,3369,3443
Ponatinib,CVCL_0218,4443,4529
Ponatinib,CVCL_0292,5200,5558
Ponatinib,CVCL_0293,6901,7580
Ponatinib,CVCL_0320,6515,6626
Ponatinib,CVCL_0332,6939,7041
Ponatinib,CVCL_0334,13614,14140
Ponatinib,CVCL_0359,7653,7714
Ponatinib,CVCL_0366,4408,4496
Ponatinib,CVCL_0371,6838,7017
Ponatinib,CVCL_0397,6438,6724
Ponatinib,CVCL_0399,7891,8255
Ponatinib,CVCL_0428,11543,11666
Ponatinib,CVCL_0459,22669,22938
Ponatinib,CVCL_0480,16773,17059
Ponatinib,CVCL_0504,7272,7569
Ponatinib,CVCL_0546,21695,22169
Ponatinib,CVCL_1055,2406,2451
Ponatinib,CVCL_1056,10806,10937
Ponatinib,CVCL_1094,4849,5059
Ponatinib,CVCL_1097,5531,5746
Ponatinib,CVCL_1098,2320,2486
Ponatinib,CVCL_1119,7921,8063
Ponatinib,CVCL_1125,1207,1273
Ponatinib,CVCL_1239,4044,4087
Ponatinib,CVCL_1285,12029,12172
Ponatinib,CVCL_1381,6695,6807
Ponatinib,CVCL_1478,6094,6905
Ponatinib,CVCL_1495,5591,5631
Ponatinib,CVCL_1517,4875,4955
Ponatinib,CVCL_1531,57,67
Ponatinib,CVCL_1547,4605,4693
Ponatinib,CVCL_1550,6780,7160
Ponatinib,CVCL_1571,43,57
Ponatinib,CVCL_1577,365,388
Ponatinib,CVCL_1635,5653,5729
Ponatinib,CVCL_1666,5221,5366
Ponatinib,CVCL_1693,11369,11688
Ponatinib,CVCL_1715,352,364
Ponatinib,CVCL_1716,736,759
Ponatinib,CVCL_1717,6134,6430
Ponatinib,CVCL_1724,2716,2913
Ponatinib,CVCL_1731,6492,6596
Ponatinib,CVCL_C466,5643,5773
Posaconazole,CVCL_0023,5945,6232
Posaconazole,CVCL_0028,1159,1355
Posaconazole,CVCL_0069,4293,4495
Posaconazole,CVCL_0099,3850,4362
Posaconazole,CVCL_0131,4701,4809
Posaconazole,CVCL_0152,4196,4651
Posaconazole,CVCL_0179,2535,2643
Posaconazole,CVCL_0218,3392,3613
Posaconazole,CVCL_0292,3687,4255
Posaconazole,CVCL_0293,5154,5840
Posaconazole,CVCL_0320,5089,5249
Posaconazole,CVCL_0332,5181,5298
Posaconazole,CVCL_0334,9471,10362
Posaconazole,CVCL_0359,5772,5933
Posaconazole,CVCL_0366,3544,3675
Posaconazole,CVCL_0371,5264,5523
Posaconazole,CVCL_0397,4416,4694
Posaconazole,CVCL_0399,6420,6995
Posaconazole,CVCL_0428,8272,8532
Posaconazole,CVCL_0459,15955,16672
Posaconazole,CVCL_0480,12212,12414
Posaconazole,CVCL_0504,4847,5439
Posaconazole,CVCL_0546,15560,16596
Posaconazole,CVCL_1055,3728,3818
Posaconazole,CVCL_1056,8263,8372
Posaconazole,CVCL_1094,3188,3578
Posaconazole,CVCL_1097,4088,4359
Posaconazole,CVCL_1098,2292,2556
Posaconazole,CVCL_1119,6445,6743
Posaconazole,CVCL_1125,1638,1799
Posaconazole,CVCL_1239,3319,3424
Posaconazole,CVCL_1285,8840,9185
Posaconazole,CVCL_1381,6169,6345
Posaconazole,CVCL_1478,4440,5119
Posaconazole,CVCL_1495,5590,5715
Posaconazole,CVCL_1517,3682,3792
Posaconazole,CVCL_1531,61,85
Posaconazole,CVCL_1547,4434,4594
Posaconazole,CVCL_1550,5395,5699
Posaconazole,CVCL_1571,52,83
Posaconazole,CVCL_1577,338,367
Posaconazole,CVCL_1635,4576,4731
Posaconazole,CVCL_1666,4135,4447
Posaconazole,CVCL_1693,7242,7858
Posaconazole,CVCL_1715,198,230
Posaconazole,CVCL_1716,444,484
Posaconazole,CVCL_1717,4162,4474
Posaconazole,CVCL_1724,1944,2144
Posaconazole,CVCL_1731,4716,4926
Posaconazole,CVCL_C466,3691,3938
Pralsetinib,CVCL_0023,6212,6375
Pralsetinib,CVCL_0028,1601,1868
Pralsetinib,CVCL_0069,3582,3766
Pralsetinib,CVCL_0099,3011,3286
Pralsetinib,CVCL_0131,5868,6029
Pralsetinib,CVCL_0152,6158,6702
Pralsetinib,CVCL_0179,3308,3463
Pralsetinib,CVCL_0218,3682,3860
Pralsetinib,CVCL_0292,3668,4038
Pralsetinib,CVCL_0293,6887,7470
Pralsetinib,CVCL_0320,5810,6199
Pralsetinib,CVCL_0332,3974,4128
Pralsetinib,CVCL_0334,5667,5988
Pralsetinib,CVCL_0359,5466,5657
Pralsetinib,CVCL_0366,3861,4113
Pralsetinib,CVCL_0371,5631,5854
Pralsetinib,CVCL_0397,4796,5074
Pralsetinib,CVCL_0399,8248,8857
Pralsetinib,CVCL_0428,5088,5239
Pralsetinib,CVCL_0459,13805,14181
Pralsetinib,CVCL_0480,9168,9408
Pralsetinib,CVCL_0504,5374,5665
Pralsetinib,CVCL_0546,14497,14962
Pralsetinib,CVCL_1055,3639,3801
Pralsetinib,CVCL_1056,6249,6418
Pralsetinib,CVCL_1094,3837,4132
Pralsetinib,CVCL_1097,5111,5347
Pralsetinib,CVCL_1098,3267,3575
Pralsetinib,CVCL_1119,6150,6426
Pralsetinib,CVCL_1125,1518,1699
Pralsetinib,CVCL_1239,2476,2590
Pralsetinib,CVCL_1285,7938,8275
Pralsetinib,CVCL_1381,5543,5892
Pralsetinib,CVCL_1478,5076,5668
Pralsetinib,CVCL_1495,4372,4561
Pralsetinib,CVCL_1517,5089,5318
Pralsetinib,CVCL_1531,106,208
Pralsetinib,CVCL_1547,4406,4551
Pralsetinib,CVCL_1550,5576,5994
Pralsetinib,CVCL_1571,74,175
Pralsetinib,CVCL_1577,332,435
Pralsetinib,CVCL_1635,4321,4472
Pralsetinib,CVCL_1666,3938,4140
Pralsetinib,CVCL_1693,5381,5673
Pralsetinib,CVCL_1715,548,674
Pralsetinib,CVCL_1716,557,647
Pralsetinib,CVCL_1717,5061,5406
Pralsetinib,CVCL_1724,2732,2952
Pralsetinib,CVCL_1731,4310,4616
Pralsetinib,CVCL_C466,5020,5350
Pravastatin (sodium),CVCL_0023,12665,13784
Pravastatin (sodium),CVCL_0028,2112,2623
Pravastatin (sodium),CVCL_0069,9680,10290
Pravastatin (sodium),CVCL_0099,7773,9253
Pravastatin (sodium),CVCL_0131,11087,11482
Pravastatin (sodium),CVCL_0152,9284,10597
Pravastatin (sodium),CVCL_0179,5937,6348
Pravastatin (sodium),CVCL_0218,7630,8394
Pravastatin (sodium),CVCL_0292,8379,9925
Pravastatin (sodium),CVCL_0293,11327,12926
Pravastatin (sodium),CVCL_0320,11404,11924
Pravastatin (sodium),CVCL_0332,10854,11288
Pravastatin (sodium),CVCL_0334,19404,21883
Pravastatin (sodium),CVCL_0359,12021,12498
Pravastatin (sodium),CVCL_0366,7548,7814
Pravastatin (sodium),CVCL_0371,11972,12836
Pravastatin (sodium),CVCL_0397,9607,10357
Pravastatin (sodium),CVCL_0399,14473,16009
Pravastatin (sodium),CVCL_0428,18386,19345
Pravastatin (sodium),CVCL_0459,32425,34629
Pravastatin (sodium),CVCL_0480,28276,28928
Pravastatin (sodium),CVCL_0504,10454,12316
Pravastatin (sodium),CVCL_0546,34625,38131
Pravastatin (sodium),CVCL_1055,8294,8566
Pravastatin (sodium),CVCL_1056,17018,17372
Pravastatin (sodium),CVCL_1094,6986,8419
Pravastatin (sodium),CVCL_1097,8914,9885
Pravastatin (sodium),CVCL_1098,4321,4954
Pravastatin (sodium),CVCL_1119,14391,15440
Pravastatin (sodium),CVCL_1125,3398,3958
Pravastatin (sodium),CVCL_1239,6576,6919
Pravastatin (sodium),CVCL_1285,17995,19047
Pravastatin (sodium),CVCL_1381,12790,13344
Pravastatin (sodium),CVCL_1478,10177,11473
Pravastatin (sodium),CVCL_1495,11645,12077
Pravastatin (sodium),CVCL_1517,7679,7926
Pravastatin (sodium),CVCL_1531,151,215
Pravastatin (sodium),CVCL_1547,9157,9761
Pravastatin (sodium),CVCL_1550,11872,12510
Pravastatin (sodium),CVCL_1571,124,214
Pravastatin (sodium),CVCL_1577,895,983
Pravastatin (sodium),CVCL_1635,9930,10422
Pravastatin (sodium),CVCL_1666,8187,9197
Pravastatin (sodium),CVCL_1693,15188,17293
Pravastatin (sodium),CVCL_1715,440,522
Pravastatin (sodium),CVCL_1716,940,1112
Pravastatin (sodium),CVCL_1717,9783,10754
Pravastatin (sodium),CVCL_1724,4697,5276
Pravastatin (sodium),CVCL_1731,10193,10822
Pravastatin (sodium),CVCL_C466,6648,7425
Procainamide (hydrochloride),CVCL_0023,3373,3526
Procainamide (hydrochloride),CVCL_0028,859,968
Procainamide (hydrochloride),CVCL_0069,2852,2947
Procainamide (hydrochloride),CVCL_0099,2895,3139
Procainamide (hydrochloride),CVCL_0131,2526,2560
Procainamide (hydrochloride),CVCL_0152,2911,3224
Procainamide (hydrochloride),CVCL_0179,1798,1893
Procainamide (hydrochloride),CVCL_0218,2557,2660
Procainamide (hydrochloride),CVCL_0292,2598,2907
Procainamide (hydrochloride),CVCL_0293,2955,3352
Procainamide (hydrochloride),CVCL_0320,3394,3502
Procainamide (hydrochloride),CVCL_0332,2410,2465
Procainamide (hydrochloride),CVCL_0334,5099,5647
Procainamide (hydrochloride),CVCL_0359,2915,2970
Procainamide (hydrochloride),CVCL_0366,1512,1575
Procainamide (hydrochloride),CVCL_0371,3566,3697
Procainamide (hydrochloride),CVCL_0397,2792,2982
Procainamide (hydrochloride),CVCL_0399,4181,4556
Procainamide (hydrochloride),CVCL_0428,5404,5495
Procainamide (hydrochloride),CVCL_0459,8528,8813
Procainamide (hydrochloride),CVCL_0480,7015,7148
Procainamide (hydrochloride),CVCL_0504,3297,3552
Procainamide (hydrochloride),CVCL_0546,10656,11095
Procainamide (hydrochloride),CVCL_1055,2595,2689
Procainamide (hydrochloride),CVCL_1056,3593,3658
Procainamide (hydrochloride),CVCL_1094,2645,2903
Procainamide (hydrochloride),CVCL_1097,2642,2786
Procainamide (hydrochloride),CVCL_1098,1030,1137
Procainamide (hydrochloride),CVCL_1119,4504,4662
Procainamide (hydrochloride),CVCL_1125,1245,1332
Procainamide (hydrochloride),CVCL_1239,1632,1668
Procainamide (hydrochloride),CVCL_1285,4485,4618
Procainamide (hydrochloride),CVCL_1381,3494,3587
Procainamide (hydrochloride),CVCL_1478,2961,3427
Procainamide (hydrochloride),CVCL_1495,3230,3288
Procainamide (hydrochloride),CVCL_1517,1711,1771
Procainamide (hydrochloride),CVCL_1531,42,53
Procainamide (hydrochloride),CVCL_1547,2118,2181
Procainamide (hydrochloride),CVCL_1550,3534,3785
Procainamide (hydrochloride),CVCL_1571,31,47
Procainamide (hydrochloride),CVCL_1577,227,252
Procainamide (hydrochloride),CVCL_1635,2881,2950
Procainamide (hydrochloride),CVCL_1666,2610,2760
Procainamide (hydrochloride),CVCL_1693,5420,5748
Procainamide (hydrochloride),CVCL_1715,97,112
Procainamide (hydrochloride),CVCL_1716,265,280
Procainamide (hydrochloride),CVCL_1717,2768,2980
Procainamide (hydrochloride),CVCL_1724,1418,1532
Procainamide (hydrochloride),CVCL_1731,2318,2414
Procainamide (hydrochloride),CVCL_C466,1733,1838
Proglumide,CVCL_0023,5175,5270
Proglumide,CVCL_0028,1169,1268
Proglumide,CVCL_0069,3887,3969
Proglumide,CVCL_0099,3942,4209
Proglumide,CVCL_0131,3662,3686
Proglumide,CVCL_0152,3850,4161
Proglumide,CVCL_0179,2337,2430
Proglumide,CVCL_0218,3078,3164
Proglumide,CVCL_0292,3843,4115
Proglumide,CVCL_0293,3849,4305
Proglumide,CVCL_0320,4286,4372
Proglumide,CVCL_0332,3607,3676
Proglumide,CVCL_0334,8312,8794
Proglumide,CVCL_0359,4853,4900
Proglumide,CVCL_0366,2424,2476
Proglumide,CVCL_0371,4610,4738
Proglumide,CVCL_0397,3622,3814
Proglumide,CVCL_0399,5492,5829
Proglumide,CVCL_0428,8264,8349
Proglumide,CVCL_0459,12948,13143
Proglumide,CVCL_0480,10432,10550
Proglumide,CVCL_0504,4834,5049
Proglumide,CVCL_0546,14575,14960
Proglumide,CVCL_1055,3074,3167
Proglumide,CVCL_1056,5749,5826
Proglumide,CVCL_1094,3560,3784
Proglumide,CVCL_1097,4050,4189
Proglumide,CVCL_1098,1592,1704
Proglumide,CVCL_1119,5659,5792
Proglumide,CVCL_1125,1507,1603
Proglumide,CVCL_1239,2541,2572
Proglumide,CVCL_1285,7181,7284
Proglumide,CVCL_1381,5012,5095
Proglumide,CVCL_1478,3707,4307
Proglumide,CVCL_1495,4328,4383
Proglumide,CVCL_1517,2447,2524
Proglumide,CVCL_1531,48,65
Proglumide,CVCL_1547,3463,3534
Proglumide,CVCL_1550,4260,4547
Proglumide,CVCL_1571,22,42
Proglumide,CVCL_1577,280,301
Proglumide,CVCL_1635,3737,3807
Proglumide,CVCL_1666,3773,3894
Proglumide,CVCL_1693,7127,7430
Proglumide,CVCL_1715,161,171
Proglumide,CVCL_1716,416,433
Proglumide,CVCL_1717,3805,4006
Proglumide,CVCL_1724,1887,2009
Proglumide,CVCL_1731,3569,3642
Proglumide,CVCL_C466,2775,2868
Pyridoxine,CVCL_0023,6580,6823
Pyridoxine,CVCL_0028,1406,1575
Pyridoxine,CVCL_0069,3140,3264
Pyridoxine,CVCL_0099,1946,2145
Pyridoxine,CVCL_0131,6206,6298
Pyridoxine,CVCL_0152,6228,6872
Pyridoxine,CVCL_0179,3323,3415
Pyridoxine,CVCL_0218,4083,4319
Pyridoxine,CVCL_0292,2979,3515
Pyridoxine,CVCL_0293,7178,7788
Pyridoxine,CVCL_0320,5299,5486
Pyridoxine,CVCL_0332,3333,3423
Pyridoxine,CVCL_0334,2758,3054
Pyridoxine,CVCL_0359,5477,5605
Pyridoxine,CVCL_0366,3711,3796
Pyridoxine,CVCL_0371,5659,5950
Pyridoxine,CVCL_0397,4397,4725
Pyridoxine,CVCL_0399,7919,8734
Pyridoxine,CVCL_0428,2742,2808
Pyridoxine,CVCL_0459,13217,13815
Pyridoxine,CVCL_0480,7497,7634
Pyridoxine,CVCL_0504,5303,5741
Pyridoxine,CVCL_0546,14148,15063
Pyridoxine,CVCL_1055,3137,3212
Pyridoxine,CVCL_1056,5628,5727
Pyridoxine,CVCL_1094,3345,3549
Pyridoxine,CVCL_1097,5376,5670
Pyridoxine,CVCL_1098,4357,4742
Pyridoxine,CVCL_1119,4677,4859
Pyridoxine,CVCL_1125,1079,1166
Pyridoxine,CVCL_1239,2222,2314
Pyridoxine,CVCL_1285,7102,7350
Pyridoxine,CVCL_1381,4597,4714
Pyridoxine,CVCL_1478,5117,5653
Pyridoxine,CVCL_1495,3931,4080
Pyridoxine,CVCL_1517,6117,6249
Pyridoxine,CVCL_1531,54,86
Pyridoxine,CVCL_1547,4616,4768
Pyridoxine,CVCL_1550,5278,5527
Pyridoxine,CVCL_1571,47,74
Pyridoxine,CVCL_1577,221,248
Pyridoxine,CVCL_1635,3822,3952
Pyridoxine,CVCL_1666,3673,4004
Pyridoxine,CVCL_1693,2936,3211
Pyridoxine,CVCL_1715,573,616
Pyridoxine,CVCL_1716,591,660
Pyridoxine,CVCL_1717,4842,5087
Pyridoxine,CVCL_1724,2704,2946
Pyridoxine,CVCL_1731,3748,3959
Pyridoxine,CVCL_C466,4615,4946
Pyridoxine (hydrochloride),CVCL_0023,9706,9813
Pyridoxine (hydrochloride),CVCL_0028,3757,3876
Pyridoxine (hydrochloride),CVCL_0069,5615,5712
Pyridoxine (hydrochloride),CVCL_0099,3816,3931
Pyridoxine (hydrochloride),CVCL_0131,9685,9794
Pyridoxine (hydrochloride),CVCL_0152,10151,10496
Pyridoxine (hydrochloride),CVCL_0179,5548,5697
Pyridoxine (hydrochloride),CVCL_0218,4949,5015
Pyridoxine (hydrochloride),CVCL_0292,5532,5807
Pyridoxine (hydrochloride),CVCL_0293,8681,9464
Pyridoxine (hydrochloride),CVCL_0320,7027,7270
Pyridoxine (hydrochloride),CVCL_0332,4822,4932
Pyridoxine (hydrochloride),CVCL_0334,3917,4122
Pyridoxine (hydrochloride),CVCL_0359,9823,9935
Pyridoxine (hydrochloride),CVCL_0366,5862,6025
Pyridoxine (hydrochloride),CVCL_0371,7219,7402
Pyridoxine (hydrochloride),CVCL_0397,5306,5627
Pyridoxine (hydrochloride),CVCL_0399,11185,11806
Pyridoxine (hydrochloride),CVCL_0428,4370,4438
Pyridoxine (hydrochloride),CVCL_0459,17808,18002
Pyridoxine (hydrochloride),CVCL_0480,9739,9996
Pyridoxine (hydrochloride),CVCL_0504,9549,9740
Pyridoxine (hydrochloride),CVCL_0546,20298,20722
Pyridoxine (hydrochloride),CVCL_1055,5953,6109
Pyridoxine (hydrochloride),CVCL_1056,8557,8715
Pyridoxine (hydrochloride),CVCL_1094,5990,6091
Pyridoxine (hydrochloride),CVCL_1097,7391,7510
Pyridoxine (hydrochloride),CVCL_1098,7454,7657
Pyridoxine (hydrochloride),CVCL_1119,6730,6882
Pyridoxine (hydrochloride),CVCL_1125,1908,1961
Pyridoxine (hydrochloride),CVCL_1239,3145,3193
Pyridoxine (hydrochloride),CVCL_1285,10691,10898
Pyridoxine (hydrochloride),CVCL_1381,7780,7906
Pyridoxine (hydrochloride),CVCL_1478,6244,6781
Pyridoxine (hydrochloride),CVCL_1495,5519,5584
Pyridoxine (hydrochloride),CVCL_1517,7606,7800
Pyridoxine (hydrochloride),CVCL_1531,102,124
Pyridoxine (hydrochloride),CVCL_1547,7021,7131
Pyridoxine (hydrochloride),CVCL_1550,6375,6875
Pyridoxine (hydrochloride),CVCL_1571,36,62
Pyridoxine (hydrochloride),CVCL_1577,416,452
Pyridoxine (hydrochloride),CVCL_1635,4874,4968
Pyridoxine (hydrochloride),CVCL_1666,5372,5457
Pyridoxine (hydrochloride),CVCL_1693,5799,5909
Pyridoxine (hydrochloride),CVCL_1715,548,573
Pyridoxine (hydrochloride),CVCL_1716,724,754
Pyridoxine (hydrochloride),CVCL_1717,6048,6356
Pyridoxine (hydrochloride),CVCL_1724,3763,3878
Pyridoxine (hydrochloride),CVCL_1731,5306,5473
Pyridoxine (hydrochloride),CVCL_C466,8103,8241
Quinestrol,CVCL_0023,11485,11731
Quinestrol,CVCL_0028,2845,3042
Quinestrol,CVCL_0069,5873,6058
Quinestrol,CVCL_0099,3170,3377
Quinestrol,CVCL_0131,11430,11528
Quinestrol,CVCL_0152,10960,11743
Quinestrol,CVCL_0179,5889,6054
Quinestrol,CVCL_0218,5838,6027
Quinestrol,CVCL_0292,5315,5963
Quinestrol,CVCL_0293,11992,12880
Quinestrol,CVCL_0320,8500,8759
Quinestrol,CVCL_0332,6241,6382
Quinestrol,CVCL_0334,4447,4822
Quinestrol,CVCL_0359,10054,10203
Quinestrol,CVCL_0366,7300,7454
Quinestrol,CVCL_0371,8967,9298
Quinestrol,CVCL_0397,6901,7331
Quinestrol,CVCL_0399,13607,14646
Quinestrol,CVCL_0428,4732,4827
Quinestrol,CVCL_0459,20546,21119
Quinestrol,CVCL_0480,12911,13122
Quinestrol,CVCL_0504,9468,9893
Quinestrol,CVCL_0546,22051,22969
Quinestrol,CVCL_1055,5906,6000
Quinestrol,CVCL_1056,10478,10632
Quinestrol,CVCL_1094,6078,6278
Quinestrol,CVCL_1097,8734,9066
Quinestrol,CVCL_1098,7735,8242
Quinestrol,CVCL_1119,8462,8692
Quinestrol,CVCL_1125,1632,1744
Quinestrol,CVCL_1239,3444,3518
Quinestrol,CVCL_1285,13123,13411
Quinestrol,CVCL_1381,8521,8725
Quinestrol,CVCL_1478,9221,9984
Quinestrol,CVCL_1495,6650,6814
Quinestrol,CVCL_1517,10218,10399
Quinestrol,CVCL_1531,121,162
Quinestrol,CVCL_1547,8175,8334
Quinestrol,CVCL_1550,8542,9007
Quinestrol,CVCL_1571,66,98
Quinestrol,CVCL_1577,459,492
Quinestrol,CVCL_1635,6174,6331
Quinestrol,CVCL_1666,6151,6491
Quinestrol,CVCL_1693,5121,5419
Quinestrol,CVCL_1715,766,815
Quinestrol,CVCL_1716,1006,1087
Quinestrol,CVCL_1717,7845,8203
Quinestrol,CVCL_1724,4014,4278
Quinestrol,CVCL_1731,6412,6647
Quinestrol,CVCL_C466,7897,8359
Quinidine (15% dihydroquinidine),CVCL_0023,5682,5852
Quinidine (15% dihydroquinidine),CVCL_0028,1023,1166
Quinidine (15% dihydroquinidine),CVCL_0069,3738,3872
Quinidine (15% dihydroquinidine),CVCL_0099,3531,3962
Quinidine (15% dihydroquinidine),CVCL_0131,3936,3999
Quinidine (15% dihydroquinidine),CVCL_0152,3997,4404
Quinidine (15% dihydroquinidine),CVCL_0179,2444,2538
Quinidine (15% dihydroquinidine),CVCL_0218,3484,3636
Quinidine (15% dihydroquinidine),CVCL_0292,3968,4468
Quinidine (15% dihydroquinidine),CVCL_0293,4584,5134
Quinidine (15% dihydroquinidine),CVCL_0320,4828,4956
Quinidine (15% dihydroquinidine),CVCL_0332,4305,4381
Quinidine (15% dihydroquinidine),CVCL_0334,8741,9288
Quinidine (15% dihydroquinidine),CVCL_0359,5124,5211
Quinidine (15% dihydroquinidine),CVCL_0366,2957,3039
Quinidine (15% dihydroquinidine),CVCL_0371,4878,5034
Quinidine (15% dihydroquinidine),CVCL_0397,4036,4260
Quinidine (15% dihydroquinidine),CVCL_0399,6304,6759
Quinidine (15% dihydroquinidine),CVCL_0428,8020,8164
Quinidine (15% dihydroquinidine),CVCL_0459,15272,15641
Quinidine (15% dihydroquinidine),CVCL_0480,10734,10858
Quinidine (15% dihydroquinidine),CVCL_0504,4924,5310
Quinidine (15% dihydroquinidine),CVCL_0546,14653,15342
Quinidine (15% dihydroquinidine),CVCL_1055,3402,3483
Quinidine (15% dihydroquinidine),CVCL_1056,6659,6732
Quinidine (15% dihydroquinidine),CVCL_1094,3290,3629
Quinidine (15% dihydroquinidine),CVCL_1097,4053,4282
Quinidine (15% dihydroquinidine),CVCL_1098,1829,1970
Quinidine (15% dihydroquinidine),CVCL_1119,6417,6629
Quinidine (15% dihydroquinidine),CVCL_1125,1659,1775
Quinidine (15% dihydroquinidine),CVCL_1239,3034,3107
Quinidine (15% dihydroquinidine),CVCL_1285,7842,8004
Quinidine (15% dihydroquinidine),CVCL_1381,5545,5681
Quinidine (15% dihydroquinidine),CVCL_1478,4061,4640
Quinidine (15% dihydroquinidine),CVCL_1495,4857,4935
Quinidine (15% dihydroquinidine),CVCL_1517,3168,3223
Quinidine (15% dihydroquinidine),CVCL_1531,67,80
Quinidine (15% dihydroquinidine),CVCL_1547,3746,3831
Quinidine (15% dihydroquinidine),CVCL_1550,5222,5463
Quinidine (15% dihydroquinidine),CVCL_1571,34,59
Quinidine (15% dihydroquinidine),CVCL_1577,308,337
Quinidine (15% dihydroquinidine),CVCL_1635,4219,4303
Quinidine (15% dihydroquinidine),CVCL_1666,4115,4294
Quinidine (15% dihydroquinidine),CVCL_1693,6674,7213
Quinidine (15% dihydroquinidine),CVCL_1715,190,214
Quinidine (15% dihydroquinidine),CVCL_1716,410,432
Quinidine (15% dihydroquinidine),CVCL_1717,3962,4207
Quinidine (15% dihydroquinidine),CVCL_1724,1894,2087
Quinidine (15% dihydroquinidine),CVCL_1731,4052,4159
Quinidine (15% dihydroquinidine),CVCL_C466,3402,3597
RMC-6236,CVCL_0023,7527,7613
RMC-6236,CVCL_0028,1635,1735
RMC-6236,CVCL_0069,2526,2602
RMC-6236,CVCL_0099,2305,2470
RMC-6236,CVCL_0131,8411,8468
RMC-6236,CVCL_0152,8772,9265
RMC-6236,CVCL_0179,4677,4882
RMC-6236,CVCL_0218,4094,4227
RMC-6236,CVCL_0292,5002,5501
RMC-6236,CVCL_0293,10102,10632
RMC-6236,CVCL_0320,6811,7005
RMC-6236,CVCL_0332,4718,4813
RMC-6236,CVCL_0334,3354,3679
RMC-6236,CVCL_0359,6877,6969
RMC-6236,CVCL_0366,4433,4535
RMC-6236,CVCL_0371,7613,7809
RMC-6236,CVCL_0397,6370,6655
RMC-6236,CVCL_0399,9746,10427
RMC-6236,CVCL_0428,2753,2787
RMC-6236,CVCL_0459,15840,16098
RMC-6236,CVCL_0480,9259,9474
RMC-6236,CVCL_0504,7097,7309
RMC-6236,CVCL_0546,17435,18063
RMC-6236,CVCL_1055,2939,3026
RMC-6236,CVCL_1056,6478,6599
RMC-6236,CVCL_1094,4457,4546
RMC-6236,CVCL_1097,7008,7166
RMC-6236,CVCL_1098,4751,5039
RMC-6236,CVCL_1119,6447,6568
RMC-6236,CVCL_1125,698,738
RMC-6236,CVCL_1239,2546,2580
RMC-6236,CVCL_1285,9714,9853
RMC-6236,CVCL_1381,6091,6186
RMC-6236,CVCL_1478,6929,7576
RMC-6236,CVCL_1495,2893,2941
RMC-6236,CVCL_1517,8690,8863
RMC-6236,CVCL_1531,62,80
RMC-6236,CVCL_1547,4463,4571
RMC-6236,CVCL_1550,7081,7646
RMC-6236,CVCL_1571,51,71
RMC-6236,CVCL_1577,301,331
RMC-6236,CVCL_1635,4311,4387
RMC-6236,CVCL_1666,4772,4920
RMC-6236,CVCL_1693,3583,3763
RMC-6236,CVCL_1715,960,977
RMC-6236,CVCL_1716,817,856
RMC-6236,CVCL_1717,6580,6895
RMC-6236,CVCL_1724,3367,3514
RMC-6236,CVCL_1731,4413,4563
RMC-6236,CVCL_C466,6724,6935
Radotinib,CVCL_0023,7092,7351
Radotinib,CVCL_0028,1939,2221
Radotinib,CVCL_0069,3310,3479
Radotinib,CVCL_0099,1846,2074
Radotinib,CVCL_0131,6432,6532
Radotinib,CVCL_0152,6374,7131
Radotinib,CVCL_0179,3617,3762
Radotinib,CVCL_0218,3690,3893
Radotinib,CVCL_0292,3322,3883
Radotinib,CVCL_0293,7033,7710
Radotinib,CVCL_0320,5806,6005
Radotinib,CVCL_0332,3554,3638
Radotinib,CVCL_0334,2770,3058
Radotinib,CVCL_0359,5575,5693
Radotinib,CVCL_0366,3676,3779
Radotinib,CVCL_0371,5981,6258
Radotinib,CVCL_0397,4404,4770
Radotinib,CVCL_0399,8048,8937
Radotinib,CVCL_0428,3187,3274
Radotinib,CVCL_0459,13060,13663
Radotinib,CVCL_0480,7490,7666
Radotinib,CVCL_0504,5897,6413
Radotinib,CVCL_0546,14801,15724
Radotinib,CVCL_1055,3366,3446
Radotinib,CVCL_1056,5923,6019
Radotinib,CVCL_1094,4111,4291
Radotinib,CVCL_1097,5301,5670
Radotinib,CVCL_1098,4490,4872
Radotinib,CVCL_1119,5149,5337
Radotinib,CVCL_1125,1049,1191
Radotinib,CVCL_1239,2089,2168
Radotinib,CVCL_1285,7393,7692
Radotinib,CVCL_1381,5560,5722
Radotinib,CVCL_1478,5171,5660
Radotinib,CVCL_1495,4296,4447
Radotinib,CVCL_1517,6142,6262
Radotinib,CVCL_1531,96,123
Radotinib,CVCL_1547,4892,5067
Radotinib,CVCL_1550,5534,5752
Radotinib,CVCL_1571,46,67
Radotinib,CVCL_1577,273,291
Radotinib,CVCL_1635,4026,4191
Radotinib,CVCL_1666,3749,4092
Radotinib,CVCL_1693,3256,3560
Radotinib,CVCL_1715,578,634
Radotinib,CVCL_1716,604,681
Radotinib,CVCL_1717,5097,5354
Radotinib,CVCL_1724,2783,3038
Radotinib,CVCL_1731,4154,4374
Radotinib,CVCL_C466,4326,4732
Ralimetinib dimesylate,CVCL_0023,4911,5136
Ralimetinib dimesylate,CVCL_0028,955,1151
Ralimetinib dimesylate,CVCL_0069,3012,3176
Ralimetinib dimesylate,CVCL_0099,2414,2662
Ralimetinib dimesylate,CVCL_0131,4357,4418
Ralimetinib dimesylate,CVCL_0152,4272,4907
Ralimetinib dimesylate,CVCL_0179,2642,2724
Ralimetinib dimesylate,CVCL_0218,3103,3316
Ralimetinib dimesylate,CVCL_0292,2864,3441
Ralimetinib dimesylate,CVCL_0293,5338,6001
Ralimetinib dimesylate,CVCL_0320,4348,4520
Ralimetinib dimesylate,CVCL_0332,3279,3399
Ralimetinib dimesylate,CVCL_0334,4591,4905
Ralimetinib dimesylate,CVCL_0359,3840,3951
Ralimetinib dimesylate,CVCL_0366,2601,2678
Ralimetinib dimesylate,CVCL_0371,4525,4785
Ralimetinib dimesylate,CVCL_0397,3929,4321
Ralimetinib dimesylate,CVCL_0399,6132,7026
Ralimetinib dimesylate,CVCL_0428,4270,4392
Ralimetinib dimesylate,CVCL_0459,11339,11930
Ralimetinib dimesylate,CVCL_0480,7318,7444
Ralimetinib dimesylate,CVCL_0504,4181,4640
Ralimetinib dimesylate,CVCL_0546,12757,13670
Ralimetinib dimesylate,CVCL_1055,2706,2774
Ralimetinib dimesylate,CVCL_1056,4519,4596
Ralimetinib dimesylate,CVCL_1094,3283,3578
Ralimetinib dimesylate,CVCL_1097,3707,4039
Ralimetinib dimesylate,CVCL_1098,2314,2675
Ralimetinib dimesylate,CVCL_1119,4818,4996
Ralimetinib dimesylate,CVCL_1125,969,1094
Ralimetinib dimesylate,CVCL_1239,2187,2286
Ralimetinib dimesylate,CVCL_1285,5873,6090
Ralimetinib dimesylate,CVCL_1381,3991,4121
Ralimetinib dimesylate,CVCL_1478,3939,4379
Ralimetinib dimesylate,CVCL_1495,3486,3608
Ralimetinib dimesylate,CVCL_1517,4251,4333
Ralimetinib dimesylate,CVCL_1531,54,86
Ralimetinib dimesylate,CVCL_1547,3397,3534
Ralimetinib dimesylate,CVCL_1550,4675,4835
Ralimetinib dimesylate,CVCL_1571,34,64
Ralimetinib dimesylate,CVCL_1577,210,242
Ralimetinib dimesylate,CVCL_1635,3642,3776
Ralimetinib dimesylate,CVCL_1666,3086,3465
Ralimetinib dimesylate,CVCL_1693,4560,4928
Ralimetinib dimesylate,CVCL_1715,390,444
Ralimetinib dimesylate,CVCL_1716,448,517
Ralimetinib dimesylate,CVCL_1717,3924,4156
Ralimetinib dimesylate,CVCL_1724,1929,2174
Ralimetinib dimesylate,CVCL_1731,3489,3691
Ralimetinib dimesylate,CVCL_C466,3075,3430
Raltitrexed,CVCL_0023,8954,9089
Raltitrexed,CVCL_0028,2470,2611
Raltitrexed,CVCL_0069,4632,4726
Raltitrexed,CVCL_0099,3033,3145
Raltitrexed,CVCL_0131,8629,8705
Raltitrexed,CVCL_0152,9347,9787
Raltitrexed,CVCL_0179,4919,5020
Raltitrexed,CVCL_0218,5325,5439
Raltitrexed,CVCL_0292,5213,5644
Raltitrexed,CVCL_0293,8729,9408
Raltitrexed,CVCL_0320,7251,7424
Raltitrexed,CVCL_0332,4543,4630
Raltitrexed,CVCL_0334,3700,3921
Raltitrexed,CVCL_0359,8027,8137
Raltitrexed,CVCL_0366,5505,5611
Raltitrexed,CVCL_0371,7197,7395
Raltitrexed,CVCL_0397,5812,6091
Raltitrexed,CVCL_0399,10943,11645
Raltitrexed,CVCL_0428,4101,4142
Raltitrexed,CVCL_0459,17514,17780
Raltitrexed,CVCL_0480,9903,10071
Raltitrexed,CVCL_0504,7949,8152
Raltitrexed,CVCL_0546,18384,18862
Raltitrexed,CVCL_1055,4630,4744
Raltitrexed,CVCL_1056,7735,7868
Raltitrexed,CVCL_1094,5056,5163
Raltitrexed,CVCL_1097,7284,7435
Raltitrexed,CVCL_1098,6131,6379
Raltitrexed,CVCL_1119,6161,6315
Raltitrexed,CVCL_1125,1610,1694
Raltitrexed,CVCL_1239,2930,2978
Raltitrexed,CVCL_1285,10021,10216
Raltitrexed,CVCL_1381,7031,7130
Raltitrexed,CVCL_1478,7096,7608
Raltitrexed,CVCL_1495,5070,5153
Raltitrexed,CVCL_1517,8044,8198
Raltitrexed,CVCL_1531,101,120
Raltitrexed,CVCL_1547,6138,6228
Raltitrexed,CVCL_1550,6212,6560
Raltitrexed,CVCL_1571,46,69
Raltitrexed,CVCL_1577,335,365
Raltitrexed,CVCL_1635,4754,4844
Raltitrexed,CVCL_1666,5050,5215
Raltitrexed,CVCL_1693,4594,4748
Raltitrexed,CVCL_1715,729,760
Raltitrexed,CVCL_1716,765,811
Raltitrexed,CVCL_1717,6240,6499
Raltitrexed,CVCL_1724,3614,3756
Raltitrexed,CVCL_1731,5330,5495
Raltitrexed,CVCL_C466,7183,7406
Ranolazine,CVCL_0023,6019,6286
Ranolazine,CVCL_0028,1008,1198
Ranolazine,CVCL_0069,3958,4110
Ranolazine,CVCL_0099,3733,4275
Ranolazine,CVCL_0131,4710,4798
Ranolazine,CVCL_0152,4446,4954
Ranolazine,CVCL_0179,2380,2532
Ranolazine,CVCL_0218,3674,3887
Ranolazine,CVCL_0292,3689,4223
Ranolazine,CVCL_0293,4913,5521
Ranolazine,CVCL_0320,5382,5514
Ranolazine,CVCL_0332,5044,5157
Ranolazine,CVCL_0334,9644,10647
Ranolazine,CVCL_0359,5455,5548
Ranolazine,CVCL_0366,3240,3323
Ranolazine,CVCL_0371,5472,5715
Ranolazine,CVCL_0397,4547,4849
Ranolazine,CVCL_0399,6140,6681
Ranolazine,CVCL_0428,9089,9262
Ranolazine,CVCL_0459,17088,17655
Ranolazine,CVCL_0480,12740,12880
Ranolazine,CVCL_0504,5300,5914
Ranolazine,CVCL_0546,16469,17475
Ranolazine,CVCL_1055,3454,3555
Ranolazine,CVCL_1056,7578,7678
Ranolazine,CVCL_1094,3381,3858
Ranolazine,CVCL_1097,4603,4964
Ranolazine,CVCL_1098,1859,2029
Ranolazine,CVCL_1119,6288,6496
Ranolazine,CVCL_1125,1437,1600
Ranolazine,CVCL_1239,3296,3385
Ranolazine,CVCL_1285,8766,9066
Ranolazine,CVCL_1381,5734,5889
Ranolazine,CVCL_1478,4391,4952
Ranolazine,CVCL_1495,5089,5189
Ranolazine,CVCL_1517,3605,3688
Ranolazine,CVCL_1531,52,68
Ranolazine,CVCL_1547,4116,4224
Ranolazine,CVCL_1550,4891,5138
Ranolazine,CVCL_1571,40,68
Ranolazine,CVCL_1577,335,357
Ranolazine,CVCL_1635,4333,4464
Ranolazine,CVCL_1666,4356,4665
Ranolazine,CVCL_1693,7186,7796
Ranolazine,CVCL_1715,262,281
Ranolazine,CVCL_1716,461,503
Ranolazine,CVCL_1717,4397,4750
Ranolazine,CVCL_1724,2215,2441
Ranolazine,CVCL_1731,4686,4837
Ranolazine,CVCL_C466,3533,3772
Rapamycin,CVCL_0023,7238,7396
Rapamycin,CVCL_0028,2178,2371
Rapamycin,CVCL_0069,4045,4152
Rapamycin,CVCL_0099,2328,2460
Rapamycin,CVCL_0131,6937,7019
Rapamycin,CVCL_0152,7198,7696
Rapamycin,CVCL_0179,3535,3650
Rapamycin,CVCL_0218,4184,4317
Rapamycin,CVCL_0292,3803,4263
Rapamycin,CVCL_0293,7818,8357
Rapamycin,CVCL_0320,5458,5630
Rapamycin,CVCL_0332,3650,3743
Rapamycin,CVCL_0334,2845,3057
Rapamycin,CVCL_0359,6564,6671
Rapamycin,CVCL_0366,4045,4162
Rapamycin,CVCL_0371,5523,5717
Rapamycin,CVCL_0397,4057,4311
Rapamycin,CVCL_0399,8690,9347
Rapamycin,CVCL_0428,3423,3499
Rapamycin,CVCL_0459,13341,13708
Rapamycin,CVCL_0480,7839,8017
Rapamycin,CVCL_0504,6392,6712
Rapamycin,CVCL_0546,14388,14999
Rapamycin,CVCL_1055,4100,4205
Rapamycin,CVCL_1056,5814,5913
Rapamycin,CVCL_1094,4333,4493
Rapamycin,CVCL_1097,5650,5910
Rapamycin,CVCL_1098,5265,5579
Rapamycin,CVCL_1119,5055,5223
Rapamycin,CVCL_1125,1255,1360
Rapamycin,CVCL_1239,1968,2024
Rapamycin,CVCL_1285,7955,8166
Rapamycin,CVCL_1381,5286,5408
Rapamycin,CVCL_1478,5737,6255
Rapamycin,CVCL_1495,4432,4545
Rapamycin,CVCL_1517,5681,5811
Rapamycin,CVCL_1531,96,125
Rapamycin,CVCL_1547,5379,5522
Rapamycin,CVCL_1550,5904,6218
Rapamycin,CVCL_1571,56,86
Rapamycin,CVCL_1577,308,338
Rapamycin,CVCL_1635,4045,4148
Rapamycin,CVCL_1666,4025,4230
Rapamycin,CVCL_1693,3739,3946
Rapamycin,CVCL_1715,482,522
Rapamycin,CVCL_1716,650,692
Rapamycin,CVCL_1717,5178,5396
Rapamycin,CVCL_1724,2917,3107
Rapamycin,CVCL_1731,4021,4216
Rapamycin,CVCL_C466,4934,5200
Regorafenib,CVCL_0023,12838,13187
Regorafenib,CVCL_0028,2613,2920
Regorafenib,CVCL_0069,7930,8223
Regorafenib,CVCL_0099,6471,6943
Regorafenib,CVCL_0131,11323,11458
Regorafenib,CVCL_0152,11685,12609
Regorafenib,CVCL_0179,6291,6502
Regorafenib,CVCL_0218,7275,7574
Regorafenib,CVCL_0292,8214,8922
Regorafenib,CVCL_0293,13199,14353
Regorafenib,CVCL_0320,10792,11166
Regorafenib,CVCL_0332,8448,8647
Regorafenib,CVCL_0334,12574,13327
Regorafenib,CVCL_0359,10680,10877
Regorafenib,CVCL_0366,6820,7021
Regorafenib,CVCL_0371,11792,12257
Regorafenib,CVCL_0397,9524,10094
Regorafenib,CVCL_0399,16167,17367
Regorafenib,CVCL_0428,11550,11799
Regorafenib,CVCL_0459,27528,28345
Regorafenib,CVCL_0480,20034,20404
Regorafenib,CVCL_0504,10984,11636
Regorafenib,CVCL_0546,30455,31698
Regorafenib,CVCL_1055,6951,7156
Regorafenib,CVCL_1056,13008,13227
Regorafenib,CVCL_1094,7912,8406
Regorafenib,CVCL_1097,10022,10421
Regorafenib,CVCL_1098,6096,6493
Regorafenib,CVCL_1119,12631,13020
Regorafenib,CVCL_1125,2971,3156
Regorafenib,CVCL_1239,5174,5301
Regorafenib,CVCL_1285,15596,15968
Regorafenib,CVCL_1381,10821,11126
Regorafenib,CVCL_1478,10087,11082
Regorafenib,CVCL_1495,9672,9882
Regorafenib,CVCL_1517,9796,10028
Regorafenib,CVCL_1531,145,196
Regorafenib,CVCL_1547,8454,8691
Regorafenib,CVCL_1550,11421,12099
Regorafenib,CVCL_1571,71,132
Regorafenib,CVCL_1577,688,778
Regorafenib,CVCL_1635,8958,9191
Regorafenib,CVCL_1666,8423,8868
Regorafenib,CVCL_1693,11973,12664
Regorafenib,CVCL_1715,736,808
Regorafenib,CVCL_1716,1023,1085
Regorafenib,CVCL_1717,9735,10266
Regorafenib,CVCL_1724,4927,5305
Regorafenib,CVCL_1731,8570,8919
Regorafenib,CVCL_C466,8577,9044
Relugolix,CVCL_0023,10091,10245
Relugolix,CVCL_0028,3107,3244
Relugolix,CVCL_0069,5736,5854
Relugolix,CVCL_0099,3283,3405
Relugolix,CVCL_0131,10449,10538
Relugolix,CVCL_0152,10537,11016
Relugolix,CVCL_0179,5780,5935
Relugolix,CVCL_0218,5248,5357
Relugolix,CVCL_0292,5378,5738
Relugolix,CVCL_0293,9181,10111
Relugolix,CVCL_0320,7302,7494
Relugolix,CVCL_0332,5407,5516
Relugolix,CVCL_0334,4255,4505
Relugolix,CVCL_0359,10062,10182
Relugolix,CVCL_0366,6285,6397
Relugolix,CVCL_0371,7808,8053
Relugolix,CVCL_0397,5878,6176
Relugolix,CVCL_0399,12050,12957
Relugolix,CVCL_0428,4712,4783
Relugolix,CVCL_0459,17372,17660
Relugolix,CVCL_0480,11675,11885
Relugolix,CVCL_0504,9227,9478
Relugolix,CVCL_0546,19887,20440
Relugolix,CVCL_1055,6178,6353
Relugolix,CVCL_1056,9106,9248
Relugolix,CVCL_1094,5626,5746
Relugolix,CVCL_1097,8552,8758
Relugolix,CVCL_1098,6517,6792
Relugolix,CVCL_1119,7267,7439
Relugolix,CVCL_1125,1614,1700
Relugolix,CVCL_1239,3004,3061
Relugolix,CVCL_1285,11473,11667
Relugolix,CVCL_1381,7777,7891
Relugolix,CVCL_1478,7807,8596
Relugolix,CVCL_1495,5982,6067
Relugolix,CVCL_1517,8466,8655
Relugolix,CVCL_1531,98,121
Relugolix,CVCL_1547,7326,7423
Relugolix,CVCL_1550,7372,7919
Relugolix,CVCL_1571,34,58
Relugolix,CVCL_1577,457,494
Relugolix,CVCL_1635,5272,5394
Relugolix,CVCL_1666,5568,5742
Relugolix,CVCL_1693,5194,5350
Relugolix,CVCL_1715,565,600
Relugolix,CVCL_1716,891,934
Relugolix,CVCL_1717,6650,6980
Relugolix,CVCL_1724,3512,3634
Relugolix,CVCL_1731,5509,5675
Relugolix,CVCL_C466,7481,7733
Resveratrol,CVCL_0023,7870,8293
Resveratrol,CVCL_0028,1921,2286
Resveratrol,CVCL_0069,4237,4485
Resveratrol,CVCL_0099,2262,2572
Resveratrol,CVCL_0131,8391,8541
Resveratrol,CVCL_0152,7043,8072
Resveratrol,CVCL_0179,4126,4267
Resveratrol,CVCL_0218,3971,4258
Resveratrol,CVCL_0292,3022,3768
Resveratrol,CVCL_0293,7921,8738
Resveratrol,CVCL_0320,5759,6016
Resveratrol,CVCL_0332,4320,4466
Resveratrol,CVCL_0334,2970,3409
Resveratrol,CVCL_0359,7882,8113
Resveratrol,CVCL_0366,5028,5179
Resveratrol,CVCL_0371,5902,6273
Resveratrol,CVCL_0397,4226,4574
Resveratrol,CVCL_0399,8767,9926
Resveratrol,CVCL_0428,3918,4041
Resveratrol,CVCL_0459,12501,13362
Resveratrol,CVCL_0480,9602,9775
Resveratrol,CVCL_0504,6535,7363
Resveratrol,CVCL_0546,14216,15489
Resveratrol,CVCL_1055,4770,4863
Resveratrol,CVCL_1056,7629,7760
Resveratrol,CVCL_1094,4170,4514
Resveratrol,CVCL_1097,5625,6141
Resveratrol,CVCL_1098,4657,5250
Resveratrol,CVCL_1119,6067,6335
Resveratrol,CVCL_1125,981,1138
Resveratrol,CVCL_1239,2144,2271
Resveratrol,CVCL_1285,8955,9394
Resveratrol,CVCL_1381,5796,6019
Resveratrol,CVCL_1478,6229,6865
Resveratrol,CVCL_1495,4696,4907
Resveratrol,CVCL_1517,7041,7162
Resveratrol,CVCL_1531,124,164
Resveratrol,CVCL_1547,5739,5988
Resveratrol,CVCL_1550,6982,7213
Resveratrol,CVCL_1571,57,106
Resveratrol,CVCL_1577,372,413
Resveratrol,CVCL_1635,4439,4640
Resveratrol,CVCL_1666,3902,4410
Resveratrol,CVCL_1693,3698,4148
Resveratrol,CVCL_1715,476,554
Resveratrol,CVCL_1716,622,739
Resveratrol,CVCL_1717,5774,6059
Resveratrol,CVCL_1724,2515,2820
Resveratrol,CVCL_1731,4115,4435
Resveratrol,CVCL_C466,4437,5001
Retinoic acid,CVCL_0023,9281,9426
Retinoic acid,CVCL_0028,2540,2675
Retinoic acid,CVCL_0069,4756,4873
Retinoic acid,CVCL_0099,2977,3089
Retinoic acid,CVCL_0131,9199,9293
Retinoic acid,CVCL_0152,9643,10099
Retinoic acid,CVCL_0179,4820,4902
Retinoic acid,CVCL_0218,5302,5428
Retinoic acid,CVCL_0292,4879,5286
Retinoic acid,CVCL_0293,9329,10064
Retinoic acid,CVCL_0320,7192,7387
Retinoic acid,CVCL_0332,4800,4929
Retinoic acid,CVCL_0334,3868,4074
Retinoic acid,CVCL_0359,8414,8516
Retinoic acid,CVCL_0366,5724,5832
Retinoic acid,CVCL_0371,7256,7459
Retinoic acid,CVCL_0397,5467,5784
Retinoic acid,CVCL_0399,11254,12046
Retinoic acid,CVCL_0428,4079,4137
Retinoic acid,CVCL_0459,15903,16209
Retinoic acid,CVCL_0480,10072,10265
Retinoic acid,CVCL_0504,7473,7709
Retinoic acid,CVCL_0546,18130,18670
Retinoic acid,CVCL_1055,4639,4753
Retinoic acid,CVCL_1056,8220,8379
Retinoic acid,CVCL_1094,4734,4855
Retinoic acid,CVCL_1097,7296,7482
Retinoic acid,CVCL_1098,6900,7185
Retinoic acid,CVCL_1119,6735,6885
Retinoic acid,CVCL_1125,1417,1464
Retinoic acid,CVCL_1239,2491,2535
Retinoic acid,CVCL_1285,10235,10437
Retinoic acid,CVCL_1381,6995,7130
Retinoic acid,CVCL_1478,7064,7686
Retinoic acid,CVCL_1495,5421,5528
Retinoic acid,CVCL_1517,7716,7908
Retinoic acid,CVCL_1531,111,131
Retinoic acid,CVCL_1547,6198,6333
Retinoic acid,CVCL_1550,6964,7439
Retinoic acid,CVCL_1571,53,71
Retinoic acid,CVCL_1577,311,351
Retinoic acid,CVCL_1635,4924,5038
Retinoic acid,CVCL_1666,5045,5207
Retinoic acid,CVCL_1693,4580,4764
Retinoic acid,CVCL_1715,514,540
Retinoic acid,CVCL_1716,715,755
Retinoic acid,CVCL_1717,6549,6861
Retinoic acid,CVCL_1724,3376,3533
Retinoic acid,CVCL_1731,4891,5025
Retinoic acid,CVCL_C466,6814,7036
Ribociclib,CVCL_0023,6615,6906
Ribociclib,CVCL_0028,1195,1378
Ribociclib,CVCL_0069,5049,5221
Ribociclib,CVCL_0099,4001,4442
Ribociclib,CVCL_0131,5553,5662
Ribociclib,CVCL_0152,5004,5480
Ribociclib,CVCL_0179,3141,3243
Ribociclib,CVCL_0218,3880,4033
Ribociclib,CVCL_0292,4742,5155
Ribociclib,CVCL_0293,5910,6575
Ribociclib,CVCL_0320,5453,5627
Ribociclib,CVCL_0332,5393,5497
Ribociclib,CVCL_0334,10911,11647
Ribociclib,CVCL_0359,6969,7139
Ribociclib,CVCL_0366,4249,4361
Ribociclib,CVCL_0371,5782,6009
Ribociclib,CVCL_0397,4856,5136
Ribociclib,CVCL_0399,7966,8537
Ribociclib,CVCL_0428,9701,10008
Ribociclib,CVCL_0459,16532,17106
Ribociclib,CVCL_0480,13908,14117
Ribociclib,CVCL_0504,5311,5808
Ribociclib,CVCL_0546,17286,18078
Ribociclib,CVCL_1055,3902,4004
Ribociclib,CVCL_1056,9088,9210
Ribociclib,CVCL_1094,3854,4186
Ribociclib,CVCL_1097,5116,5378
Ribociclib,CVCL_1098,2288,2501
Ribociclib,CVCL_1119,7698,7995
Ribociclib,CVCL_1125,1912,2072
Ribociclib,CVCL_1239,3112,3194
Ribociclib,CVCL_1285,10186,10467
Ribociclib,CVCL_1381,6168,6302
Ribociclib,CVCL_1478,5471,6124
Ribociclib,CVCL_1495,6243,6375
Ribociclib,CVCL_1517,3674,3800
Ribociclib,CVCL_1531,74,97
Ribociclib,CVCL_1547,4692,4849
Ribociclib,CVCL_1550,6409,6737
Ribociclib,CVCL_1571,46,69
Ribociclib,CVCL_1577,403,437
Ribociclib,CVCL_1635,5139,5284
Ribociclib,CVCL_1666,4363,4644
Ribociclib,CVCL_1693,7635,8186
Ribociclib,CVCL_1715,177,200
Ribociclib,CVCL_1716,563,612
Ribociclib,CVCL_1717,5007,5355
Ribociclib,CVCL_1724,2226,2442
Ribociclib,CVCL_1731,4986,5169
Ribociclib,CVCL_C466,4009,4228
Rifaximin,CVCL_0023,4899,5231
Rifaximin,CVCL_0028,973,1205
Rifaximin,CVCL_0069,3580,3773
Rifaximin,CVCL_0099,3413,4009
Rifaximin,CVCL_0131,3515,3626
Rifaximin,CVCL_0152,3342,3878
Rifaximin,CVCL_0179,2311,2439
Rifaximin,CVCL_0218,2705,2943
Rifaximin,CVCL_0292,3109,3652
Rifaximin,CVCL_0293,3625,4183
Rifaximin,CVCL_0320,3955,4154
Rifaximin,CVCL_0332,3673,3784
Rifaximin,CVCL_0334,7256,8174
Rifaximin,CVCL_0359,4890,5055
Rifaximin,CVCL_0366,2502,2598
Rifaximin,CVCL_0371,4245,4541
Rifaximin,CVCL_0397,3166,3408
Rifaximin,CVCL_0399,5489,6048
Rifaximin,CVCL_0428,8339,8563
Rifaximin,CVCL_0459,11265,11919
Rifaximin,CVCL_0480,9816,10011
Rifaximin,CVCL_0504,4293,4978
Rifaximin,CVCL_0546,12592,13729
Rifaximin,CVCL_1055,3572,3678
Rifaximin,CVCL_1056,5677,5764
Rifaximin,CVCL_1094,3116,3647
Rifaximin,CVCL_1097,3124,3454
Rifaximin,CVCL_1098,1474,1689
Rifaximin,CVCL_1119,6017,6314
Rifaximin,CVCL_1125,1370,1564
Rifaximin,CVCL_1239,2399,2509
Rifaximin,CVCL_1285,6574,6898
Rifaximin,CVCL_1381,4963,5133
Rifaximin,CVCL_1478,3678,4251
Rifaximin,CVCL_1495,4431,4583
Rifaximin,CVCL_1517,2409,2508
Rifaximin,CVCL_1531,52,75
Rifaximin,CVCL_1547,3417,3582
Rifaximin,CVCL_1550,4894,5133
Rifaximin,CVCL_1571,46,72
Rifaximin,CVCL_1577,324,358
Rifaximin,CVCL_1635,3813,3962
Rifaximin,CVCL_1666,3185,3524
Rifaximin,CVCL_1693,6906,7725
Rifaximin,CVCL_1715,153,193
Rifaximin,CVCL_1716,354,399
Rifaximin,CVCL_1717,3464,3766
Rifaximin,CVCL_1724,1513,1727
Rifaximin,CVCL_1731,3234,3471
Rifaximin,CVCL_C466,2339,2568
Riluzole hydrochloride,CVCL_0023,9054,9252
Riluzole hydrochloride,CVCL_0028,2439,2572
Riluzole hydrochloride,CVCL_0069,4498,4642
Riluzole hydrochloride,CVCL_0099,2837,2986
Riluzole hydrochloride,CVCL_0131,8865,8976
Riluzole hydrochloride,CVCL_0152,9614,10177
Riluzole hydrochloride,CVCL_0179,4601,4755
Riluzole hydrochloride,CVCL_0218,5662,5860
Riluzole hydrochloride,CVCL_0292,4567,5020
Riluzole hydrochloride,CVCL_0293,9792,10508
Riluzole hydrochloride,CVCL_0320,7789,8006
Riluzole hydrochloride,CVCL_0332,4450,4556
Riluzole hydrochloride,CVCL_0334,3620,3966
Riluzole hydrochloride,CVCL_0359,7693,7827
Riluzole hydrochloride,CVCL_0366,5036,5170
Riluzole hydrochloride,CVCL_0371,7747,8046
Riluzole hydrochloride,CVCL_0397,6110,6478
Riluzole hydrochloride,CVCL_0399,11525,12452
Riluzole hydrochloride,CVCL_0428,3668,3735
Riluzole hydrochloride,CVCL_0459,15994,16440
Riluzole hydrochloride,CVCL_0480,9799,10004
Riluzole hydrochloride,CVCL_0504,7381,7676
Riluzole hydrochloride,CVCL_0546,19726,20501
Riluzole hydrochloride,CVCL_1055,4524,4633
Riluzole hydrochloride,CVCL_1056,7573,7713
Riluzole hydrochloride,CVCL_1094,4948,5092
Riluzole hydrochloride,CVCL_1097,7244,7493
Riluzole hydrochloride,CVCL_1098,6596,6984
Riluzole hydrochloride,CVCL_1119,6797,6983
Riluzole hydrochloride,CVCL_1125,1516,1595
Riluzole hydrochloride,CVCL_1239,2785,2861
Riluzole hydrochloride,CVCL_1285,10303,10579
Riluzole hydrochloride,CVCL_1381,6923,7094
Riluzole hydrochloride,CVCL_1478,7454,8101
Riluzole hydrochloride,CVCL_1495,5318,5441
Riluzole hydrochloride,CVCL_1517,8186,8347
Riluzole hydrochloride,CVCL_1531,101,136
Riluzole hydrochloride,CVCL_1547,6053,6200
Riluzole hydrochloride,CVCL_1550,7010,7485
Riluzole hydrochloride,CVCL_1571,42,83
Riluzole hydrochloride,CVCL_1577,316,358
Riluzole hydrochloride,CVCL_1635,5101,5241
Riluzole hydrochloride,CVCL_1666,5185,5445
Riluzole hydrochloride,CVCL_1693,4388,4589
Riluzole hydrochloride,CVCL_1715,701,737
Riluzole hydrochloride,CVCL_1716,841,905
Riluzole hydrochloride,CVCL_1717,6695,7023
Riluzole hydrochloride,CVCL_1724,3760,3973
Riluzole hydrochloride,CVCL_1731,5375,5642
Riluzole hydrochloride,CVCL_C466,6603,6936
Rimonabant,CVCL_0023,9078,9318
Rimonabant,CVCL_0028,2592,2784
Rimonabant,CVCL_0069,4859,5000
Rimonabant,CVCL_0099,2747,2924
Rimonabant,CVCL_0131,9614,9722
Rimonabant,CVCL_0152,9067,9747
Rimonabant,CVCL_0179,4738,4946
Rimonabant,CVCL_0218,4266,4443
Rimonabant,CVCL_0292,4269,4756
Rimonabant,CVCL_0293,8513,9334
Rimonabant,CVCL_0320,6834,7070
Rimonabant,CVCL_0332,4927,5051
Rimonabant,CVCL_0334,3647,4008
Rimonabant,CVCL_0359,8960,9123
Rimonabant,CVCL_0366,5891,6018
Rimonabant,CVCL_0371,6868,7146
Rimonabant,CVCL_0397,5165,5520
Rimonabant,CVCL_0399,10297,11194
Rimonabant,CVCL_0428,4265,4349
Rimonabant,CVCL_0459,15008,15450
Rimonabant,CVCL_0480,10424,10686
Rimonabant,CVCL_0504,7521,7956
Rimonabant,CVCL_0546,17042,17809
Rimonabant,CVCL_1055,5336,5473
Rimonabant,CVCL_1056,8738,8883
Rimonabant,CVCL_1094,4762,4931
Rimonabant,CVCL_1097,7569,7827
Rimonabant,CVCL_1098,5591,5936
Rimonabant,CVCL_1119,6389,6595
Rimonabant,CVCL_1125,1280,1385
Rimonabant,CVCL_1239,2600,2669
Rimonabant,CVCL_1285,10820,11117
Rimonabant,CVCL_1381,7213,7355
Rimonabant,CVCL_1478,6480,7178
Rimonabant,CVCL_1495,5281,5398
Rimonabant,CVCL_1517,7923,8111
Rimonabant,CVCL_1531,105,125
Rimonabant,CVCL_1547,6447,6591
Rimonabant,CVCL_1550,7016,7541
Rimonabant,CVCL_1571,50,73
Rimonabant,CVCL_1577,419,458
Rimonabant,CVCL_1635,4731,4877
Rimonabant,CVCL_1666,4756,5050
Rimonabant,CVCL_1693,4416,4653
Rimonabant,CVCL_1715,538,575
Rimonabant,CVCL_1716,784,870
Rimonabant,CVCL_1717,6132,6463
Rimonabant,CVCL_1724,3002,3201
Rimonabant,CVCL_1731,4912,5126
Rimonabant,CVCL_C466,6039,6373
Rimonabant (Hydrochloride),CVCL_0023,6010,6168
Rimonabant (Hydrochloride),CVCL_0028,1080,1204
Rimonabant (Hydrochloride),CVCL_0069,4647,4804
Rimonabant (Hydrochloride),CVCL_0099,3677,4000
Rimonabant (Hydrochloride),CVCL_0131,5192,5268
Rimonabant (Hydrochloride),CVCL_0152,4591,5011
Rimonabant (Hydrochloride),CVCL_0179,2799,2867
Rimonabant (Hydrochloride),CVCL_0218,3751,3879
Rimonabant (Hydrochloride),CVCL_0292,4614,4949
Rimonabant (Hydrochloride),CVCL_0293,5410,6062
Rimonabant (Hydrochloride),CVCL_0320,5125,5254
Rimonabant (Hydrochloride),CVCL_0332,4913,5018
Rimonabant (Hydrochloride),CVCL_0334,9521,10050
Rimonabant (Hydrochloride),CVCL_0359,5743,5890
Rimonabant (Hydrochloride),CVCL_0366,3454,3540
Rimonabant (Hydrochloride),CVCL_0371,5459,5643
Rimonabant (Hydrochloride),CVCL_0397,4588,4849
Rimonabant (Hydrochloride),CVCL_0399,7278,7781
Rimonabant (Hydrochloride),CVCL_0428,7854,8103
Rimonabant (Hydrochloride),CVCL_0459,14999,15452
Rimonabant (Hydrochloride),CVCL_0480,12200,12397
Rimonabant (Hydrochloride),CVCL_0504,5095,5430
Rimonabant (Hydrochloride),CVCL_0546,16744,17319
Rimonabant (Hydrochloride),CVCL_1055,3713,3818
Rimonabant (Hydrochloride),CVCL_1056,7777,7900
Rimonabant (Hydrochloride),CVCL_1094,3572,3832
Rimonabant (Hydrochloride),CVCL_1097,4711,4904
Rimonabant (Hydrochloride),CVCL_1098,2076,2220
Rimonabant (Hydrochloride),CVCL_1119,7143,7392
Rimonabant (Hydrochloride),CVCL_1125,1840,1966
Rimonabant (Hydrochloride),CVCL_1239,3025,3089
Rimonabant (Hydrochloride),CVCL_1285,8673,8866
Rimonabant (Hydrochloride),CVCL_1381,5721,5852
Rimonabant (Hydrochloride),CVCL_1478,4642,5220
Rimonabant (Hydrochloride),CVCL_1495,5595,5683
Rimonabant (Hydrochloride),CVCL_1517,3309,3420
Rimonabant (Hydrochloride),CVCL_1531,67,89
Rimonabant (Hydrochloride),CVCL_1547,4129,4269
Rimonabant (Hydrochloride),CVCL_1550,5484,5800
Rimonabant (Hydrochloride),CVCL_1571,38,54
Rimonabant (Hydrochloride),CVCL_1577,306,350
Rimonabant (Hydrochloride),CVCL_1635,4666,4788
Rimonabant (Hydrochloride),CVCL_1666,4156,4355
Rimonabant (Hydrochloride),CVCL_1693,7209,7665
Rimonabant (Hydrochloride),CVCL_1715,209,228
Rimonabant (Hydrochloride),CVCL_1716,498,528
Rimonabant (Hydrochloride),CVCL_1717,4541,4846
Rimonabant (Hydrochloride),CVCL_1724,2197,2352
Rimonabant (Hydrochloride),CVCL_1731,4654,4804
Rimonabant (Hydrochloride),CVCL_C466,3564,3683
Ritonavir,CVCL_0023,7055,7485
Ritonavir,CVCL_0028,1936,2291
Ritonavir,CVCL_0069,3766,4029
Ritonavir,CVCL_0099,1961,2271
Ritonavir,CVCL_0131,7144,7260
Ritonavir,CVCL_0152,6769,7715
Ritonavir,CVCL_0179,3943,4082
Ritonavir,CVCL_0218,3598,3950
Ritonavir,CVCL_0292,3097,3736
Ritonavir,CVCL_0293,6818,7505
Ritonavir,CVCL_0320,5405,5705
Ritonavir,CVCL_0332,3929,4056
Ritonavir,CVCL_0334,2705,3099
Ritonavir,CVCL_0359,6693,6868
Ritonavir,CVCL_0366,4423,4565
Ritonavir,CVCL_0371,5554,5933
Ritonavir,CVCL_0397,4300,4658
Ritonavir,CVCL_0399,8319,9319
Ritonavir,CVCL_0428,3378,3490
Ritonavir,CVCL_0459,12037,12955
Ritonavir,CVCL_0480,8242,8410
Ritonavir,CVCL_0504,6393,7163
Ritonavir,CVCL_0546,13349,14772
Ritonavir,CVCL_1055,4171,4280
Ritonavir,CVCL_1056,6355,6474
Ritonavir,CVCL_1094,4047,4456
Ritonavir,CVCL_1097,5339,5814
Ritonavir,CVCL_1098,4153,4730
Ritonavir,CVCL_1119,5440,5721
Ritonavir,CVCL_1125,1043,1212
Ritonavir,CVCL_1239,2095,2227
Ritonavir,CVCL_1285,8099,8559
Ritonavir,CVCL_1381,5819,6057
Ritonavir,CVCL_1478,5397,5978
Ritonavir,CVCL_1495,4508,4758
Ritonavir,CVCL_1517,6519,6664
Ritonavir,CVCL_1531,95,133
Ritonavir,CVCL_1547,5687,5928
Ritonavir,CVCL_1550,6190,6471
Ritonavir,CVCL_1571,53,101
Ritonavir,CVCL_1577,320,362
Ritonavir,CVCL_1635,4088,4260
Ritonavir,CVCL_1666,3453,3915
Ritonavir,CVCL_1693,3226,3622
Ritonavir,CVCL_1715,515,597
Ritonavir,CVCL_1716,646,739
Ritonavir,CVCL_1717,5088,5410
Ritonavir,CVCL_1724,2600,2907
Ritonavir,CVCL_1731,3987,4341
Ritonavir,CVCL_C466,4245,4796
Ropivacaine (hydrochloride monohydrate),CVCL_0023,7082,7579
Ropivacaine (hydrochloride monohydrate),CVCL_0028,1681,2019
Ropivacaine (hydrochloride monohydrate),CVCL_0069,3812,4092
Ropivacaine (hydrochloride monohydrate),CVCL_0099,2111,2470
Ropivacaine (hydrochloride monohydrate),CVCL_0131,7222,7369
Ropivacaine (hydrochloride monohydrate),CVCL_0152,6270,7332
Ropivacaine (hydrochloride monohydrate),CVCL_0179,4012,4154
Ropivacaine (hydrochloride monohydrate),CVCL_0218,3647,4045
Ropivacaine (hydrochloride monohydrate),CVCL_0292,2933,3681
Ropivacaine (hydrochloride monohydrate),CVCL_0293,6764,7583
Ropivacaine (hydrochloride monohydrate),CVCL_0320,5767,6089
Ropivacaine (hydrochloride monohydrate),CVCL_0332,4063,4188
Ropivacaine (hydrochloride monohydrate),CVCL_0334,2757,3235
Ropivacaine (hydrochloride monohydrate),CVCL_0359,7025,7229
Ropivacaine (hydrochloride monohydrate),CVCL_0366,4615,4736
Ropivacaine (hydrochloride monohydrate),CVCL_0371,5873,6271
Ropivacaine (hydrochloride monohydrate),CVCL_0397,4163,4578
Ropivacaine (hydrochloride monohydrate),CVCL_0399,8018,9092
Ropivacaine (hydrochloride monohydrate),CVCL_0428,3498,3638
Ropivacaine (hydrochloride monohydrate),CVCL_0459,11729,12699
Ropivacaine (hydrochloride monohydrate),CVCL_0480,8319,8471
Ropivacaine (hydrochloride monohydrate),CVCL_0504,6532,7449
Ropivacaine (hydrochloride monohydrate),CVCL_0546,14009,15613
Ropivacaine (hydrochloride monohydrate),CVCL_1055,4184,4273
Ropivacaine (hydrochloride monohydrate),CVCL_1056,6673,6802
Ropivacaine (hydrochloride monohydrate),CVCL_1094,3915,4300
Ropivacaine (hydrochloride monohydrate),CVCL_1097,5194,5721
Ropivacaine (hydrochloride monohydrate),CVCL_1098,3970,4546
Ropivacaine (hydrochloride monohydrate),CVCL_1119,5480,5783
Ropivacaine (hydrochloride monohydrate),CVCL_1125,899,1104
Ropivacaine (hydrochloride monohydrate),CVCL_1239,2023,2181
Ropivacaine (hydrochloride monohydrate),CVCL_1285,7931,8492
Ropivacaine (hydrochloride monohydrate),CVCL_1381,5894,6165
Ropivacaine (hydrochloride monohydrate),CVCL_1478,5054,5668
Ropivacaine (hydrochloride monohydrate),CVCL_1495,4201,4434
Ropivacaine (hydrochloride monohydrate),CVCL_1517,6403,6537
Ropivacaine (hydrochloride monohydrate),CVCL_1531,71,108
Ropivacaine (hydrochloride monohydrate),CVCL_1547,5567,5823
Ropivacaine (hydrochloride monohydrate),CVCL_1550,6234,6461
Ropivacaine (hydrochloride monohydrate),CVCL_1571,57,104
Ropivacaine (hydrochloride monohydrate),CVCL_1577,321,369
Ropivacaine (hydrochloride monohydrate),CVCL_1635,4148,4377
Ropivacaine (hydrochloride monohydrate),CVCL_1666,3535,4082
Ropivacaine (hydrochloride monohydrate),CVCL_1693,3274,3808
Ropivacaine (hydrochloride monohydrate),CVCL_1715,467,536
Ropivacaine (hydrochloride monohydrate),CVCL_1716,510,622
Ropivacaine (hydrochloride monohydrate),CVCL_1717,5154,5459
Ropivacaine (hydrochloride monohydrate),CVCL_1724,2458,2778
Ropivacaine (hydrochloride monohydrate),CVCL_1731,3925,4304
Ropivacaine (hydrochloride monohydrate),CVCL_C466,4100,4694
Rosiglitazone,CVCL_0023,4643,4899
Rosiglitazone,CVCL_0028,956,1176
Rosiglitazone,CVCL_0069,3790,3968
Rosiglitazone,CVCL_0099,3159,3611
Rosiglitazone,CVCL_0131,3775,3873
Rosiglitazone,CVCL_0152,3330,3750
Rosiglitazone,CVCL_0179,2323,2447
Rosiglitazone,CVCL_0218,2952,3147
Rosiglitazone,CVCL_0292,3173,3657
Rosiglitazone,CVCL_0293,4004,4484
Rosiglitazone,CVCL_0320,4287,4427
Rosiglitazone,CVCL_0332,3945,4046
Rosiglitazone,CVCL_0334,7142,7854
Rosiglitazone,CVCL_0359,4687,4821
Rosiglitazone,CVCL_0366,2522,2607
Rosiglitazone,CVCL_0371,4279,4511
Rosiglitazone,CVCL_0397,3386,3615
Rosiglitazone,CVCL_0399,5212,5655
Rosiglitazone,CVCL_0428,7946,8153
Rosiglitazone,CVCL_0459,11797,12354
Rosiglitazone,CVCL_0480,10107,10263
Rosiglitazone,CVCL_0504,4283,4825
Rosiglitazone,CVCL_0546,12120,12991
Rosiglitazone,CVCL_1055,3360,3451
Rosiglitazone,CVCL_1056,5764,5856
Rosiglitazone,CVCL_1094,2747,3186
Rosiglitazone,CVCL_1097,3358,3660
Rosiglitazone,CVCL_1098,1467,1645
Rosiglitazone,CVCL_1119,5947,6217
Rosiglitazone,CVCL_1125,1399,1577
Rosiglitazone,CVCL_1239,2378,2463
Rosiglitazone,CVCL_1285,7084,7382
Rosiglitazone,CVCL_1381,4931,5108
Rosiglitazone,CVCL_1478,3772,4294
Rosiglitazone,CVCL_1495,4458,4567
Rosiglitazone,CVCL_1517,2529,2601
Rosiglitazone,CVCL_1531,70,95
Rosiglitazone,CVCL_1547,3361,3494
Rosiglitazone,CVCL_1550,4999,5231
Rosiglitazone,CVCL_1571,51,84
Rosiglitazone,CVCL_1577,352,390
Rosiglitazone,CVCL_1635,3831,3989
Rosiglitazone,CVCL_1666,3344,3633
Rosiglitazone,CVCL_1693,6178,6864
Rosiglitazone,CVCL_1715,147,172
Rosiglitazone,CVCL_1716,365,395
Rosiglitazone,CVCL_1717,3568,3876
Rosiglitazone,CVCL_1724,1617,1819
Rosiglitazone,CVCL_1731,3381,3566
Rosiglitazone,CVCL_C466,2449,2673
Roxadustat,CVCL_0023,4100,4532
Roxadustat,CVCL_0028,641,837
Roxadustat,CVCL_0069,3388,3642
Roxadustat,CVCL_0099,2539,3099
Roxadustat,CVCL_0131,3614,3787
Roxadustat,CVCL_0152,3013,3564
Roxadustat,CVCL_0179,1987,2131
Roxadustat,CVCL_0218,2545,2880
Roxadustat,CVCL_0292,2626,3177
Roxadustat,CVCL_0293,3432,3986
Roxadustat,CVCL_0320,3957,4207
Roxadustat,CVCL_0332,3345,3478
Roxadustat,CVCL_0334,6257,7259
Roxadustat,CVCL_0359,4220,4411
Roxadustat,CVCL_0366,2152,2273
Roxadustat,CVCL_0371,4235,4596
Roxadustat,CVCL_0397,3299,3549
Roxadustat,CVCL_0399,4929,5533
Roxadustat,CVCL_0428,7193,7583
Roxadustat,CVCL_0459,9437,10282
Roxadustat,CVCL_0480,9576,9806
Roxadustat,CVCL_0504,3380,4236
Roxadustat,CVCL_0546,11035,12419
Roxadustat,CVCL_1055,3263,3400
Roxadustat,CVCL_1056,5371,5467
Roxadustat,CVCL_1094,2179,2796
Roxadustat,CVCL_1097,2679,3047
Roxadustat,CVCL_1098,1275,1491
Roxadustat,CVCL_1119,5574,5999
Roxadustat,CVCL_1125,1147,1388
Roxadustat,CVCL_1239,2114,2257
Roxadustat,CVCL_1285,6118,6576
Roxadustat,CVCL_1381,4491,4816
Roxadustat,CVCL_1478,3380,3932
Roxadustat,CVCL_1495,4175,4371
Roxadustat,CVCL_1517,2340,2416
Roxadustat,CVCL_1531,62,78
Roxadustat,CVCL_1547,3065,3292
Roxadustat,CVCL_1550,4535,4780
Roxadustat,CVCL_1571,50,79
Roxadustat,CVCL_1577,339,370
Roxadustat,CVCL_1635,3614,3826
Roxadustat,CVCL_1666,2726,3141
Roxadustat,CVCL_1693,4914,5779
Roxadustat,CVCL_1715,106,141
Roxadustat,CVCL_1716,287,347
Roxadustat,CVCL_1717,3219,3580
Roxadustat,CVCL_1724,1471,1710
Roxadustat,CVCL_1731,3226,3534
Roxadustat,CVCL_C466,1848,2145
Rucaparib (phosphate),CVCL_0023,7385,7709
Rucaparib (phosphate),CVCL_0028,1203,1388
Rucaparib (phosphate),CVCL_0069,4880,5092
Rucaparib (phosphate),CVCL_0099,4281,4877
Rucaparib (phosphate),CVCL_0131,5495,5603
Rucaparib (phosphate),CVCL_0152,4985,5575
Rucaparib (phosphate),CVCL_0179,3098,3257
Rucaparib (phosphate),CVCL_0218,4118,4357
Rucaparib (phosphate),CVCL_0292,4501,5204
Rucaparib (phosphate),CVCL_0293,5756,6529
Rucaparib (phosphate),CVCL_0320,5922,6115
Rucaparib (phosphate),CVCL_0332,6122,6242
Rucaparib (phosphate),CVCL_0334,11441,12415
Rucaparib (phosphate),CVCL_0359,7297,7440
Rucaparib (phosphate),CVCL_0366,4428,4535
Rucaparib (phosphate),CVCL_0371,6027,6306
Rucaparib (phosphate),CVCL_0397,5267,5581
Rucaparib (phosphate),CVCL_0399,7949,8608
Rucaparib (phosphate),CVCL_0428,10814,11030
Rucaparib (phosphate),CVCL_0459,20297,21013
Rucaparib (phosphate),CVCL_0480,14800,14984
Rucaparib (phosphate),CVCL_0504,6098,6768
Rucaparib (phosphate),CVCL_0546,18080,19167
Rucaparib (phosphate),CVCL_1055,4425,4548
Rucaparib (phosphate),CVCL_1056,9245,9389
Rucaparib (phosphate),CVCL_1094,3923,4453
Rucaparib (phosphate),CVCL_1097,5226,5630
Rucaparib (phosphate),CVCL_1098,2183,2410
Rucaparib (phosphate),CVCL_1119,8212,8512
Rucaparib (phosphate),CVCL_1125,1997,2219
Rucaparib (phosphate),CVCL_1239,3740,3819
Rucaparib (phosphate),CVCL_1285,10905,11254
Rucaparib (phosphate),CVCL_1381,7075,7285
Rucaparib (phosphate),CVCL_1478,5704,6490
Rucaparib (phosphate),CVCL_1495,6547,6693
Rucaparib (phosphate),CVCL_1517,4299,4409
Rucaparib (phosphate),CVCL_1531,70,102
Rucaparib (phosphate),CVCL_1547,5219,5381
Rucaparib (phosphate),CVCL_1550,6816,7144
Rucaparib (phosphate),CVCL_1571,42,75
Rucaparib (phosphate),CVCL_1577,416,451
Rucaparib (phosphate),CVCL_1635,5442,5608
Rucaparib (phosphate),CVCL_1666,5137,5483
Rucaparib (phosphate),CVCL_1693,8498,9204
Rucaparib (phosphate),CVCL_1715,295,330
Rucaparib (phosphate),CVCL_1716,534,594
Rucaparib (phosphate),CVCL_1717,4964,5377
Rucaparib (phosphate),CVCL_1724,2260,2529
Rucaparib (phosphate),CVCL_1731,5357,5582
Rucaparib (phosphate),CVCL_C466,4582,4925
Rutin (trihydrate),CVCL_0023,5752,5845
Rutin (trihydrate),CVCL_0028,1331,1451
Rutin (trihydrate),CVCL_0069,4376,4479
Rutin (trihydrate),CVCL_0099,4630,4918
Rutin (trihydrate),CVCL_0131,4522,4551
Rutin (trihydrate),CVCL_0152,4494,4822
Rutin (trihydrate),CVCL_0179,3072,3159
Rutin (trihydrate),CVCL_0218,3860,3931
Rutin (trihydrate),CVCL_0292,4502,4781
Rutin (trihydrate),CVCL_0293,4996,5486
Rutin (trihydrate),CVCL_0320,5121,5212
Rutin (trihydrate),CVCL_0332,4503,4559
Rutin (trihydrate),CVCL_0334,9648,10039
Rutin (trihydrate),CVCL_0359,5553,5603
Rutin (trihydrate),CVCL_0366,3310,3367
Rutin (trihydrate),CVCL_0371,5226,5362
Rutin (trihydrate),CVCL_0397,4471,4627
Rutin (trihydrate),CVCL_0399,6509,6894
Rutin (trihydrate),CVCL_0428,8641,8739
Rutin (trihydrate),CVCL_0459,16005,16185
Rutin (trihydrate),CVCL_0480,11586,11697
Rutin (trihydrate),CVCL_0504,5491,5738
Rutin (trihydrate),CVCL_0546,16356,16755
Rutin (trihydrate),CVCL_1055,4178,4296
Rutin (trihydrate),CVCL_1056,6910,6982
Rutin (trihydrate),CVCL_1094,3945,4136
Rutin (trihydrate),CVCL_1097,4438,4559
Rutin (trihydrate),CVCL_1098,2301,2459
Rutin (trihydrate),CVCL_1119,6608,6753
Rutin (trihydrate),CVCL_1125,1883,1972
Rutin (trihydrate),CVCL_1239,3100,3132
Rutin (trihydrate),CVCL_1285,8143,8231
Rutin (trihydrate),CVCL_1381,6229,6336
Rutin (trihydrate),CVCL_1478,4770,5449
Rutin (trihydrate),CVCL_1495,4893,4947
Rutin (trihydrate),CVCL_1517,3175,3224
Rutin (trihydrate),CVCL_1531,48,54
Rutin (trihydrate),CVCL_1547,4195,4267
Rutin (trihydrate),CVCL_1550,5264,5583
Rutin (trihydrate),CVCL_1571,35,47
Rutin (trihydrate),CVCL_1577,353,378
Rutin (trihydrate),CVCL_1635,4301,4369
Rutin (trihydrate),CVCL_1666,4283,4387
Rutin (trihydrate),CVCL_1693,8935,9278
Rutin (trihydrate),CVCL_1715,174,184
Rutin (trihydrate),CVCL_1716,459,472
Rutin (trihydrate),CVCL_1717,4541,4752
Rutin (trihydrate),CVCL_1724,2135,2239
Rutin (trihydrate),CVCL_1731,4411,4488
Rutin (trihydrate),CVCL_C466,3489,3571
S-Adenosyl-L-methionine (disulfate tosylate),CVCL_0023,9317,9983
S-Adenosyl-L-methionine (disulfate tosylate),CVCL_0028,1806,2064
S-Adenosyl-L-methionine (disulfate tosylate),CVCL_0069,3960,4720
S-Adenosyl-L-methionine (disulfate tosylate),CVCL_0099,2129,2729
S-Adenosyl-L-methionine (disulfate tosylate),CVCL_0131,9423,9669
S-Adenosyl-L-methionine (disulfate tosylate),CVCL_0152,8911,10115
S-Adenosyl-L-methionine (disulfate tosylate),CVCL_0179,4727,5166
S-Adenosyl-L-methionine (disulfate tosylate),CVCL_0218,4951,5751
S-Adenosyl-L-methionine (disulfate tosylate),CVCL_0292,4108,4809
S-Adenosyl-L-methionine (disulfate tosylate),CVCL_0293,10213,11197
S-Adenosyl-L-methionine (disulfate tosylate),CVCL_0320,8516,8996
S-Adenosyl-L-methionine (disulfate tosylate),CVCL_0332,5333,5502
S-Adenosyl-L-methionine (disulfate tosylate),CVCL_0334,2666,3774
S-Adenosyl-L-methionine (disulfate tosylate),CVCL_0359,7396,7667
S-Adenosyl-L-methionine (disulfate tosylate),CVCL_0366,5444,5766
S-Adenosyl-L-methionine (disulfate tosylate),CVCL_0371,8152,8746
S-Adenosyl-L-methionine (disulfate tosylate),CVCL_0397,6596,7160
S-Adenosyl-L-methionine (disulfate tosylate),CVCL_0399,11262,12475
S-Adenosyl-L-methionine (disulfate tosylate),CVCL_0428,3971,4106
S-Adenosyl-L-methionine (disulfate tosylate),CVCL_0459,17832,18956
S-Adenosyl-L-methionine (disulfate tosylate),CVCL_0480,10763,11305
S-Adenosyl-L-methionine (disulfate tosylate),CVCL_0504,7860,8536
S-Adenosyl-L-methionine (disulfate tosylate),CVCL_0546,20138,21792
S-Adenosyl-L-methionine (disulfate tosylate),CVCL_1055,4575,4743
S-Adenosyl-L-methionine (disulfate tosylate),CVCL_1056,8655,8820
S-Adenosyl-L-methionine (disulfate tosylate),CVCL_1094,4550,4825
S-Adenosyl-L-methionine (disulfate tosylate),CVCL_1097,7853,8347
S-Adenosyl-L-methionine (disulfate tosylate),CVCL_1098,5173,5872
S-Adenosyl-L-methionine (disulfate tosylate),CVCL_1119,7034,7331
S-Adenosyl-L-methionine (disulfate tosylate),CVCL_1125,1261,1460
S-Adenosyl-L-methionine (disulfate tosylate),CVCL_1239,3034,3234
S-Adenosyl-L-methionine (disulfate tosylate),CVCL_1285,10930,11486
S-Adenosyl-L-methionine (disulfate tosylate),CVCL_1381,7380,7736
S-Adenosyl-L-methionine (disulfate tosylate),CVCL_1478,7381,8326
S-Adenosyl-L-methionine (disulfate tosylate),CVCL_1495,5753,6091
S-Adenosyl-L-methionine (disulfate tosylate),CVCL_1517,9788,10076
S-Adenosyl-L-methionine (disulfate tosylate),CVCL_1531,117,159
S-Adenosyl-L-methionine (disulfate tosylate),CVCL_1547,6335,6786
S-Adenosyl-L-methionine (disulfate tosylate),CVCL_1550,7349,8061
S-Adenosyl-L-methionine (disulfate tosylate),CVCL_1571,55,101
S-Adenosyl-L-methionine (disulfate tosylate),CVCL_1577,335,385
S-Adenosyl-L-methionine (disulfate tosylate),CVCL_1635,5226,5498
S-Adenosyl-L-methionine (disulfate tosylate),CVCL_1666,5381,5890
S-Adenosyl-L-methionine (disulfate tosylate),CVCL_1693,3362,3919
S-Adenosyl-L-methionine (disulfate tosylate),CVCL_1715,823,899
S-Adenosyl-L-methionine (disulfate tosylate),CVCL_1716,885,993
S-Adenosyl-L-methionine (disulfate tosylate),CVCL_1717,6912,7503
S-Adenosyl-L-methionine (disulfate tosylate),CVCL_1724,3604,3908
S-Adenosyl-L-methionine (disulfate tosylate),CVCL_1731,5801,6347
S-Adenosyl-L-methionine (disulfate tosylate),CVCL_C466,6330,6961
SBI-0640756,CVCL_0023,2628,2728
SBI-0640756,CVCL_0028,518,623
SBI-0640756,CVCL_0069,1257,1346
SBI-0640756,CVCL_0099,828,930
SBI-0640756,CVCL_0131,2546,2598
SBI-0640756,CVCL_0152,3048,3317
SBI-0640756,CVCL_0179,1369,1448
SBI-0640756,CVCL_0218,1356,1489
SBI-0640756,CVCL_0292,1408,1596
SBI-0640756,CVCL_0293,3294,3578
SBI-0640756,CVCL_0320,2604,2764
SBI-0640756,CVCL_0332,1511,1562
SBI-0640756,CVCL_0334,746,914
SBI-0640756,CVCL_0359,1946,1998
SBI-0640756,CVCL_0366,1576,1639
SBI-0640756,CVCL_0371,2055,2218
SBI-0640756,CVCL_0397,2031,2214
SBI-0640756,CVCL_0399,3864,4171
SBI-0640756,CVCL_0428,1177,1216
SBI-0640756,CVCL_0459,5400,5611
SBI-0640756,CVCL_0480,2983,3108
SBI-0640756,CVCL_0504,2553,2740
SBI-0640756,CVCL_0546,5384,5716
SBI-0640756,CVCL_1055,1209,1269
SBI-0640756,CVCL_1056,2226,2285
SBI-0640756,CVCL_1094,1482,1587
SBI-0640756,CVCL_1097,2368,2490
SBI-0640756,CVCL_1098,1437,1625
SBI-0640756,CVCL_1119,2339,2426
SBI-0640756,CVCL_1125,524,587
SBI-0640756,CVCL_1239,982,1026
SBI-0640756,CVCL_1285,2983,3082
SBI-0640756,CVCL_1381,2237,2340
SBI-0640756,CVCL_1478,2021,2249
SBI-0640756,CVCL_1495,1744,1805
SBI-0640756,CVCL_1517,2909,2997
SBI-0640756,CVCL_1531,42,61
SBI-0640756,CVCL_1547,1786,1843
SBI-0640756,CVCL_1550,2286,2498
SBI-0640756,CVCL_1571,32,53
SBI-0640756,CVCL_1577,105,112
SBI-0640756,CVCL_1635,1809,1895
SBI-0640756,CVCL_1666,1682,1793
SBI-0640756,CVCL_1693,1010,1127
SBI-0640756,CVCL_1715,320,346
SBI-0640756,CVCL_1716,222,251
SBI-0640756,CVCL_1717,1949,2099
SBI-0640756,CVCL_1724,1128,1223
SBI-0640756,CVCL_1731,1633,1770
SBI-0640756,CVCL_C466,2342,2493
Sacubitril/Valsartan,CVCL_0023,5830,5938
Sacubitril/Valsartan,CVCL_0028,1205,1304
Sacubitril/Valsartan,CVCL_0069,4283,4394
Sacubitril/Valsartan,CVCL_0099,4175,4413
Sacubitril/Valsartan,CVCL_0131,4422,4461
Sacubitril/Valsartan,CVCL_0152,4547,4904
Sacubitril/Valsartan,CVCL_0179,2944,3015
Sacubitril/Valsartan,CVCL_0218,4133,4221
Sacubitril/Valsartan,CVCL_0292,4789,5055
Sacubitril/Valsartan,CVCL_0293,5027,5578
Sacubitril/Valsartan,CVCL_0320,5311,5436
Sacubitril/Valsartan,CVCL_0332,4485,4579
Sacubitril/Valsartan,CVCL_0334,9520,9919
Sacubitril/Valsartan,CVCL_0359,5442,5508
Sacubitril/Valsartan,CVCL_0366,3109,3180
Sacubitril/Valsartan,CVCL_0371,5402,5526
Sacubitril/Valsartan,CVCL_0397,4618,4830
Sacubitril/Valsartan,CVCL_0399,6894,7319
Sacubitril/Valsartan,CVCL_0428,8865,8977
Sacubitril/Valsartan,CVCL_0459,15953,16181
Sacubitril/Valsartan,CVCL_0480,11723,11884
Sacubitril/Valsartan,CVCL_0504,5377,5597
Sacubitril/Valsartan,CVCL_0546,16223,16611
Sacubitril/Valsartan,CVCL_1055,3828,3957
Sacubitril/Valsartan,CVCL_1056,7013,7114
Sacubitril/Valsartan,CVCL_1094,3838,4034
Sacubitril/Valsartan,CVCL_1097,4622,4751
Sacubitril/Valsartan,CVCL_1098,2027,2151
Sacubitril/Valsartan,CVCL_1119,7151,7312
Sacubitril/Valsartan,CVCL_1125,2022,2093
Sacubitril/Valsartan,CVCL_1239,2915,2960
Sacubitril/Valsartan,CVCL_1285,8297,8433
Sacubitril/Valsartan,CVCL_1381,5962,6089
Sacubitril/Valsartan,CVCL_1478,4699,5431
Sacubitril/Valsartan,CVCL_1495,5124,5188
Sacubitril/Valsartan,CVCL_1517,3086,3167
Sacubitril/Valsartan,CVCL_1531,58,76
Sacubitril/Valsartan,CVCL_1547,4156,4232
Sacubitril/Valsartan,CVCL_1550,5820,6169
Sacubitril/Valsartan,CVCL_1571,35,49
Sacubitril/Valsartan,CVCL_1577,339,382
Sacubitril/Valsartan,CVCL_1635,4592,4659
Sacubitril/Valsartan,CVCL_1666,4310,4432
Sacubitril/Valsartan,CVCL_1693,7928,8294
Sacubitril/Valsartan,CVCL_1715,194,212
Sacubitril/Valsartan,CVCL_1716,453,472
Sacubitril/Valsartan,CVCL_1717,4566,4801
Sacubitril/Valsartan,CVCL_1724,2175,2290
Sacubitril/Valsartan,CVCL_1731,4236,4351
Sacubitril/Valsartan,CVCL_C466,3477,3586
Salicylic acid,CVCL_0023,8147,8354
Salicylic acid,CVCL_0028,2381,2586
Salicylic acid,CVCL_0069,4336,4461
Salicylic acid,CVCL_0099,2462,2653
Salicylic acid,CVCL_0131,8432,8532
Salicylic acid,CVCL_0152,8170,8759
Salicylic acid,CVCL_0179,4310,4425
Salicylic acid,CVCL_0218,4336,4482
Salicylic acid,CVCL_0292,3986,4458
Salicylic acid,CVCL_0293,8425,9175
Salicylic acid,CVCL_0320,6349,6601
Salicylic acid,CVCL_0332,4780,4903
Salicylic acid,CVCL_0334,3349,3614
Salicylic acid,CVCL_0359,8093,8222
Salicylic acid,CVCL_0366,5643,5835
Salicylic acid,CVCL_0371,6418,6682
Salicylic acid,CVCL_0397,5002,5305
Salicylic acid,CVCL_0399,9739,10516
Salicylic acid,CVCL_0428,3907,3989
Salicylic acid,CVCL_0459,14332,14727
Salicylic acid,CVCL_0480,9720,9913
Salicylic acid,CVCL_0504,7330,7702
Salicylic acid,CVCL_0546,15941,16659
Salicylic acid,CVCL_1055,4800,4914
Salicylic acid,CVCL_1056,8137,8285
Salicylic acid,CVCL_1094,4654,4826
Salicylic acid,CVCL_1097,6400,6641
Salicylic acid,CVCL_1098,5215,5545
Salicylic acid,CVCL_1119,6271,6473
Salicylic acid,CVCL_1125,1291,1406
Salicylic acid,CVCL_1239,2613,2702
Salicylic acid,CVCL_1285,10180,10456
Salicylic acid,CVCL_1381,6691,6852
Salicylic acid,CVCL_1478,5890,6455
Salicylic acid,CVCL_1495,5001,5144
Salicylic acid,CVCL_1517,7758,7945
Salicylic acid,CVCL_1531,127,175
Salicylic acid,CVCL_1547,6219,6365
Salicylic acid,CVCL_1550,6559,6920
Salicylic acid,CVCL_1571,77,123
Salicylic acid,CVCL_1577,391,438
Salicylic acid,CVCL_1635,4634,4799
Salicylic acid,CVCL_1666,4496,4734
Salicylic acid,CVCL_1693,3983,4207
Salicylic acid,CVCL_1715,632,678
Salicylic acid,CVCL_1716,646,700
Salicylic acid,CVCL_1717,5824,6127
Salicylic acid,CVCL_1724,2933,3143
Salicylic acid,CVCL_1731,4601,4809
Salicylic acid,CVCL_C466,5715,6027
Sapanisertib,CVCL_0023,6877,7121
Sapanisertib,CVCL_0028,1078,1234
Sapanisertib,CVCL_0069,3246,3396
Sapanisertib,CVCL_0099,1917,2075
Sapanisertib,CVCL_0131,7152,7226
Sapanisertib,CVCL_0152,6946,7652
Sapanisertib,CVCL_0179,3759,3843
Sapanisertib,CVCL_0218,3333,3523
Sapanisertib,CVCL_0292,2868,3430
Sapanisertib,CVCL_0293,9041,9678
Sapanisertib,CVCL_0320,6618,6813
Sapanisertib,CVCL_0332,3815,3923
Sapanisertib,CVCL_0334,2666,2936
Sapanisertib,CVCL_0359,5209,5325
Sapanisertib,CVCL_0366,3822,3925
Sapanisertib,CVCL_0371,6593,6898
Sapanisertib,CVCL_0397,5555,5923
Sapanisertib,CVCL_0399,8591,9431
Sapanisertib,CVCL_0428,2729,2828
Sapanisertib,CVCL_0459,14939,15452
Sapanisertib,CVCL_0480,8122,8286
Sapanisertib,CVCL_0504,5441,5832
Sapanisertib,CVCL_0546,15198,16051
Sapanisertib,CVCL_1055,3414,3488
Sapanisertib,CVCL_1056,5504,5603
Sapanisertib,CVCL_1094,3565,3806
Sapanisertib,CVCL_1097,5887,6123
Sapanisertib,CVCL_1098,5149,5566
Sapanisertib,CVCL_1119,5424,5646
Sapanisertib,CVCL_1125,1316,1430
Sapanisertib,CVCL_1239,1966,2060
Sapanisertib,CVCL_1285,7999,8203
Sapanisertib,CVCL_1381,4612,4756
Sapanisertib,CVCL_1478,5077,5679
Sapanisertib,CVCL_1495,4453,4579
Sapanisertib,CVCL_1517,7659,7789
Sapanisertib,CVCL_1531,93,123
Sapanisertib,CVCL_1547,4706,4870
Sapanisertib,CVCL_1550,6377,6801
Sapanisertib,CVCL_1571,49,81
Sapanisertib,CVCL_1577,287,319
Sapanisertib,CVCL_1635,4015,4185
Sapanisertib,CVCL_1666,3885,4204
Sapanisertib,CVCL_1693,2961,3224
Sapanisertib,CVCL_1715,910,968
Sapanisertib,CVCL_1716,693,755
Sapanisertib,CVCL_1717,5991,6298
Sapanisertib,CVCL_1724,3031,3262
Sapanisertib,CVCL_1731,4494,4736
Sapanisertib,CVCL_C466,5191,5511
Saquinavir,CVCL_0023,5077,5750
Saquinavir,CVCL_0028,1122,1511
Saquinavir,CVCL_0069,2617,2910
Saquinavir,CVCL_0099,1313,1641
Saquinavir,CVCL_0131,5336,5528
Saquinavir,CVCL_0152,4184,5226
Saquinavir,CVCL_0179,2698,2886
Saquinavir,CVCL_0218,2601,3126
Saquinavir,CVCL_0292,1628,2289
Saquinavir,CVCL_0293,5037,5808
Saquinavir,CVCL_0320,4106,4463
Saquinavir,CVCL_0332,2845,3028
Saquinavir,CVCL_0334,1872,2347
Saquinavir,CVCL_0359,4902,5183
Saquinavir,CVCL_0366,3195,3361
Saquinavir,CVCL_0371,4377,4921
Saquinavir,CVCL_0397,2853,3239
Saquinavir,CVCL_0399,5377,6387
Saquinavir,CVCL_0428,2359,2525
Saquinavir,CVCL_0459,7381,8557
Saquinavir,CVCL_0480,5991,6207
Saquinavir,CVCL_0504,3830,4889
Saquinavir,CVCL_0546,9266,11052
Saquinavir,CVCL_1055,3180,3288
Saquinavir,CVCL_1056,4570,4690
Saquinavir,CVCL_1094,2662,3143
Saquinavir,CVCL_1097,3385,3995
Saquinavir,CVCL_1098,2682,3404
Saquinavir,CVCL_1119,4103,4449
Saquinavir,CVCL_1125,581,768
Saquinavir,CVCL_1239,1385,1590
Saquinavir,CVCL_1285,5361,6058
Saquinavir,CVCL_1381,3935,4277
Saquinavir,CVCL_1478,3770,4342
Saquinavir,CVCL_1495,2997,3400
Saquinavir,CVCL_1517,4869,4994
Saquinavir,CVCL_1531,82,135
Saquinavir,CVCL_1547,3981,4380
Saquinavir,CVCL_1550,4887,5093
Saquinavir,CVCL_1571,38,77
Saquinavir,CVCL_1577,232,266
Saquinavir,CVCL_1635,3058,3368
Saquinavir,CVCL_1666,2244,2810
Saquinavir,CVCL_1693,2058,2572
Saquinavir,CVCL_1715,255,312
Saquinavir,CVCL_1716,337,437
Saquinavir,CVCL_1717,3807,4168
Saquinavir,CVCL_1724,1681,1976
Saquinavir,CVCL_1731,2778,3235
Saquinavir,CVCL_C466,2418,3084
Selinexor ,CVCL_0023,7633,7856
Selinexor ,CVCL_0028,2068,2241
Selinexor ,CVCL_0069,3367,3470
Selinexor ,CVCL_0099,1747,1885
Selinexor ,CVCL_0131,7951,8044
Selinexor ,CVCL_0152,8131,8680
Selinexor ,CVCL_0179,4772,4897
Selinexor ,CVCL_0218,3554,3642
Selinexor ,CVCL_0292,3784,4226
Selinexor ,CVCL_0293,8672,9264
Selinexor ,CVCL_0320,6091,6278
Selinexor ,CVCL_0332,4193,4283
Selinexor ,CVCL_0334,3365,3634
Selinexor ,CVCL_0359,7119,7297
Selinexor ,CVCL_0366,4893,5041
Selinexor ,CVCL_0371,5761,6002
Selinexor ,CVCL_0397,4896,5111
Selinexor ,CVCL_0399,9435,10072
Selinexor ,CVCL_0428,3743,3794
Selinexor ,CVCL_0459,13983,14325
Selinexor ,CVCL_0480,8997,9155
Selinexor ,CVCL_0504,6149,6505
Selinexor ,CVCL_0546,14399,15032
Selinexor ,CVCL_1055,3186,3249
Selinexor ,CVCL_1056,7574,7658
Selinexor ,CVCL_1094,4428,4603
Selinexor ,CVCL_1097,5688,5924
Selinexor ,CVCL_1098,5852,6173
Selinexor ,CVCL_1119,5208,5395
Selinexor ,CVCL_1125,720,791
Selinexor ,CVCL_1239,2022,2075
Selinexor ,CVCL_1285,9354,9601
Selinexor ,CVCL_1381,5592,5749
Selinexor ,CVCL_1478,6036,6405
Selinexor ,CVCL_1495,4952,5045
Selinexor ,CVCL_1517,7224,7355
Selinexor ,CVCL_1531,91,110
Selinexor ,CVCL_1547,5271,5366
Selinexor ,CVCL_1550,5833,6112
Selinexor ,CVCL_1571,65,89
Selinexor ,CVCL_1577,319,347
Selinexor ,CVCL_1635,3542,3654
Selinexor ,CVCL_1666,4229,4418
Selinexor ,CVCL_1693,4372,4626
Selinexor ,CVCL_1715,541,587
Selinexor ,CVCL_1716,694,744
Selinexor ,CVCL_1717,5527,5760
Selinexor ,CVCL_1724,2905,3110
Selinexor ,CVCL_1731,4544,4747
Selinexor ,CVCL_C466,6012,6277
Sildenafil,CVCL_0023,5374,5482
Sildenafil,CVCL_0028,1179,1273
Sildenafil,CVCL_0069,4065,4147
Sildenafil,CVCL_0099,4001,4260
Sildenafil,CVCL_0131,4278,4314
Sildenafil,CVCL_0152,4216,4524
Sildenafil,CVCL_0179,2622,2681
Sildenafil,CVCL_0218,3537,3611
Sildenafil,CVCL_0292,4305,4539
Sildenafil,CVCL_0293,4856,5356
Sildenafil,CVCL_0320,4783,4897
Sildenafil,CVCL_0332,4275,4349
Sildenafil,CVCL_0334,9039,9405
Sildenafil,CVCL_0359,5157,5219
Sildenafil,CVCL_0366,2944,3024
Sildenafil,CVCL_0371,5098,5221
Sildenafil,CVCL_0397,4316,4567
Sildenafil,CVCL_0399,6504,6904
Sildenafil,CVCL_0428,7893,8000
Sildenafil,CVCL_0459,15183,15385
Sildenafil,CVCL_0480,11324,11498
Sildenafil,CVCL_0504,4965,5200
Sildenafil,CVCL_0546,15076,15437
Sildenafil,CVCL_1055,3599,3692
Sildenafil,CVCL_1056,6903,6996
Sildenafil,CVCL_1094,3734,3921
Sildenafil,CVCL_1097,4028,4135
Sildenafil,CVCL_1098,1988,2133
Sildenafil,CVCL_1119,6541,6702
Sildenafil,CVCL_1125,1813,1877
Sildenafil,CVCL_1239,2800,2821
Sildenafil,CVCL_1285,7574,7678
Sildenafil,CVCL_1381,5425,5520
Sildenafil,CVCL_1478,4197,4810
Sildenafil,CVCL_1495,4817,4868
Sildenafil,CVCL_1517,3063,3138
Sildenafil,CVCL_1531,47,58
Sildenafil,CVCL_1547,3913,3997
Sildenafil,CVCL_1550,5072,5396
Sildenafil,CVCL_1571,39,48
Sildenafil,CVCL_1577,349,380
Sildenafil,CVCL_1635,4397,4463
Sildenafil,CVCL_1666,3890,3982
Sildenafil,CVCL_1693,7590,7899
Sildenafil,CVCL_1715,174,187
Sildenafil,CVCL_1716,474,489
Sildenafil,CVCL_1717,4200,4431
Sildenafil,CVCL_1724,2135,2256
Sildenafil,CVCL_1731,4124,4198
Sildenafil,CVCL_C466,3529,3592
Silodosin,CVCL_0023,3508,3684
Silodosin,CVCL_0028,784,942
Silodosin,CVCL_0069,2836,2981
Silodosin,CVCL_0099,2627,3023
Silodosin,CVCL_0131,2688,2765
Silodosin,CVCL_0152,2720,3094
Silodosin,CVCL_0179,1876,1979
Silodosin,CVCL_0218,2311,2475
Silodosin,CVCL_0292,2538,2979
Silodosin,CVCL_0293,2866,3265
Silodosin,CVCL_0320,3480,3611
Silodosin,CVCL_0332,2668,2738
Silodosin,CVCL_0334,5492,6080
Silodosin,CVCL_0359,3226,3295
Silodosin,CVCL_0366,1703,1766
Silodosin,CVCL_0371,3537,3736
Silodosin,CVCL_0397,2661,2869
Silodosin,CVCL_0399,4020,4389
Silodosin,CVCL_0428,5824,5996
Silodosin,CVCL_0459,8335,8730
Silodosin,CVCL_0480,7283,7390
Silodosin,CVCL_0504,3285,3781
Silodosin,CVCL_0546,10183,10937
Silodosin,CVCL_1055,2779,2853
Silodosin,CVCL_1056,3917,3967
Silodosin,CVCL_1094,2543,2942
Silodosin,CVCL_1097,2529,2762
Silodosin,CVCL_1098,1110,1254
Silodosin,CVCL_1119,4474,4691
Silodosin,CVCL_1125,1088,1250
Silodosin,CVCL_1239,1792,1866
Silodosin,CVCL_1285,4799,4990
Silodosin,CVCL_1381,3809,3941
Silodosin,CVCL_1478,2881,3328
Silodosin,CVCL_1495,3212,3303
Silodosin,CVCL_1517,1838,1898
Silodosin,CVCL_1531,35,55
Silodosin,CVCL_1547,2336,2419
Silodosin,CVCL_1550,3672,3857
Silodosin,CVCL_1571,33,56
Silodosin,CVCL_1577,271,294
Silodosin,CVCL_1635,2827,2926
Silodosin,CVCL_1666,2565,2801
Silodosin,CVCL_1693,5313,5846
Silodosin,CVCL_1715,85,116
Silodosin,CVCL_1716,259,285
Silodosin,CVCL_1717,2829,3047
Silodosin,CVCL_1724,1322,1496
Silodosin,CVCL_1731,2474,2611
Silodosin,CVCL_C466,1709,1869
Simotinib,CVCL_0023,2956,3239
Simotinib,CVCL_0028,632,848
Simotinib,CVCL_0069,2464,2665
Simotinib,CVCL_0099,2158,2652
Simotinib,CVCL_0131,2404,2521
Simotinib,CVCL_0152,2130,2531
Simotinib,CVCL_0179,1527,1679
Simotinib,CVCL_0218,1927,2175
Simotinib,CVCL_0292,1956,2420
Simotinib,CVCL_0293,2367,2795
Simotinib,CVCL_0320,2851,3016
Simotinib,CVCL_0332,2486,2604
Simotinib,CVCL_0334,4191,4953
Simotinib,CVCL_0359,2963,3094
Simotinib,CVCL_0366,1462,1522
Simotinib,CVCL_0371,3213,3519
Simotinib,CVCL_0397,2236,2438
Simotinib,CVCL_0399,3603,4028
Simotinib,CVCL_0428,5095,5363
Simotinib,CVCL_0459,6775,7455
Simotinib,CVCL_0480,6232,6405
Simotinib,CVCL_0504,2536,3205
Simotinib,CVCL_0546,8265,9358
Simotinib,CVCL_1055,2551,2632
Simotinib,CVCL_1056,3473,3543
Simotinib,CVCL_1094,1902,2346
Simotinib,CVCL_1097,1921,2239
Simotinib,CVCL_1098,960,1125
Simotinib,CVCL_1119,4051,4365
Simotinib,CVCL_1125,814,980
Simotinib,CVCL_1239,1569,1671
Simotinib,CVCL_1285,4055,4353
Simotinib,CVCL_1381,3329,3522
Simotinib,CVCL_1478,2441,2916
Simotinib,CVCL_1495,2772,2925
Simotinib,CVCL_1517,1553,1609
Simotinib,CVCL_1531,28,42
Simotinib,CVCL_1547,2118,2274
Simotinib,CVCL_1550,3324,3545
Simotinib,CVCL_1571,25,53
Simotinib,CVCL_1577,260,288
Simotinib,CVCL_1635,2606,2754
Simotinib,CVCL_1666,2152,2467
Simotinib,CVCL_1693,4717,5379
Simotinib,CVCL_1715,61,82
Simotinib,CVCL_1716,239,279
Simotinib,CVCL_1717,2361,2620
Simotinib,CVCL_1724,971,1144
Simotinib,CVCL_1731,2173,2410
Simotinib,CVCL_C466,1364,1591
Sinomenine,CVCL_0023,7968,8178
Sinomenine,CVCL_0028,2171,2387
Sinomenine,CVCL_0069,4458,4600
Sinomenine,CVCL_0099,2406,2567
Sinomenine,CVCL_0131,8708,8785
Sinomenine,CVCL_0152,8223,8857
Sinomenine,CVCL_0179,4095,4209
Sinomenine,CVCL_0218,3863,4009
Sinomenine,CVCL_0292,3624,4090
Sinomenine,CVCL_0293,7776,8396
Sinomenine,CVCL_0320,6093,6266
Sinomenine,CVCL_0332,4434,4534
Sinomenine,CVCL_0334,3149,3406
Sinomenine,CVCL_0359,7969,8099
Sinomenine,CVCL_0366,5043,5133
Sinomenine,CVCL_0371,6479,6715
Sinomenine,CVCL_0397,4428,4681
Sinomenine,CVCL_0399,9167,9946
Sinomenine,CVCL_0428,3878,3961
Sinomenine,CVCL_0459,12752,13218
Sinomenine,CVCL_0480,9177,9333
Sinomenine,CVCL_0504,6895,7260
Sinomenine,CVCL_0546,14979,15690
Sinomenine,CVCL_1055,5297,5392
Sinomenine,CVCL_1056,7495,7608
Sinomenine,CVCL_1094,4484,4638
Sinomenine,CVCL_1097,6278,6550
Sinomenine,CVCL_1098,4682,5042
Sinomenine,CVCL_1119,6040,6219
Sinomenine,CVCL_1125,1146,1221
Sinomenine,CVCL_1239,2237,2309
Sinomenine,CVCL_1285,9118,9367
Sinomenine,CVCL_1381,6512,6655
Sinomenine,CVCL_1478,6170,6707
Sinomenine,CVCL_1495,4741,4847
Sinomenine,CVCL_1517,6892,6997
Sinomenine,CVCL_1531,81,105
Sinomenine,CVCL_1547,5903,6041
Sinomenine,CVCL_1550,6348,6625
Sinomenine,CVCL_1571,52,80
Sinomenine,CVCL_1577,393,419
Sinomenine,CVCL_1635,4507,4633
Sinomenine,CVCL_1666,4129,4366
Sinomenine,CVCL_1693,3890,4136
Sinomenine,CVCL_1715,519,560
Sinomenine,CVCL_1716,536,599
Sinomenine,CVCL_1717,5613,5856
Sinomenine,CVCL_1724,2661,2846
Sinomenine,CVCL_1731,4155,4342
Sinomenine,CVCL_C466,5042,5363
Sivelestat (sodium tetrahydrate),CVCL_0023,6775,7162
Sivelestat (sodium tetrahydrate),CVCL_0028,1371,1614
Sivelestat (sodium tetrahydrate),CVCL_0069,4460,4692
Sivelestat (sodium tetrahydrate),CVCL_0099,4388,5058
Sivelestat (sodium tetrahydrate),CVCL_0131,5049,5168
Sivelestat (sodium tetrahydrate),CVCL_0152,4139,4657
Sivelestat (sodium tetrahydrate),CVCL_0179,2878,2994
Sivelestat (sodium tetrahydrate),CVCL_0218,3195,3445
Sivelestat (sodium tetrahydrate),CVCL_0292,4030,4686
Sivelestat (sodium tetrahydrate),CVCL_0293,5152,5811
Sivelestat (sodium tetrahydrate),CVCL_0320,5280,5483
Sivelestat (sodium tetrahydrate),CVCL_0332,5991,6146
Sivelestat (sodium tetrahydrate),CVCL_0334,10090,11131
Sivelestat (sodium tetrahydrate),CVCL_0359,6705,6826
Sivelestat (sodium tetrahydrate),CVCL_0366,4134,4249
Sivelestat (sodium tetrahydrate),CVCL_0371,5303,5586
Sivelestat (sodium tetrahydrate),CVCL_0397,4618,4901
Sivelestat (sodium tetrahydrate),CVCL_0399,6452,7068
Sivelestat (sodium tetrahydrate),CVCL_0428,9187,9383
Sivelestat (sodium tetrahydrate),CVCL_0459,18172,18985
Sivelestat (sodium tetrahydrate),CVCL_0480,13141,13297
Sivelestat (sodium tetrahydrate),CVCL_0504,5624,6343
Sivelestat (sodium tetrahydrate),CVCL_0546,15693,16916
Sivelestat (sodium tetrahydrate),CVCL_1055,4069,4162
Sivelestat (sodium tetrahydrate),CVCL_1056,8889,9012
Sivelestat (sodium tetrahydrate),CVCL_1094,3807,4369
Sivelestat (sodium tetrahydrate),CVCL_1097,4330,4708
Sivelestat (sodium tetrahydrate),CVCL_1098,2416,2705
Sivelestat (sodium tetrahydrate),CVCL_1119,6695,6964
Sivelestat (sodium tetrahydrate),CVCL_1125,1566,1804
Sivelestat (sodium tetrahydrate),CVCL_1239,3770,3892
Sivelestat (sodium tetrahydrate),CVCL_1285,9367,9800
Sivelestat (sodium tetrahydrate),CVCL_1381,6942,7155
Sivelestat (sodium tetrahydrate),CVCL_1478,3940,4432
Sivelestat (sodium tetrahydrate),CVCL_1495,5278,5442
Sivelestat (sodium tetrahydrate),CVCL_1517,4022,4116
Sivelestat (sodium tetrahydrate),CVCL_1531,93,129
Sivelestat (sodium tetrahydrate),CVCL_1547,5059,5228
Sivelestat (sodium tetrahydrate),CVCL_1550,5366,5609
Sivelestat (sodium tetrahydrate),CVCL_1571,61,95
Sivelestat (sodium tetrahydrate),CVCL_1577,359,406
Sivelestat (sodium tetrahydrate),CVCL_1635,4660,4782
Sivelestat (sodium tetrahydrate),CVCL_1666,4309,4655
Sivelestat (sodium tetrahydrate),CVCL_1693,8827,9712
Sivelestat (sodium tetrahydrate),CVCL_1715,219,256
Sivelestat (sodium tetrahydrate),CVCL_1716,422,458
Sivelestat (sodium tetrahydrate),CVCL_1717,4556,4872
Sivelestat (sodium tetrahydrate),CVCL_1724,2096,2339
Sivelestat (sodium tetrahydrate),CVCL_1731,5073,5328
Sivelestat (sodium tetrahydrate),CVCL_C466,3723,4078
Sodium Salicylate,CVCL_0023,7716,7963
Sodium Salicylate,CVCL_0028,2015,2239
Sodium Salicylate,CVCL_0069,4241,4397
Sodium Salicylate,CVCL_0099,2365,2592
Sodium Salicylate,CVCL_0131,8236,8350
Sodium Salicylate,CVCL_0152,8142,8769
Sodium Salicylate,CVCL_0179,4261,4381
Sodium Salicylate,CVCL_0218,4606,4812
Sodium Salicylate,CVCL_0292,3905,4414
Sodium Salicylate,CVCL_0293,8912,9640
Sodium Salicylate,CVCL_0320,6529,6760
Sodium Salicylate,CVCL_0332,4654,4779
Sodium Salicylate,CVCL_0334,3410,3679
Sodium Salicylate,CVCL_0359,7394,7550
Sodium Salicylate,CVCL_0366,5198,5359
Sodium Salicylate,CVCL_0371,6677,6948
Sodium Salicylate,CVCL_0397,5239,5563
Sodium Salicylate,CVCL_0399,10080,10888
Sodium Salicylate,CVCL_0428,3549,3631
Sodium Salicylate,CVCL_0459,14413,14908
Sodium Salicylate,CVCL_0480,9619,9802
Sodium Salicylate,CVCL_0504,6848,7272
Sodium Salicylate,CVCL_0546,16117,16953
Sodium Salicylate,CVCL_1055,4287,4388
Sodium Salicylate,CVCL_1056,7427,7568
Sodium Salicylate,CVCL_1094,4457,4671
Sodium Salicylate,CVCL_1097,6625,6900
Sodium Salicylate,CVCL_1098,5099,5483
Sodium Salicylate,CVCL_1119,6292,6498
Sodium Salicylate,CVCL_1125,1152,1274
Sodium Salicylate,CVCL_1239,2468,2579
Sodium Salicylate,CVCL_1285,9239,9544
Sodium Salicylate,CVCL_1381,6378,6557
Sodium Salicylate,CVCL_1478,6519,7117
Sodium Salicylate,CVCL_1495,4939,5078
Sodium Salicylate,CVCL_1517,7738,7910
Sodium Salicylate,CVCL_1531,116,159
Sodium Salicylate,CVCL_1547,5932,6113
Sodium Salicylate,CVCL_1550,6702,7021
Sodium Salicylate,CVCL_1571,69,122
Sodium Salicylate,CVCL_1577,350,406
Sodium Salicylate,CVCL_1635,4893,5031
Sodium Salicylate,CVCL_1666,4767,5038
Sodium Salicylate,CVCL_1693,3633,3908
Sodium Salicylate,CVCL_1715,623,676
Sodium Salicylate,CVCL_1716,721,792
Sodium Salicylate,CVCL_1717,5995,6298
Sodium Salicylate,CVCL_1724,3035,3279
Sodium Salicylate,CVCL_1731,4664,4929
Sodium Salicylate,CVCL_C466,5988,6323
Sonidegib,CVCL_0023,4171,4591
Sonidegib,CVCL_0028,956,1134
Sonidegib,CVCL_0069,2788,3017
Sonidegib,CVCL_0099,2854,3077
Sonidegib,CVCL_0131,3915,4067
Sonidegib,CVCL_0152,3446,4049
Sonidegib,CVCL_0179,2370,2476
Sonidegib,CVCL_0218,2637,2969
Sonidegib,CVCL_0292,2595,2930
Sonidegib,CVCL_0293,4334,4993
Sonidegib,CVCL_0320,3792,4106
Sonidegib,CVCL_0332,2975,3131
Sonidegib,CVCL_0334,5012,5339
Sonidegib,CVCL_0359,3997,4231
Sonidegib,CVCL_0366,2534,2660
Sonidegib,CVCL_0371,3644,4012
Sonidegib,CVCL_0397,3122,3456
Sonidegib,CVCL_0399,5041,5722
Sonidegib,CVCL_0428,3818,3984
Sonidegib,CVCL_0459,9870,10603
Sonidegib,CVCL_0480,7449,7679
Sonidegib,CVCL_0504,3567,4089
Sonidegib,CVCL_0546,10576,11529
Sonidegib,CVCL_1055,2340,2446
Sonidegib,CVCL_1056,4714,4881
Sonidegib,CVCL_1094,2918,3236
Sonidegib,CVCL_1097,3187,3546
Sonidegib,CVCL_1098,2071,2429
Sonidegib,CVCL_1119,4462,4778
Sonidegib,CVCL_1125,991,1089
Sonidegib,CVCL_1239,1755,1874
Sonidegib,CVCL_1285,5206,5644
Sonidegib,CVCL_1381,4222,4528
Sonidegib,CVCL_1478,3390,3828
Sonidegib,CVCL_1495,3161,3375
Sonidegib,CVCL_1517,3372,3533
Sonidegib,CVCL_1531,38,65
Sonidegib,CVCL_1547,3081,3386
Sonidegib,CVCL_1550,4148,4426
Sonidegib,CVCL_1571,24,46
Sonidegib,CVCL_1577,248,278
Sonidegib,CVCL_1635,3130,3381
Sonidegib,CVCL_1666,2708,2968
Sonidegib,CVCL_1693,5240,5573
Sonidegib,CVCL_1715,223,277
Sonidegib,CVCL_1716,336,385
Sonidegib,CVCL_1717,3398,3661
Sonidegib,CVCL_1724,1557,1748
Sonidegib,CVCL_1731,3011,3319
Sonidegib,CVCL_C466,2420,2756
Sulfatinib,CVCL_0023,4823,5063
Sulfatinib,CVCL_0028,1083,1228
Sulfatinib,CVCL_0069,3831,3969
Sulfatinib,CVCL_0099,3813,4233
Sulfatinib,CVCL_0131,3697,3778
Sulfatinib,CVCL_0152,4018,4442
Sulfatinib,CVCL_0179,2504,2596
Sulfatinib,CVCL_0218,3416,3593
Sulfatinib,CVCL_0292,3659,4106
Sulfatinib,CVCL_0293,4190,4718
Sulfatinib,CVCL_0320,4688,4859
Sulfatinib,CVCL_0332,3732,3830
Sulfatinib,CVCL_0334,7547,8240
Sulfatinib,CVCL_0359,4357,4451
Sulfatinib,CVCL_0366,2481,2564
Sulfatinib,CVCL_0371,4634,4836
Sulfatinib,CVCL_0397,4038,4288
Sulfatinib,CVCL_0399,5881,6396
Sulfatinib,CVCL_0428,7623,7780
Sulfatinib,CVCL_0459,12281,12739
Sulfatinib,CVCL_0480,9762,9913
Sulfatinib,CVCL_0504,4756,5192
Sulfatinib,CVCL_0546,14636,15423
Sulfatinib,CVCL_1055,3193,3313
Sulfatinib,CVCL_1056,5626,5703
Sulfatinib,CVCL_1094,3673,4031
Sulfatinib,CVCL_1097,3581,3842
Sulfatinib,CVCL_1098,1603,1763
Sulfatinib,CVCL_1119,5867,6114
Sulfatinib,CVCL_1125,1537,1688
Sulfatinib,CVCL_1239,2297,2370
Sulfatinib,CVCL_1285,6495,6752
Sulfatinib,CVCL_1381,4841,5004
Sulfatinib,CVCL_1478,3970,4614
Sulfatinib,CVCL_1495,4569,4684
Sulfatinib,CVCL_1517,2605,2690
Sulfatinib,CVCL_1531,56,84
Sulfatinib,CVCL_1547,3244,3349
Sulfatinib,CVCL_1550,4883,5157
Sulfatinib,CVCL_1571,30,56
Sulfatinib,CVCL_1577,314,347
Sulfatinib,CVCL_1635,4068,4192
Sulfatinib,CVCL_1666,3662,3906
Sulfatinib,CVCL_1693,7408,7906
Sulfatinib,CVCL_1715,124,150
Sulfatinib,CVCL_1716,390,427
Sulfatinib,CVCL_1717,4086,4362
Sulfatinib,CVCL_1724,1852,2038
Sulfatinib,CVCL_1731,3441,3604
Sulfatinib,CVCL_C466,2629,2832
Sulfisoxazole,CVCL_0023,9332,9829
Sulfisoxazole,CVCL_0028,2433,2769
Sulfisoxazole,CVCL_0069,5215,5545
Sulfisoxazole,CVCL_0099,2748,3272
Sulfisoxazole,CVCL_0131,9293,9551
Sulfisoxazole,CVCL_0152,8214,9183
Sulfisoxazole,CVCL_0179,4162,4627
Sulfisoxazole,CVCL_0218,4152,4571
Sulfisoxazole,CVCL_0292,4025,4790
Sulfisoxazole,CVCL_0293,8860,9768
Sulfisoxazole,CVCL_0320,6801,7202
Sulfisoxazole,CVCL_0332,5286,5516
Sulfisoxazole,CVCL_0334,4122,5107
Sulfisoxazole,CVCL_0359,9080,9378
Sulfisoxazole,CVCL_0366,5787,6034
Sulfisoxazole,CVCL_0371,6699,7193
Sulfisoxazole,CVCL_0397,5141,5588
Sulfisoxazole,CVCL_0399,10565,11602
Sulfisoxazole,CVCL_0428,5480,5685
Sulfisoxazole,CVCL_0459,15734,16615
Sulfisoxazole,CVCL_0480,11524,12233
Sulfisoxazole,CVCL_0504,7651,8296
Sulfisoxazole,CVCL_0546,16839,18083
Sulfisoxazole,CVCL_1055,5343,5525
Sulfisoxazole,CVCL_1056,9159,9366
Sulfisoxazole,CVCL_1094,5275,5663
Sulfisoxazole,CVCL_1097,6812,7282
Sulfisoxazole,CVCL_1098,4857,5470
Sulfisoxazole,CVCL_1119,7341,7719
Sulfisoxazole,CVCL_1125,1390,1595
Sulfisoxazole,CVCL_1239,2875,3023
Sulfisoxazole,CVCL_1285,10805,11289
Sulfisoxazole,CVCL_1381,7234,7581
Sulfisoxazole,CVCL_1478,6394,7289
Sulfisoxazole,CVCL_1495,6013,6299
Sulfisoxazole,CVCL_1517,7477,7754
Sulfisoxazole,CVCL_1531,112,178
Sulfisoxazole,CVCL_1547,6844,7206
Sulfisoxazole,CVCL_1550,7216,7990
Sulfisoxazole,CVCL_1571,83,147
Sulfisoxazole,CVCL_1577,440,510
Sulfisoxazole,CVCL_1635,5341,5619
Sulfisoxazole,CVCL_1666,5002,5478
Sulfisoxazole,CVCL_1693,4818,5557
Sulfisoxazole,CVCL_1715,537,591
Sulfisoxazole,CVCL_1716,698,799
Sulfisoxazole,CVCL_1717,5976,6483
Sulfisoxazole,CVCL_1724,2943,3276
Sulfisoxazole,CVCL_1731,5070,5538
Sulfisoxazole,CVCL_C466,5629,6139
Sunitinib,CVCL_0023,4131,4348
Sunitinib,CVCL_0028,663,802
Sunitinib,CVCL_0069,2855,3033
Sunitinib,CVCL_0099,1985,2319
Sunitinib,CVCL_0131,3344,3413
Sunitinib,CVCL_0152,2889,3284
Sunitinib,CVCL_0179,1662,1780
Sunitinib,CVCL_0218,2249,2461
Sunitinib,CVCL_0292,2513,2936
Sunitinib,CVCL_0293,3068,3512
Sunitinib,CVCL_0320,3920,4055
Sunitinib,CVCL_0332,3548,3645
Sunitinib,CVCL_0334,5047,6140
Sunitinib,CVCL_0359,4069,4167
Sunitinib,CVCL_0366,2289,2382
Sunitinib,CVCL_0371,3856,4071
Sunitinib,CVCL_0397,3222,3430
Sunitinib,CVCL_0399,4367,4768
Sunitinib,CVCL_0428,6976,7125
Sunitinib,CVCL_0459,11028,11465
Sunitinib,CVCL_0480,8937,9125
Sunitinib,CVCL_0504,3531,3989
Sunitinib,CVCL_0546,11592,12438
Sunitinib,CVCL_1055,2116,2186
Sunitinib,CVCL_1056,5194,5283
Sunitinib,CVCL_1094,2371,2762
Sunitinib,CVCL_1097,2903,3171
Sunitinib,CVCL_1098,1039,1146
Sunitinib,CVCL_1119,4864,5051
Sunitinib,CVCL_1125,782,892
Sunitinib,CVCL_1239,2092,2163
Sunitinib,CVCL_1285,6294,6592
Sunitinib,CVCL_1381,4152,4350
Sunitinib,CVCL_1478,2899,3386
Sunitinib,CVCL_1495,3852,3971
Sunitinib,CVCL_1517,2398,2485
Sunitinib,CVCL_1531,52,66
Sunitinib,CVCL_1547,2616,2716
Sunitinib,CVCL_1550,3993,4260
Sunitinib,CVCL_1571,36,61
Sunitinib,CVCL_1577,220,245
Sunitinib,CVCL_1635,3375,3491
Sunitinib,CVCL_1666,2881,3126
Sunitinib,CVCL_1693,4673,5093
Sunitinib,CVCL_1715,184,210
Sunitinib,CVCL_1716,348,380
Sunitinib,CVCL_1717,3195,3477
Sunitinib,CVCL_1724,1286,1455
Sunitinib,CVCL_1731,3174,3363
Sunitinib,CVCL_C466,1937,2133
TAK-733,CVCL_0023,4098,4233
TAK-733,CVCL_0028,1072,1190
TAK-733,CVCL_0069,1888,1988
TAK-733,CVCL_0099,1261,1383
TAK-733,CVCL_0131,4139,4203
TAK-733,CVCL_0152,4482,4955
TAK-733,CVCL_0179,2054,2127
TAK-733,CVCL_0218,2505,2621
TAK-733,CVCL_0292,2293,2602
TAK-733,CVCL_0293,5156,5732
TAK-733,CVCL_0320,3668,3865
TAK-733,CVCL_0332,2284,2346
TAK-733,CVCL_0334,1673,1824
TAK-733,CVCL_0359,3612,3690
TAK-733,CVCL_0366,2768,2862
TAK-733,CVCL_0371,3705,3948
TAK-733,CVCL_0397,3240,3485
TAK-733,CVCL_0399,6392,6999
TAK-733,CVCL_0428,1913,1941
TAK-733,CVCL_0459,8698,8963
TAK-733,CVCL_0480,4593,4751
TAK-733,CVCL_0504,3730,3983
TAK-733,CVCL_0546,9200,9775
TAK-733,CVCL_1055,1895,1966
TAK-733,CVCL_1056,3336,3414
TAK-733,CVCL_1094,2636,2790
TAK-733,CVCL_1097,3422,3599
TAK-733,CVCL_1098,2561,2817
TAK-733,CVCL_1119,3212,3388
TAK-733,CVCL_1125,812,900
TAK-733,CVCL_1239,1337,1386
TAK-733,CVCL_1285,4492,4688
TAK-733,CVCL_1381,3207,3323
TAK-733,CVCL_1478,3571,4022
TAK-733,CVCL_1495,2299,2372
TAK-733,CVCL_1517,4007,4136
TAK-733,CVCL_1531,49,67
TAK-733,CVCL_1547,3195,3303
TAK-733,CVCL_1550,3663,3967
TAK-733,CVCL_1571,28,48
TAK-733,CVCL_1577,182,201
TAK-733,CVCL_1635,2389,2484
TAK-733,CVCL_1666,2359,2538
TAK-733,CVCL_1693,2082,2252
TAK-733,CVCL_1715,310,334
TAK-733,CVCL_1716,414,452
TAK-733,CVCL_1717,3244,3467
TAK-733,CVCL_1724,1827,1940
TAK-733,CVCL_1731,2530,2720
TAK-733,CVCL_C466,3303,3566
TAK-901,CVCL_0023,4124,4228
TAK-901,CVCL_0028,687,764
TAK-901,CVCL_0069,1249,1305
TAK-901,CVCL_0099,894,969
TAK-901,CVCL_0131,4456,4513
TAK-901,CVCL_0152,5163,5573
TAK-901,CVCL_0179,3173,3313
TAK-901,CVCL_0218,3148,3248
TAK-901,CVCL_0292,2055,2339
TAK-901,CVCL_0293,6810,7229
TAK-901,CVCL_0320,2952,3075
TAK-901,CVCL_0332,2095,2161
TAK-901,CVCL_0334,1911,2113
TAK-901,CVCL_0359,3057,3127
TAK-901,CVCL_0366,2279,2339
TAK-901,CVCL_0371,2900,3056
TAK-901,CVCL_0397,3946,4192
TAK-901,CVCL_0399,5873,6368
TAK-901,CVCL_0428,1540,1578
TAK-901,CVCL_0459,8409,8612
TAK-901,CVCL_0480,4698,4867
TAK-901,CVCL_0504,3189,3323
TAK-901,CVCL_0546,9921,10370
TAK-901,CVCL_1055,964,988
TAK-901,CVCL_1056,3143,3230
TAK-901,CVCL_1094,2813,2902
TAK-901,CVCL_1097,3342,3517
TAK-901,CVCL_1098,3264,3530
TAK-901,CVCL_1119,4025,4129
TAK-901,CVCL_1125,642,686
TAK-901,CVCL_1239,1162,1202
TAK-901,CVCL_1285,3855,3967
TAK-901,CVCL_1381,2040,2110
TAK-901,CVCL_1478,3246,3538
TAK-901,CVCL_1495,2035,2090
TAK-901,CVCL_1517,3844,3983
TAK-901,CVCL_1531,84,110
TAK-901,CVCL_1547,1803,1869
TAK-901,CVCL_1550,4528,4877
TAK-901,CVCL_1571,36,58
TAK-901,CVCL_1577,174,197
TAK-901,CVCL_1635,2534,2612
TAK-901,CVCL_1666,2347,2461
TAK-901,CVCL_1693,2397,2551
TAK-901,CVCL_1715,358,373
TAK-901,CVCL_1716,331,364
TAK-901,CVCL_1717,4188,4394
TAK-901,CVCL_1724,1289,1480
TAK-901,CVCL_1731,1795,1893
TAK-901,CVCL_C466,3124,3272
Tadalafil,CVCL_0023,5117,5397
Tadalafil,CVCL_0028,990,1183
Tadalafil,CVCL_0069,3889,4058
Tadalafil,CVCL_0099,3470,4022
Tadalafil,CVCL_0131,4100,4168
Tadalafil,CVCL_0152,3788,4202
Tadalafil,CVCL_0179,2603,2749
Tadalafil,CVCL_0218,3401,3600
Tadalafil,CVCL_0292,3668,4173
Tadalafil,CVCL_0293,4497,4986
Tadalafil,CVCL_0320,4635,4772
Tadalafil,CVCL_0332,3829,3923
Tadalafil,CVCL_0334,7959,8764
Tadalafil,CVCL_0359,4611,4726
Tadalafil,CVCL_0366,2556,2618
Tadalafil,CVCL_0371,4705,4899
Tadalafil,CVCL_0397,3838,4041
Tadalafil,CVCL_0399,5861,6309
Tadalafil,CVCL_0428,7439,7649
Tadalafil,CVCL_0459,14069,14632
Tadalafil,CVCL_0480,10558,10685
Tadalafil,CVCL_0504,4564,5129
Tadalafil,CVCL_0546,14440,15402
Tadalafil,CVCL_1055,3430,3526
Tadalafil,CVCL_1056,5797,5891
Tadalafil,CVCL_1094,3250,3723
Tadalafil,CVCL_1097,3739,4010
Tadalafil,CVCL_1098,1731,1907
Tadalafil,CVCL_1119,5825,6089
Tadalafil,CVCL_1125,1612,1774
Tadalafil,CVCL_1239,2574,2664
Tadalafil,CVCL_1285,6695,6903
Tadalafil,CVCL_1381,4910,5048
Tadalafil,CVCL_1478,4289,4737
Tadalafil,CVCL_1495,4315,4419
Tadalafil,CVCL_1517,2646,2706
Tadalafil,CVCL_1531,36,57
Tadalafil,CVCL_1547,3673,3836
Tadalafil,CVCL_1550,4602,4798
Tadalafil,CVCL_1571,39,72
Tadalafil,CVCL_1577,321,342
Tadalafil,CVCL_1635,3963,4098
Tadalafil,CVCL_1666,3321,3593
Tadalafil,CVCL_1693,6741,7483
Tadalafil,CVCL_1715,148,173
Tadalafil,CVCL_1716,384,415
Tadalafil,CVCL_1717,4034,4330
Tadalafil,CVCL_1724,1993,2209
Tadalafil,CVCL_1731,3772,3919
Tadalafil,CVCL_C466,2631,2822
Talc,CVCL_0023,5821,5998
Talc,CVCL_0028,954,1067
Talc,CVCL_0069,3583,3677
Talc,CVCL_0099,3224,3516
Talc,CVCL_0131,4168,4220
Talc,CVCL_0152,3823,4159
Talc,CVCL_0179,1869,1952
Talc,CVCL_0218,3086,3189
Talc,CVCL_0292,3375,3775
Talc,CVCL_0293,4636,5128
Talc,CVCL_0320,4418,4539
Talc,CVCL_0332,4403,4498
Talc,CVCL_0334,8427,9136
Talc,CVCL_0359,5340,5430
Talc,CVCL_0366,3154,3215
Talc,CVCL_0371,4417,4582
Talc,CVCL_0397,3643,3889
Talc,CVCL_0399,5872,6265
Talc,CVCL_0428,8004,8139
Talc,CVCL_0459,15314,15742
Talc,CVCL_0480,10888,11024
Talc,CVCL_0504,4590,4928
Talc,CVCL_0546,13997,14555
Talc,CVCL_1055,2677,2745
Talc,CVCL_1056,7396,7487
Talc,CVCL_1094,3222,3495
Talc,CVCL_1097,4032,4249
Talc,CVCL_1098,1745,1880
Talc,CVCL_1119,5620,5770
Talc,CVCL_1125,1432,1537
Talc,CVCL_1239,2889,2943
Talc,CVCL_1285,8447,8635
Talc,CVCL_1381,5056,5166
Talc,CVCL_1478,3999,4400
Talc,CVCL_1495,4446,4530
Talc,CVCL_1517,3052,3154
Talc,CVCL_1531,53,72
Talc,CVCL_1547,3741,3835
Talc,CVCL_1550,4635,4872
Talc,CVCL_1571,32,50
Talc,CVCL_1577,265,283
Talc,CVCL_1635,3818,3906
Talc,CVCL_1666,3768,3964
Talc,CVCL_1693,6199,6546
Talc,CVCL_1715,181,196
Talc,CVCL_1716,453,482
Talc,CVCL_1717,3689,3918
Talc,CVCL_1724,1704,1831
Talc,CVCL_1731,4219,4320
Talc,CVCL_C466,3717,3895
Tazarotene,CVCL_0023,5654,5757
Tazarotene,CVCL_0028,1301,1448
Tazarotene,CVCL_0069,4007,4138
Tazarotene,CVCL_0099,3840,4068
Tazarotene,CVCL_0131,4475,4552
Tazarotene,CVCL_0152,4528,4788
Tazarotene,CVCL_0179,2354,2425
Tazarotene,CVCL_0218,3611,3698
Tazarotene,CVCL_0292,4139,4338
Tazarotene,CVCL_0293,5311,5814
Tazarotene,CVCL_0320,4993,5214
Tazarotene,CVCL_0332,4467,4594
Tazarotene,CVCL_0334,9194,9578
Tazarotene,CVCL_0359,5177,5271
Tazarotene,CVCL_0366,3007,3152
Tazarotene,CVCL_0371,4935,5057
Tazarotene,CVCL_0397,4281,4518
Tazarotene,CVCL_0399,6435,6826
Tazarotene,CVCL_0428,8421,8535
Tazarotene,CVCL_0459,15480,15664
Tazarotene,CVCL_0480,11879,12124
Tazarotene,CVCL_0504,5297,5468
Tazarotene,CVCL_0546,15188,15444
Tazarotene,CVCL_1055,3195,3325
Tazarotene,CVCL_1056,7277,7439
Tazarotene,CVCL_1094,3711,3893
Tazarotene,CVCL_1097,4520,4645
Tazarotene,CVCL_1098,1881,2011
Tazarotene,CVCL_1119,6022,6165
Tazarotene,CVCL_1125,1678,1760
Tazarotene,CVCL_1239,2747,2814
Tazarotene,CVCL_1285,8658,8846
Tazarotene,CVCL_1381,5336,5538
Tazarotene,CVCL_1478,4478,5192
Tazarotene,CVCL_1495,4772,4872
Tazarotene,CVCL_1517,3103,3233
Tazarotene,CVCL_1531,90,132
Tazarotene,CVCL_1547,3889,3969
Tazarotene,CVCL_1550,4643,5000
Tazarotene,CVCL_1571,59,108
Tazarotene,CVCL_1577,322,385
Tazarotene,CVCL_1635,4149,4242
Tazarotene,CVCL_1666,4037,4129
Tazarotene,CVCL_1693,7083,7317
Tazarotene,CVCL_1715,242,301
Tazarotene,CVCL_1716,482,517
Tazarotene,CVCL_1717,4376,4614
Tazarotene,CVCL_1724,2250,2351
Tazarotene,CVCL_1731,4332,4495
Tazarotene,CVCL_C466,3817,3956
Temsirolimus,CVCL_0023,7717,8027
Temsirolimus,CVCL_0028,1926,2230
Temsirolimus,CVCL_0069,4120,4323
Temsirolimus,CVCL_0099,2144,2370
Temsirolimus,CVCL_0131,7907,8045
Temsirolimus,CVCL_0152,7033,7842
Temsirolimus,CVCL_0179,4116,4280
Temsirolimus,CVCL_0218,3780,4011
Temsirolimus,CVCL_0292,3362,4158
Temsirolimus,CVCL_0293,7719,8397
Temsirolimus,CVCL_0320,6024,6256
Temsirolimus,CVCL_0332,4142,4278
Temsirolimus,CVCL_0334,2924,3290
Temsirolimus,CVCL_0359,7344,7546
Temsirolimus,CVCL_0366,4911,5032
Temsirolimus,CVCL_0371,6196,6539
Temsirolimus,CVCL_0397,4322,4635
Temsirolimus,CVCL_0399,8549,9429
Temsirolimus,CVCL_0428,3606,3721
Temsirolimus,CVCL_0459,13302,14031
Temsirolimus,CVCL_0480,8891,9094
Temsirolimus,CVCL_0504,6233,6918
Temsirolimus,CVCL_0546,14903,16107
Temsirolimus,CVCL_1055,4723,4815
Temsirolimus,CVCL_1056,7043,7145
Temsirolimus,CVCL_1094,4091,4334
Temsirolimus,CVCL_1097,5766,6194
Temsirolimus,CVCL_1098,5283,5861
Temsirolimus,CVCL_1119,5612,5907
Temsirolimus,CVCL_1125,1136,1275
Temsirolimus,CVCL_1239,2175,2292
Temsirolimus,CVCL_1285,8311,8750
Temsirolimus,CVCL_1381,5883,6076
Temsirolimus,CVCL_1478,5661,6241
Temsirolimus,CVCL_1495,4528,4716
Temsirolimus,CVCL_1517,6784,6925
Temsirolimus,CVCL_1531,106,132
Temsirolimus,CVCL_1547,5858,6117
Temsirolimus,CVCL_1550,6335,6639
Temsirolimus,CVCL_1571,57,102
Temsirolimus,CVCL_1577,362,394
Temsirolimus,CVCL_1635,4173,4343
Temsirolimus,CVCL_1666,3870,4316
Temsirolimus,CVCL_1693,3926,4319
Temsirolimus,CVCL_1715,471,513
Temsirolimus,CVCL_1716,668,744
Temsirolimus,CVCL_1717,5568,5877
Temsirolimus,CVCL_1724,2913,3161
Temsirolimus,CVCL_1731,4287,4581
Temsirolimus,CVCL_C466,4777,5198
Temuterkib,CVCL_0023,4877,5010
Temuterkib,CVCL_0028,1288,1417
Temuterkib,CVCL_0069,2300,2428
Temuterkib,CVCL_0099,1562,1690
Temuterkib,CVCL_0131,4539,4593
Temuterkib,CVCL_0152,5064,5492
Temuterkib,CVCL_0179,2649,2735
Temuterkib,CVCL_0218,2956,3109
Temuterkib,CVCL_0292,2573,2972
Temuterkib,CVCL_0293,5986,6509
Temuterkib,CVCL_0320,4695,4905
Temuterkib,CVCL_0332,2673,2751
Temuterkib,CVCL_0334,1963,2129
Temuterkib,CVCL_0359,3812,3877
Temuterkib,CVCL_0366,2817,2922
Temuterkib,CVCL_0371,4332,4489
Temuterkib,CVCL_0397,4001,4290
Temuterkib,CVCL_0399,7047,7743
Temuterkib,CVCL_0428,2102,2156
Temuterkib,CVCL_0459,9984,10325
Temuterkib,CVCL_0480,5412,5537
Temuterkib,CVCL_0504,4646,4864
Temuterkib,CVCL_0546,10309,10904
Temuterkib,CVCL_1055,2634,2729
Temuterkib,CVCL_1056,3594,3688
Temuterkib,CVCL_1094,2974,3076
Temuterkib,CVCL_1097,4053,4221
Temuterkib,CVCL_1098,2668,2902
Temuterkib,CVCL_1119,4169,4321
Temuterkib,CVCL_1125,948,1046
Temuterkib,CVCL_1239,1738,1802
Temuterkib,CVCL_1285,5092,5293
Temuterkib,CVCL_1381,3800,3948
Temuterkib,CVCL_1478,3615,4026
Temuterkib,CVCL_1495,3022,3108
Temuterkib,CVCL_1517,5268,5367
Temuterkib,CVCL_1531,72,101
Temuterkib,CVCL_1547,3613,3715
Temuterkib,CVCL_1550,4413,4731
Temuterkib,CVCL_1571,45,79
Temuterkib,CVCL_1577,201,243
Temuterkib,CVCL_1635,3244,3363
Temuterkib,CVCL_1666,2916,3123
Temuterkib,CVCL_1693,2123,2288
Temuterkib,CVCL_1715,471,524
Temuterkib,CVCL_1716,399,444
Temuterkib,CVCL_1717,3729,3933
Temuterkib,CVCL_1724,2072,2252
Temuterkib,CVCL_1731,3141,3288
Temuterkib,CVCL_C466,3942,4223
Terfenadine,CVCL_0023,9180,9708
Terfenadine,CVCL_0028,1729,2025
Terfenadine,CVCL_0069,4613,4891
Terfenadine,CVCL_0099,2675,3093
Terfenadine,CVCL_0131,8855,9039
Terfenadine,CVCL_0152,8689,9835
Terfenadine,CVCL_0179,4616,4874
Terfenadine,CVCL_0218,5041,5585
Terfenadine,CVCL_0292,4080,5048
Terfenadine,CVCL_0293,10161,11120
Terfenadine,CVCL_0320,7789,8178
Terfenadine,CVCL_0332,5175,5352
Terfenadine,CVCL_0334,4282,5127
Terfenadine,CVCL_0359,7085,7318
Terfenadine,CVCL_0366,5011,5164
Terfenadine,CVCL_0371,8408,9079
Terfenadine,CVCL_0397,6307,6908
Terfenadine,CVCL_0399,11433,12792
Terfenadine,CVCL_0428,4606,4805
Terfenadine,CVCL_0459,16860,18015
Terfenadine,CVCL_0480,10776,11070
Terfenadine,CVCL_0504,7205,7998
Terfenadine,CVCL_0546,19089,20784
Terfenadine,CVCL_1055,4625,4736
Terfenadine,CVCL_1056,8229,8384
Terfenadine,CVCL_1094,4618,5041
Terfenadine,CVCL_1097,6892,7503
Terfenadine,CVCL_1098,5054,5710
Terfenadine,CVCL_1119,7737,8092
Terfenadine,CVCL_1125,1411,1627
Terfenadine,CVCL_1239,2927,3121
Terfenadine,CVCL_1285,10250,10901
Terfenadine,CVCL_1381,7127,7415
Terfenadine,CVCL_1478,7734,8580
Terfenadine,CVCL_1495,5715,5979
Terfenadine,CVCL_1517,8780,8970
Terfenadine,CVCL_1531,114,162
Terfenadine,CVCL_1547,6536,6840
Terfenadine,CVCL_1550,8544,8980
Terfenadine,CVCL_1571,78,131
Terfenadine,CVCL_1577,364,410
Terfenadine,CVCL_1635,5818,6061
Terfenadine,CVCL_1666,5150,5740
Terfenadine,CVCL_1693,4381,4949
Terfenadine,CVCL_1715,658,720
Terfenadine,CVCL_1716,688,822
Terfenadine,CVCL_1717,7398,7897
Terfenadine,CVCL_1724,3520,3921
Terfenadine,CVCL_1731,5459,5890
Terfenadine,CVCL_C466,5703,6417
Tetracycline (hydrochloride),CVCL_0023,6517,6940
Tetracycline (hydrochloride),CVCL_0028,1098,1383
Tetracycline (hydrochloride),CVCL_0069,4531,4770
Tetracycline (hydrochloride),CVCL_0099,3796,4512
Tetracycline (hydrochloride),CVCL_0131,5143,5267
Tetracycline (hydrochloride),CVCL_0152,4243,4788
Tetracycline (hydrochloride),CVCL_0179,2824,2983
Tetracycline (hydrochloride),CVCL_0218,3402,3665
Tetracycline (hydrochloride),CVCL_0292,3790,4503
Tetracycline (hydrochloride),CVCL_0293,5194,5880
Tetracycline (hydrochloride),CVCL_0320,5197,5387
Tetracycline (hydrochloride),CVCL_0332,5668,5829
Tetracycline (hydrochloride),CVCL_0334,9783,10856
Tetracycline (hydrochloride),CVCL_0359,6900,7059
Tetracycline (hydrochloride),CVCL_0366,4014,4131
Tetracycline (hydrochloride),CVCL_0371,5557,5853
Tetracycline (hydrochloride),CVCL_0397,4760,5073
Tetracycline (hydrochloride),CVCL_0399,6803,7488
Tetracycline (hydrochloride),CVCL_0428,9098,9410
Tetracycline (hydrochloride),CVCL_0459,17138,18012
Tetracycline (hydrochloride),CVCL_0480,13745,13952
Tetracycline (hydrochloride),CVCL_0504,5240,6127
Tetracycline (hydrochloride),CVCL_0546,15755,17224
Tetracycline (hydrochloride),CVCL_1055,4271,4381
Tetracycline (hydrochloride),CVCL_1056,8853,8966
Tetracycline (hydrochloride),CVCL_1094,3395,3999
Tetracycline (hydrochloride),CVCL_1097,4657,5113
Tetracycline (hydrochloride),CVCL_1098,2142,2435
Tetracycline (hydrochloride),CVCL_1119,6909,7276
Tetracycline (hydrochloride),CVCL_1125,1638,1884
Tetracycline (hydrochloride),CVCL_1239,3625,3770
Tetracycline (hydrochloride),CVCL_1285,9646,10090
Tetracycline (hydrochloride),CVCL_1381,6645,6878
Tetracycline (hydrochloride),CVCL_1478,4750,5371
Tetracycline (hydrochloride),CVCL_1495,5582,5765
Tetracycline (hydrochloride),CVCL_1517,3947,4029
Tetracycline (hydrochloride),CVCL_1531,70,97
Tetracycline (hydrochloride),CVCL_1547,4975,5156
Tetracycline (hydrochloride),CVCL_1550,5738,6006
Tetracycline (hydrochloride),CVCL_1571,62,91
Tetracycline (hydrochloride),CVCL_1577,423,463
Tetracycline (hydrochloride),CVCL_1635,4863,5055
Tetracycline (hydrochloride),CVCL_1666,4435,4864
Tetracycline (hydrochloride),CVCL_1693,7704,8592
Tetracycline (hydrochloride),CVCL_1715,198,235
Tetracycline (hydrochloride),CVCL_1716,486,553
Tetracycline (hydrochloride),CVCL_1717,4489,4895
Tetracycline (hydrochloride),CVCL_1724,2169,2412
Tetracycline (hydrochloride),CVCL_1731,4924,5168
Tetracycline (hydrochloride),CVCL_C466,3604,3986
Thymol,CVCL_0023,5414,5840
Thymol,CVCL_0028,1345,1611
Thymol,CVCL_0069,3037,3237
Thymol,CVCL_0099,1574,1814
Thymol,CVCL_0131,5824,5956
Thymol,CVCL_0152,5318,6088
Thymol,CVCL_0179,2935,3073
Thymol,CVCL_0218,3250,3560
Thymol,CVCL_0292,2262,2843
Thymol,CVCL_0293,5752,6385
Thymol,CVCL_0320,4353,4576
Thymol,CVCL_0332,2890,3029
Thymol,CVCL_0334,2182,2512
Thymol,CVCL_0359,5041,5261
Thymol,CVCL_0366,3328,3439
Thymol,CVCL_0371,4783,5130
Thymol,CVCL_0397,3399,3742
Thymol,CVCL_0399,6742,7584
Thymol,CVCL_0428,2441,2583
Thymol,CVCL_0459,9158,9948
Thymol,CVCL_0480,6457,6668
Thymol,CVCL_0504,4301,4936
Thymol,CVCL_0546,10879,11969
Thymol,CVCL_1055,3364,3456
Thymol,CVCL_1056,4834,4955
Thymol,CVCL_1094,3005,3320
Thymol,CVCL_1097,4379,4759
Thymol,CVCL_1098,3311,3767
Thymol,CVCL_1119,4401,4713
Thymol,CVCL_1125,769,913
Thymol,CVCL_1239,1650,1770
Thymol,CVCL_1285,6037,6443
Thymol,CVCL_1381,4038,4231
Thymol,CVCL_1478,4781,5327
Thymol,CVCL_1495,3349,3573
Thymol,CVCL_1517,4900,5017
Thymol,CVCL_1531,66,98
Thymol,CVCL_1547,4043,4304
Thymol,CVCL_1550,4832,5068
Thymol,CVCL_1571,29,53
Thymol,CVCL_1577,227,256
Thymol,CVCL_1635,3119,3319
Thymol,CVCL_1666,2812,3211
Thymol,CVCL_1693,2588,2949
Thymol,CVCL_1715,424,477
Thymol,CVCL_1716,433,510
Thymol,CVCL_1717,4036,4326
Thymol,CVCL_1724,2045,2297
Thymol,CVCL_1731,2960,3206
Thymol,CVCL_C466,3339,3751
Thymopentin,CVCL_0023,4183,4346
Thymopentin,CVCL_0028,975,1124
Thymopentin,CVCL_0069,3361,3485
Thymopentin,CVCL_0099,3120,3445
Thymopentin,CVCL_0131,3311,3369
Thymopentin,CVCL_0152,3458,3809
Thymopentin,CVCL_0179,2200,2269
Thymopentin,CVCL_0218,2952,3060
Thymopentin,CVCL_0292,3464,3801
Thymopentin,CVCL_0293,3940,4438
Thymopentin,CVCL_0320,3883,4018
Thymopentin,CVCL_0332,3130,3209
Thymopentin,CVCL_0334,6592,7057
Thymopentin,CVCL_0359,4108,4199
Thymopentin,CVCL_0366,2090,2189
Thymopentin,CVCL_0371,4206,4360
Thymopentin,CVCL_0397,3278,3510
Thymopentin,CVCL_0399,5250,5633
Thymopentin,CVCL_0428,6677,6840
Thymopentin,CVCL_0459,10508,10845
Thymopentin,CVCL_0480,8760,8907
Thymopentin,CVCL_0504,4034,4379
Thymopentin,CVCL_0546,12257,12779
Thymopentin,CVCL_1055,2961,3049
Thymopentin,CVCL_1056,4949,5027
Thymopentin,CVCL_1094,3004,3295
Thymopentin,CVCL_1097,3057,3231
Thymopentin,CVCL_1098,1390,1544
Thymopentin,CVCL_1119,5455,5658
Thymopentin,CVCL_1125,1489,1597
Thymopentin,CVCL_1239,2049,2127
Thymopentin,CVCL_1285,5934,6107
Thymopentin,CVCL_1381,4383,4542
Thymopentin,CVCL_1478,3424,3918
Thymopentin,CVCL_1495,3819,3908
Thymopentin,CVCL_1517,2103,2165
Thymopentin,CVCL_1531,42,66
Thymopentin,CVCL_1547,2924,3024
Thymopentin,CVCL_1550,4409,4642
Thymopentin,CVCL_1571,49,74
Thymopentin,CVCL_1577,292,329
Thymopentin,CVCL_1635,3519,3619
Thymopentin,CVCL_1666,2997,3167
Thymopentin,CVCL_1693,6181,6624
Thymopentin,CVCL_1715,125,153
Thymopentin,CVCL_1716,305,322
Thymopentin,CVCL_1717,3544,3766
Thymopentin,CVCL_1724,1717,1866
Thymopentin,CVCL_1731,3026,3169
Thymopentin,CVCL_C466,2281,2434
Tirabrutinib,CVCL_0023,6712,6764
Tirabrutinib,CVCL_0028,1808,1917
Tirabrutinib,CVCL_0069,5541,5649
Tirabrutinib,CVCL_0099,5790,6012
Tirabrutinib,CVCL_0131,5476,5511
Tirabrutinib,CVCL_0152,5221,5585
Tirabrutinib,CVCL_0179,3358,3454
Tirabrutinib,CVCL_0218,4295,4330
Tirabrutinib,CVCL_0292,5290,5475
Tirabrutinib,CVCL_0293,5268,5926
Tirabrutinib,CVCL_0320,5821,5916
Tirabrutinib,CVCL_0332,5298,5394
Tirabrutinib,CVCL_0334,10445,10803
Tirabrutinib,CVCL_0359,6072,6126
Tirabrutinib,CVCL_0366,3532,3596
Tirabrutinib,CVCL_0371,5779,5895
Tirabrutinib,CVCL_0397,4746,4992
Tirabrutinib,CVCL_0399,7092,7555
Tirabrutinib,CVCL_0428,9742,9820
Tirabrutinib,CVCL_0459,18369,18490
Tirabrutinib,CVCL_0480,12628,12844
Tirabrutinib,CVCL_0504,6195,6300
Tirabrutinib,CVCL_0546,18632,18946
Tirabrutinib,CVCL_1055,4593,4769
Tirabrutinib,CVCL_1056,7868,7974
Tirabrutinib,CVCL_1094,4744,4856
Tirabrutinib,CVCL_1097,5539,5605
Tirabrutinib,CVCL_1098,2942,3125
Tirabrutinib,CVCL_1119,6875,7035
Tirabrutinib,CVCL_1125,1913,1953
Tirabrutinib,CVCL_1239,3820,3845
Tirabrutinib,CVCL_1285,9369,9450
Tirabrutinib,CVCL_1381,6874,6954
Tirabrutinib,CVCL_1478,5350,6297
Tirabrutinib,CVCL_1495,5499,5543
Tirabrutinib,CVCL_1517,3499,3613
Tirabrutinib,CVCL_1531,54,63
Tirabrutinib,CVCL_1547,4778,4846
Tirabrutinib,CVCL_1550,5091,5524
Tirabrutinib,CVCL_1571,21,46
Tirabrutinib,CVCL_1577,417,456
Tirabrutinib,CVCL_1635,4656,4726
Tirabrutinib,CVCL_1666,5001,5098
Tirabrutinib,CVCL_1693,10868,11119
Tirabrutinib,CVCL_1715,195,209
Tirabrutinib,CVCL_1716,517,526
Tirabrutinib,CVCL_1717,5054,5292
Tirabrutinib,CVCL_1724,2541,2631
Tirabrutinib,CVCL_1731,5218,5296
Tirabrutinib,CVCL_C466,4126,4179
Tirabrutinib (hydrochloride),CVCL_0023,8191,8310
Tirabrutinib (hydrochloride),CVCL_0028,1508,1603
Tirabrutinib (hydrochloride),CVCL_0069,5509,5619
Tirabrutinib (hydrochloride),CVCL_0099,5120,5366
Tirabrutinib (hydrochloride),CVCL_0131,6189,6228
Tirabrutinib (hydrochloride),CVCL_0152,5740,6114
Tirabrutinib (hydrochloride),CVCL_0179,3089,3151
Tirabrutinib (hydrochloride),CVCL_0218,4266,4354
Tirabrutinib (hydrochloride),CVCL_0292,5233,5450
Tirabrutinib (hydrochloride),CVCL_0293,6712,7376
Tirabrutinib (hydrochloride),CVCL_0320,6087,6222
Tirabrutinib (hydrochloride),CVCL_0332,6612,6734
Tirabrutinib (hydrochloride),CVCL_0334,13526,13994
Tirabrutinib (hydrochloride),CVCL_0359,7976,8071
Tirabrutinib (hydrochloride),CVCL_0366,4726,4843
Tirabrutinib (hydrochloride),CVCL_0371,6061,6203
Tirabrutinib (hydrochloride),CVCL_0397,5414,5676
Tirabrutinib (hydrochloride),CVCL_0399,8106,8559
Tirabrutinib (hydrochloride),CVCL_0428,11265,11384
Tirabrutinib (hydrochloride),CVCL_0459,23091,23328
Tirabrutinib (hydrochloride),CVCL_0480,15979,16198
Tirabrutinib (hydrochloride),CVCL_0504,6632,6845
Tirabrutinib (hydrochloride),CVCL_0546,20436,20853
Tirabrutinib (hydrochloride),CVCL_1055,3924,4034
Tirabrutinib (hydrochloride),CVCL_1056,10858,11042
Tirabrutinib (hydrochloride),CVCL_1094,4665,4841
Tirabrutinib (hydrochloride),CVCL_1097,6440,6557
Tirabrutinib (hydrochloride),CVCL_1098,3004,3173
Tirabrutinib (hydrochloride),CVCL_1119,7621,7800
Tirabrutinib (hydrochloride),CVCL_1125,1888,1955
Tirabrutinib (hydrochloride),CVCL_1239,4467,4513
Tirabrutinib (hydrochloride),CVCL_1285,12149,12329
Tirabrutinib (hydrochloride),CVCL_1381,7909,8033
Tirabrutinib (hydrochloride),CVCL_1478,5771,6411
Tirabrutinib (hydrochloride),CVCL_1495,6703,6784
Tirabrutinib (hydrochloride),CVCL_1517,4375,4504
Tirabrutinib (hydrochloride),CVCL_1531,72,95
Tirabrutinib (hydrochloride),CVCL_1547,5493,5596
Tirabrutinib (hydrochloride),CVCL_1550,6125,6505
Tirabrutinib (hydrochloride),CVCL_1571,51,80
Tirabrutinib (hydrochloride),CVCL_1577,364,404
Tirabrutinib (hydrochloride),CVCL_1635,5324,5398
Tirabrutinib (hydrochloride),CVCL_1666,5764,5895
Tirabrutinib (hydrochloride),CVCL_1693,9922,10271
Tirabrutinib (hydrochloride),CVCL_1715,283,303
Tirabrutinib (hydrochloride),CVCL_1716,669,686
Tirabrutinib (hydrochloride),CVCL_1717,5400,5678
Tirabrutinib (hydrochloride),CVCL_1724,2643,2787
Tirabrutinib (hydrochloride),CVCL_1731,6184,6301
Tirabrutinib (hydrochloride),CVCL_C466,5763,5895
Tofacitinib,CVCL_0023,7460,7757
Tofacitinib,CVCL_0028,1779,2047
Tofacitinib,CVCL_0069,4149,4338
Tofacitinib,CVCL_0099,2111,2406
Tofacitinib,CVCL_0131,7465,7583
Tofacitinib,CVCL_0152,7191,8032
Tofacitinib,CVCL_0179,4031,4134
Tofacitinib,CVCL_0218,3915,4154
Tofacitinib,CVCL_0292,2934,3540
Tofacitinib,CVCL_0293,8095,8800
Tofacitinib,CVCL_0320,5926,6181
Tofacitinib,CVCL_0332,4155,4295
Tofacitinib,CVCL_0334,3088,3401
Tofacitinib,CVCL_0359,7135,7307
Tofacitinib,CVCL_0366,4629,4744
Tofacitinib,CVCL_0371,6204,6519
Tofacitinib,CVCL_0397,4447,4760
Tofacitinib,CVCL_0399,8641,9584
Tofacitinib,CVCL_0428,3496,3601
Tofacitinib,CVCL_0459,12474,13131
Tofacitinib,CVCL_0480,8858,9026
Tofacitinib,CVCL_0504,6122,6745
Tofacitinib,CVCL_0546,13977,14897
Tofacitinib,CVCL_1055,3871,3947
Tofacitinib,CVCL_1056,7030,7158
Tofacitinib,CVCL_1094,3895,4114
Tofacitinib,CVCL_1097,5704,6060
Tofacitinib,CVCL_1098,4709,5199
Tofacitinib,CVCL_1119,5857,6070
Tofacitinib,CVCL_1125,1009,1119
Tofacitinib,CVCL_1239,2451,2552
Tofacitinib,CVCL_1285,8453,8714
Tofacitinib,CVCL_1381,5784,5965
Tofacitinib,CVCL_1478,5366,5936
Tofacitinib,CVCL_1495,4648,4813
Tofacitinib,CVCL_1517,7254,7384
Tofacitinib,CVCL_1531,125,167
Tofacitinib,CVCL_1547,5339,5494
Tofacitinib,CVCL_1550,6168,6403
Tofacitinib,CVCL_1571,63,106
Tofacitinib,CVCL_1577,320,367
Tofacitinib,CVCL_1635,4263,4420
Tofacitinib,CVCL_1666,4016,4371
Tofacitinib,CVCL_1693,3219,3521
Tofacitinib,CVCL_1715,512,562
Tofacitinib,CVCL_1716,573,663
Tofacitinib,CVCL_1717,5445,5710
Tofacitinib,CVCL_1724,2515,2771
Tofacitinib,CVCL_1731,4159,4411
Tofacitinib,CVCL_C466,5244,5723
Tofacitinib (citrate),CVCL_0023,6975,7220
Tofacitinib (citrate),CVCL_0028,2039,2266
Tofacitinib (citrate),CVCL_0069,4044,4183
Tofacitinib (citrate),CVCL_0099,2070,2259
Tofacitinib (citrate),CVCL_0131,6960,7065
Tofacitinib (citrate),CVCL_0152,7099,7762
Tofacitinib (citrate),CVCL_0179,3649,3788
Tofacitinib (citrate),CVCL_0218,3563,3752
Tofacitinib (citrate),CVCL_0292,3543,4036
Tofacitinib (citrate),CVCL_0293,7201,7903
Tofacitinib (citrate),CVCL_0320,5204,5412
Tofacitinib (citrate),CVCL_0332,3714,3821
Tofacitinib (citrate),CVCL_0334,2798,3045
Tofacitinib (citrate),CVCL_0359,6789,6921
Tofacitinib (citrate),CVCL_0366,4209,4335
Tofacitinib (citrate),CVCL_0371,5339,5575
Tofacitinib (citrate),CVCL_0397,3960,4244
Tofacitinib (citrate),CVCL_0399,8321,9197
Tofacitinib (citrate),CVCL_0428,3540,3627
Tofacitinib (citrate),CVCL_0459,11403,11845
Tofacitinib (citrate),CVCL_0480,7886,8075
Tofacitinib (citrate),CVCL_0504,6172,6606
Tofacitinib (citrate),CVCL_0546,13606,14432
Tofacitinib (citrate),CVCL_1055,4190,4276
Tofacitinib (citrate),CVCL_1056,6293,6404
Tofacitinib (citrate),CVCL_1094,4272,4478
Tofacitinib (citrate),CVCL_1097,5501,5764
Tofacitinib (citrate),CVCL_1098,4326,4671
Tofacitinib (citrate),CVCL_1119,5675,5883
Tofacitinib (citrate),CVCL_1125,1043,1134
Tofacitinib (citrate),CVCL_1239,1924,2005
Tofacitinib (citrate),CVCL_1285,7854,8120
Tofacitinib (citrate),CVCL_1381,5450,5649
Tofacitinib (citrate),CVCL_1478,5323,5978
Tofacitinib (citrate),CVCL_1495,4107,4248
Tofacitinib (citrate),CVCL_1517,5630,5776
Tofacitinib (citrate),CVCL_1531,106,131
Tofacitinib (citrate),CVCL_1547,5370,5529
Tofacitinib (citrate),CVCL_1550,6208,6556
Tofacitinib (citrate),CVCL_1571,45,77
Tofacitinib (citrate),CVCL_1577,367,401
Tofacitinib (citrate),CVCL_1635,4222,4385
Tofacitinib (citrate),CVCL_1666,3878,4156
Tofacitinib (citrate),CVCL_1693,3508,3789
Tofacitinib (citrate),CVCL_1715,379,424
Tofacitinib (citrate),CVCL_1716,569,641
Tofacitinib (citrate),CVCL_1717,4984,5227
Tofacitinib (citrate),CVCL_1724,2610,2815
Tofacitinib (citrate),CVCL_1731,3742,3940
Tofacitinib (citrate),CVCL_C466,4623,4971
Tolcapone,CVCL_0023,10389,10741
Tolcapone,CVCL_0028,2114,2368
Tolcapone,CVCL_0069,5333,5546
Tolcapone,CVCL_0099,2657,2903
Tolcapone,CVCL_0131,10824,10957
Tolcapone,CVCL_0152,10135,11084
Tolcapone,CVCL_0179,5354,5503
Tolcapone,CVCL_0218,5496,5757
Tolcapone,CVCL_0292,4440,5185
Tolcapone,CVCL_0293,10919,11735
Tolcapone,CVCL_0320,8442,8725
Tolcapone,CVCL_0332,5833,5988
Tolcapone,CVCL_0334,4501,4916
Tolcapone,CVCL_0359,9328,9522
Tolcapone,CVCL_0366,6584,6746
Tolcapone,CVCL_0371,8772,9179
Tolcapone,CVCL_0397,7045,7530
Tolcapone,CVCL_0399,12322,13426
Tolcapone,CVCL_0428,4875,5003
Tolcapone,CVCL_0459,18205,19015
Tolcapone,CVCL_0480,12626,12808
Tolcapone,CVCL_0504,7991,8571
Tolcapone,CVCL_0546,19742,20906
Tolcapone,CVCL_1055,5291,5381
Tolcapone,CVCL_1056,10012,10160
Tolcapone,CVCL_1094,4972,5227
Tolcapone,CVCL_1097,8344,8787
Tolcapone,CVCL_1098,5668,6190
Tolcapone,CVCL_1119,7703,7953
Tolcapone,CVCL_1125,1190,1337
Tolcapone,CVCL_1239,3189,3322
Tolcapone,CVCL_1285,12464,12971
Tolcapone,CVCL_1381,8058,8287
Tolcapone,CVCL_1478,8580,9306
Tolcapone,CVCL_1495,6250,6463
Tolcapone,CVCL_1517,10129,10284
Tolcapone,CVCL_1531,147,183
Tolcapone,CVCL_1547,7062,7282
Tolcapone,CVCL_1550,8799,9102
Tolcapone,CVCL_1571,55,97
Tolcapone,CVCL_1577,397,437
Tolcapone,CVCL_1635,5987,6159
Tolcapone,CVCL_1666,5858,6321
Tolcapone,CVCL_1693,4092,4463
Tolcapone,CVCL_1715,831,901
Tolcapone,CVCL_1716,850,951
Tolcapone,CVCL_1717,7471,7755
Tolcapone,CVCL_1724,3592,3873
Tolcapone,CVCL_1731,6072,6388
Tolcapone,CVCL_C466,7071,7603
Tolmetin,CVCL_0023,6072,6231
Tolmetin,CVCL_0028,1470,1605
Tolmetin,CVCL_0069,4597,4740
Tolmetin,CVCL_0099,4761,5105
Tolmetin,CVCL_0131,4523,4572
Tolmetin,CVCL_0152,4664,5041
Tolmetin,CVCL_0179,3016,3096
Tolmetin,CVCL_0218,3764,3880
Tolmetin,CVCL_0292,4485,4823
Tolmetin,CVCL_0293,4742,5297
Tolmetin,CVCL_0320,5344,5466
Tolmetin,CVCL_0332,4402,4498
Tolmetin,CVCL_0334,9292,9857
Tolmetin,CVCL_0359,6015,6108
Tolmetin,CVCL_0366,3145,3235
Tolmetin,CVCL_0371,5411,5591
Tolmetin,CVCL_0397,4263,4533
Tolmetin,CVCL_0399,6654,7177
Tolmetin,CVCL_0428,9101,9262
Tolmetin,CVCL_0459,14277,14610
Tolmetin,CVCL_0480,11860,12050
Tolmetin,CVCL_0504,5887,6237
Tolmetin,CVCL_0546,17001,17645
Tolmetin,CVCL_1055,4051,4201
Tolmetin,CVCL_1056,6707,6795
Tolmetin,CVCL_1094,4401,4697
Tolmetin,CVCL_1097,4641,4841
Tolmetin,CVCL_1098,2095,2238
Tolmetin,CVCL_1119,7105,7290
Tolmetin,CVCL_1125,1432,1531
Tolmetin,CVCL_1239,2983,3029
Tolmetin,CVCL_1285,8046,8235
Tolmetin,CVCL_1381,6372,6521
Tolmetin,CVCL_1478,4611,5289
Tolmetin,CVCL_1495,4965,5053
Tolmetin,CVCL_1517,2983,3075
Tolmetin,CVCL_1531,52,65
Tolmetin,CVCL_1547,3963,4061
Tolmetin,CVCL_1550,5281,5615
Tolmetin,CVCL_1571,28,45
Tolmetin,CVCL_1577,366,410
Tolmetin,CVCL_1635,4605,4721
Tolmetin,CVCL_1666,4487,4685
Tolmetin,CVCL_1693,9651,10079
Tolmetin,CVCL_1715,177,191
Tolmetin,CVCL_1716,446,478
Tolmetin,CVCL_1717,4536,4807
Tolmetin,CVCL_1724,2279,2432
Tolmetin,CVCL_1731,4257,4400
Tolmetin,CVCL_C466,3357,3535
Tomivosertib,CVCL_0023,5889,6331
Tomivosertib,CVCL_0028,1150,1411
Tomivosertib,CVCL_0069,2558,2759
Tomivosertib,CVCL_0099,1492,1696
Tomivosertib,CVCL_0131,6338,6443
Tomivosertib,CVCL_0152,5558,6439
Tomivosertib,CVCL_0179,2872,3037
Tomivosertib,CVCL_0218,3236,3600
Tomivosertib,CVCL_0292,2367,3017
Tomivosertib,CVCL_0293,7355,8088
Tomivosertib,CVCL_0320,5586,5844
Tomivosertib,CVCL_0332,3528,3650
Tomivosertib,CVCL_0334,2303,2694
Tomivosertib,CVCL_0359,4446,4623
Tomivosertib,CVCL_0366,3545,3656
Tomivosertib,CVCL_0371,5677,6176
Tomivosertib,CVCL_0397,4862,5339
Tomivosertib,CVCL_0399,7922,9032
Tomivosertib,CVCL_0428,2588,2698
Tomivosertib,CVCL_0459,12563,13558
Tomivosertib,CVCL_0480,7101,7251
Tomivosertib,CVCL_0504,4795,5433
Tomivosertib,CVCL_0546,12758,14171
Tomivosertib,CVCL_1055,2599,2676
Tomivosertib,CVCL_1056,5280,5379
Tomivosertib,CVCL_1094,2889,3277
Tomivosertib,CVCL_1097,4890,5367
Tomivosertib,CVCL_1098,3114,3564
Tomivosertib,CVCL_1119,4948,5300
Tomivosertib,CVCL_1125,932,1103
Tomivosertib,CVCL_1239,2028,2164
Tomivosertib,CVCL_1285,6579,6963
Tomivosertib,CVCL_1381,4200,4389
Tomivosertib,CVCL_1478,4874,5365
Tomivosertib,CVCL_1495,3597,3800
Tomivosertib,CVCL_1517,6635,6773
Tomivosertib,CVCL_1531,86,121
Tomivosertib,CVCL_1547,4348,4589
Tomivosertib,CVCL_1550,5822,6055
Tomivosertib,CVCL_1571,41,78
Tomivosertib,CVCL_1577,244,278
Tomivosertib,CVCL_1635,3972,4234
Tomivosertib,CVCL_1666,3485,3998
Tomivosertib,CVCL_1693,2160,2469
Tomivosertib,CVCL_1715,625,699
Tomivosertib,CVCL_1716,487,590
Tomivosertib,CVCL_1717,4821,5172
Tomivosertib,CVCL_1724,2349,2643
Tomivosertib,CVCL_1731,3792,4098
Tomivosertib,CVCL_C466,4255,4842
Topotecan (hydrochloride),CVCL_0023,11607,12026
Topotecan (hydrochloride),CVCL_0028,2483,2780
Topotecan (hydrochloride),CVCL_0069,8619,8914
Topotecan (hydrochloride),CVCL_0099,7307,8026
Topotecan (hydrochloride),CVCL_0131,8990,9206
Topotecan (hydrochloride),CVCL_0152,8943,9796
Topotecan (hydrochloride),CVCL_0179,5835,6059
Topotecan (hydrochloride),CVCL_0218,7143,7414
Topotecan (hydrochloride),CVCL_0292,8602,9330
Topotecan (hydrochloride),CVCL_0293,10102,11250
Topotecan (hydrochloride),CVCL_0320,10039,10377
Topotecan (hydrochloride),CVCL_0332,8419,8657
Topotecan (hydrochloride),CVCL_0334,16900,18067
Topotecan (hydrochloride),CVCL_0359,10033,10268
Topotecan (hydrochloride),CVCL_0366,5736,5926
Topotecan (hydrochloride),CVCL_0371,10360,10788
Topotecan (hydrochloride),CVCL_0397,8178,8637
Topotecan (hydrochloride),CVCL_0399,12828,13757
Topotecan (hydrochloride),CVCL_0428,14808,15232
Topotecan (hydrochloride),CVCL_0459,27368,28381
Topotecan (hydrochloride),CVCL_0480,21911,22331
Topotecan (hydrochloride),CVCL_0504,9228,9986
Topotecan (hydrochloride),CVCL_0546,32266,33851
Topotecan (hydrochloride),CVCL_1055,6677,6854
Topotecan (hydrochloride),CVCL_1056,12312,12506
Topotecan (hydrochloride),CVCL_1094,7337,8155
Topotecan (hydrochloride),CVCL_1097,8135,8576
Topotecan (hydrochloride),CVCL_1098,4056,4394
Topotecan (hydrochloride),CVCL_1119,12229,12758
Topotecan (hydrochloride),CVCL_1125,3183,3446
Topotecan (hydrochloride),CVCL_1239,4486,4586
Topotecan (hydrochloride),CVCL_1285,15241,15702
Topotecan (hydrochloride),CVCL_1381,9842,10205
Topotecan (hydrochloride),CVCL_1478,9080,10111
Topotecan (hydrochloride),CVCL_1495,9402,9584
Topotecan (hydrochloride),CVCL_1517,5425,5614
Topotecan (hydrochloride),CVCL_1531,119,154
Topotecan (hydrochloride),CVCL_1547,7419,7639
Topotecan (hydrochloride),CVCL_1550,9654,10195
Topotecan (hydrochloride),CVCL_1571,75,120
Topotecan (hydrochloride),CVCL_1577,753,829
Topotecan (hydrochloride),CVCL_1635,8350,8637
Topotecan (hydrochloride),CVCL_1666,7557,7986
Topotecan (hydrochloride),CVCL_1693,16744,17940
Topotecan (hydrochloride),CVCL_1715,321,363
Topotecan (hydrochloride),CVCL_1716,896,969
Topotecan (hydrochloride),CVCL_1717,8781,9396
Topotecan (hydrochloride),CVCL_1724,4407,4796
Topotecan (hydrochloride),CVCL_1731,8106,8416
Topotecan (hydrochloride),CVCL_C466,5677,5982
Torkinib,CVCL_0023,5252,5421
Torkinib,CVCL_0028,1242,1347
Torkinib,CVCL_0069,2557,2657
Torkinib,CVCL_0099,1633,1756
Torkinib,CVCL_0131,5102,5203
Torkinib,CVCL_0152,5556,6019
Torkinib,CVCL_0179,3024,3126
Torkinib,CVCL_0218,3463,3654
Torkinib,CVCL_0292,2949,3278
Torkinib,CVCL_0293,6521,7064
Torkinib,CVCL_0320,5093,5357
Torkinib,CVCL_0332,2827,2922
Torkinib,CVCL_0334,2107,2324
Torkinib,CVCL_0359,3791,3872
Torkinib,CVCL_0366,3000,3089
Torkinib,CVCL_0371,5086,5329
Torkinib,CVCL_0397,4365,4641
Torkinib,CVCL_0399,7708,8352
Torkinib,CVCL_0428,2185,2234
Torkinib,CVCL_0459,10392,10814
Torkinib,CVCL_0480,5854,5993
Torkinib,CVCL_0504,4777,5030
Torkinib,CVCL_0546,11871,12451
Torkinib,CVCL_1055,2618,2697
Torkinib,CVCL_1056,4118,4192
Torkinib,CVCL_1094,3024,3213
Torkinib,CVCL_1097,4461,4647
Torkinib,CVCL_1098,3360,3607
Torkinib,CVCL_1119,4504,4686
Torkinib,CVCL_1125,787,845
Torkinib,CVCL_1239,1771,1838
Torkinib,CVCL_1285,5553,5788
Torkinib,CVCL_1381,4113,4264
Torkinib,CVCL_1478,4495,4931
Torkinib,CVCL_1495,3233,3341
Torkinib,CVCL_1517,5487,5607
Torkinib,CVCL_1531,75,97
Torkinib,CVCL_1547,4050,4167
Torkinib,CVCL_1550,4698,5044
Torkinib,CVCL_1571,27,51
Torkinib,CVCL_1577,206,234
Torkinib,CVCL_1635,3500,3632
Torkinib,CVCL_1666,3411,3621
Torkinib,CVCL_1693,2438,2611
Torkinib,CVCL_1715,503,538
Torkinib,CVCL_1716,458,496
Torkinib,CVCL_1717,4434,4708
Torkinib,CVCL_1724,2222,2384
Torkinib,CVCL_1731,3259,3467
Torkinib,CVCL_C466,4170,4414
Trametinib,CVCL_0023,12681,13056
Trametinib,CVCL_0028,2378,2608
Trametinib,CVCL_0069,4730,5062
Trametinib,CVCL_0099,4997,5661
Trametinib,CVCL_0131,12975,13147
Trametinib,CVCL_0152,11383,12602
Trametinib,CVCL_0179,6174,6656
Trametinib,CVCL_0218,5057,5370
Trametinib,CVCL_0292,7398,8518
Trametinib,CVCL_0293,14166,15566
Trametinib,CVCL_0320,10590,11015
Trametinib,CVCL_0332,10350,10554
Trametinib,CVCL_0334,14103,15407
Trametinib,CVCL_0359,13420,13691
Trametinib,CVCL_0366,8304,8539
Trametinib,CVCL_0371,12163,12737
Trametinib,CVCL_0397,9732,10406
Trametinib,CVCL_0399,12815,14014
Trametinib,CVCL_0428,12052,12295
Trametinib,CVCL_0459,30694,31722
Trametinib,CVCL_0480,23623,24329
Trametinib,CVCL_0504,10677,11612
Trametinib,CVCL_0546,30495,32273
Trametinib,CVCL_1055,5658,5804
Trametinib,CVCL_1056,15501,15757
Trametinib,CVCL_1094,7210,7622
Trametinib,CVCL_1097,9889,10542
Trametinib,CVCL_1098,4552,5079
Trametinib,CVCL_1119,12827,13196
Trametinib,CVCL_1125,1284,1385
Trametinib,CVCL_1239,5540,5668
Trametinib,CVCL_1285,19665,20345
Trametinib,CVCL_1381,11176,11552
Trametinib,CVCL_1478,10256,11502
Trametinib,CVCL_1495,5991,6161
Trametinib,CVCL_1517,11585,11853
Trametinib,CVCL_1531,134,169
Trametinib,CVCL_1547,6777,7243
Trametinib,CVCL_1550,12556,13416
Trametinib,CVCL_1571,90,146
Trametinib,CVCL_1577,629,718
Trametinib,CVCL_1635,8281,8523
Trametinib,CVCL_1666,8297,8835
Trametinib,CVCL_1693,11643,12376
Trametinib,CVCL_1715,879,960
Trametinib,CVCL_1716,1182,1300
Trametinib,CVCL_1717,10740,11397
Trametinib,CVCL_1724,4256,4642
Trametinib,CVCL_1731,8995,9404
Trametinib,CVCL_C466,9527,10178
Trametinib (DMSO_TF solvate),CVCL_0023,5667,5777
Trametinib (DMSO_TF solvate),CVCL_0028,1403,1518
Trametinib (DMSO_TF solvate),CVCL_0069,3394,3481
Trametinib (DMSO_TF solvate),CVCL_0099,3849,4160
Trametinib (DMSO_TF solvate),CVCL_0131,4957,4989
Trametinib (DMSO_TF solvate),CVCL_0152,5359,5730
Trametinib (DMSO_TF solvate),CVCL_0179,3292,3431
Trametinib (DMSO_TF solvate),CVCL_0218,3867,3950
Trametinib (DMSO_TF solvate),CVCL_0292,4936,5319
Trametinib (DMSO_TF solvate),CVCL_0293,6090,6595
Trametinib (DMSO_TF solvate),CVCL_0320,5532,5625
Trametinib (DMSO_TF solvate),CVCL_0332,4842,4913
Trametinib (DMSO_TF solvate),CVCL_0334,9897,10556
Trametinib (DMSO_TF solvate),CVCL_0359,5892,5963
Trametinib (DMSO_TF solvate),CVCL_0366,3411,3489
Trametinib (DMSO_TF solvate),CVCL_0371,6507,6675
Trametinib (DMSO_TF solvate),CVCL_0397,5130,5338
Trametinib (DMSO_TF solvate),CVCL_0399,7452,7878
Trametinib (DMSO_TF solvate),CVCL_0428,8979,9119
Trametinib (DMSO_TF solvate),CVCL_0459,15798,16049
Trametinib (DMSO_TF solvate),CVCL_0480,12788,12939
Trametinib (DMSO_TF solvate),CVCL_0504,5627,5989
Trametinib (DMSO_TF solvate),CVCL_0546,18034,18599
Trametinib (DMSO_TF solvate),CVCL_1055,3875,3960
Trametinib (DMSO_TF solvate),CVCL_1056,7281,7402
Trametinib (DMSO_TF solvate),CVCL_1094,4363,4637
Trametinib (DMSO_TF solvate),CVCL_1097,4544,4711
Trametinib (DMSO_TF solvate),CVCL_1098,1908,2073
Trametinib (DMSO_TF solvate),CVCL_1119,7559,7754
Trametinib (DMSO_TF solvate),CVCL_1125,1024,1085
Trametinib (DMSO_TF solvate),CVCL_1239,2991,3035
Trametinib (DMSO_TF solvate),CVCL_1285,8969,9090
Trametinib (DMSO_TF solvate),CVCL_1381,6001,6107
Trametinib (DMSO_TF solvate),CVCL_1478,6158,6872
Trametinib (DMSO_TF solvate),CVCL_1495,3833,3901
Trametinib (DMSO_TF solvate),CVCL_1517,3330,3407
Trametinib (DMSO_TF solvate),CVCL_1531,66,81
Trametinib (DMSO_TF solvate),CVCL_1547,2884,3009
Trametinib (DMSO_TF solvate),CVCL_1550,6592,6945
Trametinib (DMSO_TF solvate),CVCL_1571,45,60
Trametinib (DMSO_TF solvate),CVCL_1577,402,443
Trametinib (DMSO_TF solvate),CVCL_1635,5118,5190
Trametinib (DMSO_TF solvate),CVCL_1666,4546,4680
Trametinib (DMSO_TF solvate),CVCL_1693,9271,9711
Trametinib (DMSO_TF solvate),CVCL_1715,174,192
Trametinib (DMSO_TF solvate),CVCL_1716,523,548
Trametinib (DMSO_TF solvate),CVCL_1717,5341,5611
Trametinib (DMSO_TF solvate),CVCL_1724,2348,2521
Trametinib (DMSO_TF solvate),CVCL_1731,4380,4467
Trametinib (DMSO_TF solvate),CVCL_C466,3809,3917
Tranilast,CVCL_0023,4927,5094
Tranilast,CVCL_0028,1122,1306
Tranilast,CVCL_0069,3929,4080
Tranilast,CVCL_0099,3376,3747
Tranilast,CVCL_0131,4005,4065
Tranilast,CVCL_0152,3736,4166
Tranilast,CVCL_0179,2385,2458
Tranilast,CVCL_0218,3135,3289
Tranilast,CVCL_0292,3607,3997
Tranilast,CVCL_0293,4373,5000
Tranilast,CVCL_0320,4358,4484
Tranilast,CVCL_0332,3973,4082
Tranilast,CVCL_0334,7845,8436
Tranilast,CVCL_0359,5201,5304
Tranilast,CVCL_0366,2782,2869
Tranilast,CVCL_0371,4559,4709
Tranilast,CVCL_0397,3771,3989
Tranilast,CVCL_0399,5826,6293
Tranilast,CVCL_0428,8639,8816
Tranilast,CVCL_0459,12628,13045
Tranilast,CVCL_0480,10955,11130
Tranilast,CVCL_0504,4943,5324
Tranilast,CVCL_0546,13873,14532
Tranilast,CVCL_1055,3426,3526
Tranilast,CVCL_1056,6384,6500
Tranilast,CVCL_1094,3350,3682
Tranilast,CVCL_1097,3618,3834
Tranilast,CVCL_1098,1596,1751
Tranilast,CVCL_1119,6433,6651
Tranilast,CVCL_1125,1632,1775
Tranilast,CVCL_1239,2543,2608
Tranilast,CVCL_1285,7548,7735
Tranilast,CVCL_1381,5303,5459
Tranilast,CVCL_1478,3930,4679
Tranilast,CVCL_1495,4960,5055
Tranilast,CVCL_1517,2590,2671
Tranilast,CVCL_1531,56,80
Tranilast,CVCL_1547,3618,3733
Tranilast,CVCL_1550,5065,5332
Tranilast,CVCL_1571,60,82
Tranilast,CVCL_1577,329,367
Tranilast,CVCL_1635,4139,4246
Tranilast,CVCL_1666,3741,3962
Tranilast,CVCL_1693,6631,7119
Tranilast,CVCL_1715,166,187
Tranilast,CVCL_1716,405,436
Tranilast,CVCL_1717,3823,4092
Tranilast,CVCL_1724,1828,2011
Tranilast,CVCL_1731,3718,3853
Tranilast,CVCL_C466,2918,3091
Triamcinolone,CVCL_0023,7593,7801
Triamcinolone,CVCL_0028,1832,2048
Triamcinolone,CVCL_0069,4225,4386
Triamcinolone,CVCL_0099,2026,2219
Triamcinolone,CVCL_0131,7379,7482
Triamcinolone,CVCL_0152,7097,7775
Triamcinolone,CVCL_0179,3787,3951
Triamcinolone,CVCL_0218,3929,4118
Triamcinolone,CVCL_0292,3610,4133
Triamcinolone,CVCL_0293,7511,8160
Triamcinolone,CVCL_0320,5465,5673
Triamcinolone,CVCL_0332,3941,4062
Triamcinolone,CVCL_0334,2790,3125
Triamcinolone,CVCL_0359,7068,7194
Triamcinolone,CVCL_0366,4310,4432
Triamcinolone,CVCL_0371,6171,6440
Triamcinolone,CVCL_0397,4223,4539
Triamcinolone,CVCL_0399,9388,10238
Triamcinolone,CVCL_0428,3403,3510
Triamcinolone,CVCL_0459,11871,12419
Triamcinolone,CVCL_0480,8445,8647
Triamcinolone,CVCL_0504,5984,6458
Triamcinolone,CVCL_0546,14831,15669
Triamcinolone,CVCL_1055,4210,4309
Triamcinolone,CVCL_1056,6584,6712
Triamcinolone,CVCL_1094,4322,4518
Triamcinolone,CVCL_1097,5707,5976
Triamcinolone,CVCL_1098,4422,4843
Triamcinolone,CVCL_1119,6305,6490
Triamcinolone,CVCL_1125,985,1079
Triamcinolone,CVCL_1239,2089,2178
Triamcinolone,CVCL_1285,8464,8794
Triamcinolone,CVCL_1381,5855,6017
Triamcinolone,CVCL_1478,6353,6912
Triamcinolone,CVCL_1495,4470,4589
Triamcinolone,CVCL_1517,5320,5434
Triamcinolone,CVCL_1531,66,96
Triamcinolone,CVCL_1547,5459,5640
Triamcinolone,CVCL_1550,6748,7094
Triamcinolone,CVCL_1571,61,85
Triamcinolone,CVCL_1577,311,333
Triamcinolone,CVCL_1635,4664,4811
Triamcinolone,CVCL_1666,4515,4826
Triamcinolone,CVCL_1693,3717,3985
Triamcinolone,CVCL_1715,366,400
Triamcinolone,CVCL_1716,601,685
Triamcinolone,CVCL_1717,5305,5583
Triamcinolone,CVCL_1724,2602,2830
Triamcinolone,CVCL_1731,3973,4243
Triamcinolone,CVCL_C466,4538,4904
Triclosan,CVCL_0023,8617,8894
Triclosan,CVCL_0028,2342,2659
Triclosan,CVCL_0069,4671,4876
Triclosan,CVCL_0099,2600,2846
Triclosan,CVCL_0131,8974,9096
Triclosan,CVCL_0152,8268,9119
Triclosan,CVCL_0179,4311,4477
Triclosan,CVCL_0218,4192,4423
Triclosan,CVCL_0292,3554,4204
Triclosan,CVCL_0293,9035,9874
Triclosan,CVCL_0320,6473,6731
Triclosan,CVCL_0332,4831,4979
Triclosan,CVCL_0334,3432,3765
Triclosan,CVCL_0359,8454,8639
Triclosan,CVCL_0366,5798,5952
Triclosan,CVCL_0371,6597,6911
Triclosan,CVCL_0397,5399,5781
Triclosan,CVCL_0399,10140,11136
Triclosan,CVCL_0428,4057,4178
Triclosan,CVCL_0459,14694,15328
Triclosan,CVCL_0480,9781,9975
Triclosan,CVCL_0504,7250,7845
Triclosan,CVCL_0546,15884,16859
Triclosan,CVCL_1055,4772,4868
Triclosan,CVCL_1056,8380,8520
Triclosan,CVCL_1094,4750,5025
Triclosan,CVCL_1097,6394,6756
Triclosan,CVCL_1098,5490,5976
Triclosan,CVCL_1119,6563,6831
Triclosan,CVCL_1125,1221,1364
Triclosan,CVCL_1239,2514,2621
Triclosan,CVCL_1285,10206,10591
Triclosan,CVCL_1381,6337,6524
Triclosan,CVCL_1478,6332,6933
Triclosan,CVCL_1495,5357,5536
Triclosan,CVCL_1517,7929,8112
Triclosan,CVCL_1531,123,156
Triclosan,CVCL_1547,6396,6612
Triclosan,CVCL_1550,7315,7628
Triclosan,CVCL_1571,75,107
Triclosan,CVCL_1577,388,432
Triclosan,CVCL_1635,4918,5121
Triclosan,CVCL_1666,4616,4983
Triclosan,CVCL_1693,3983,4349
Triclosan,CVCL_1715,580,628
Triclosan,CVCL_1716,671,758
Triclosan,CVCL_1717,6134,6436
Triclosan,CVCL_1724,2947,3215
Triclosan,CVCL_1731,5013,5270
Triclosan,CVCL_C466,5587,6034
Trifluridine,CVCL_0023,7576,7907
Trifluridine,CVCL_0028,1826,2109
Trifluridine,CVCL_0069,4060,4301
Trifluridine,CVCL_0099,2163,2439
Trifluridine,CVCL_0131,8123,8248
Trifluridine,CVCL_0152,7321,8381
Trifluridine,CVCL_0179,4356,4493
Trifluridine,CVCL_0218,4069,4385
Trifluridine,CVCL_0292,3212,4025
Trifluridine,CVCL_0293,8334,9181
Trifluridine,CVCL_0320,6307,6522
Trifluridine,CVCL_0332,4316,4452
Trifluridine,CVCL_0334,3062,3547
Trifluridine,CVCL_0359,7163,7320
Trifluridine,CVCL_0366,5052,5181
Trifluridine,CVCL_0371,6423,6782
Trifluridine,CVCL_0397,5084,5503
Trifluridine,CVCL_0399,9427,10609
Trifluridine,CVCL_0428,3542,3638
Trifluridine,CVCL_0459,13271,14122
Trifluridine,CVCL_0480,9232,9443
Trifluridine,CVCL_0504,5980,6482
Trifluridine,CVCL_0546,14513,15619
Trifluridine,CVCL_1055,3870,3954
Trifluridine,CVCL_1056,7531,7630
Trifluridine,CVCL_1094,3930,4206
Trifluridine,CVCL_1097,5942,6402
Trifluridine,CVCL_1098,4768,5410
Trifluridine,CVCL_1119,5852,6078
Trifluridine,CVCL_1125,982,1135
Trifluridine,CVCL_1239,2334,2439
Trifluridine,CVCL_1285,9089,9474
Trifluridine,CVCL_1381,5621,5817
Trifluridine,CVCL_1478,5955,6588
Trifluridine,CVCL_1495,4681,4903
Trifluridine,CVCL_1517,7688,7834
Trifluridine,CVCL_1531,95,132
Trifluridine,CVCL_1547,5085,5279
Trifluridine,CVCL_1550,6570,6836
Trifluridine,CVCL_1571,47,90
Trifluridine,CVCL_1577,306,333
Trifluridine,CVCL_1635,4545,4757
Trifluridine,CVCL_1666,4002,4476
Trifluridine,CVCL_1693,3311,3699
Trifluridine,CVCL_1715,576,641
Trifluridine,CVCL_1716,588,695
Trifluridine,CVCL_1717,5570,5860
Trifluridine,CVCL_1724,2611,2925
Trifluridine,CVCL_1731,4231,4525
Trifluridine,CVCL_C466,5081,5681
Trimetrexate,CVCL_0023,8087,8720
Trimetrexate,CVCL_0028,1566,1968
Trimetrexate,CVCL_0069,4049,4363
Trimetrexate,CVCL_0099,1733,2082
Trimetrexate,CVCL_0131,8353,8548
Trimetrexate,CVCL_0152,6811,8078
Trimetrexate,CVCL_0179,3985,4157
Trimetrexate,CVCL_0218,3745,4177
Trimetrexate,CVCL_0292,2580,3416
Trimetrexate,CVCL_0293,7896,8842
Trimetrexate,CVCL_0320,5759,6114
Trimetrexate,CVCL_0332,4450,4641
Trimetrexate,CVCL_0334,3049,3636
Trimetrexate,CVCL_0359,7673,7965
Trimetrexate,CVCL_0366,5295,5455
Trimetrexate,CVCL_0371,6005,6492
Trimetrexate,CVCL_0397,4453,4930
Trimetrexate,CVCL_0399,8703,9956
Trimetrexate,CVCL_0428,3860,4045
Trimetrexate,CVCL_0459,12591,13793
Trimetrexate,CVCL_0480,9756,10020
Trimetrexate,CVCL_0504,5458,6323
Trimetrexate,CVCL_0546,13167,14671
Trimetrexate,CVCL_1055,4280,4403
Trimetrexate,CVCL_1056,7949,8084
Trimetrexate,CVCL_1094,3819,4287
Trimetrexate,CVCL_1097,5675,6310
Trimetrexate,CVCL_1098,4040,4746
Trimetrexate,CVCL_1119,5976,6352
Trimetrexate,CVCL_1125,959,1168
Trimetrexate,CVCL_1239,2254,2445
Trimetrexate,CVCL_1285,9013,9660
Trimetrexate,CVCL_1381,5940,6250
Trimetrexate,CVCL_1478,5629,6337
Trimetrexate,CVCL_1495,4781,5098
Trimetrexate,CVCL_1517,7696,7825
Trimetrexate,CVCL_1531,100,155
Trimetrexate,CVCL_1547,5798,6128
Trimetrexate,CVCL_1550,6955,7217
Trimetrexate,CVCL_1571,70,113
Trimetrexate,CVCL_1577,350,394
Trimetrexate,CVCL_1635,4564,4885
Trimetrexate,CVCL_1666,3998,4693
Trimetrexate,CVCL_1693,2764,3295
Trimetrexate,CVCL_1715,470,550
Trimetrexate,CVCL_1716,576,709
Trimetrexate,CVCL_1717,5508,5913
Trimetrexate,CVCL_1724,2418,2799
Trimetrexate,CVCL_1731,4095,4479
Trimetrexate,CVCL_C466,4390,5088
Tubulin inhibitor 6,CVCL_0023,5973,6133
Tubulin inhibitor 6,CVCL_0028,1442,1562
Tubulin inhibitor 6,CVCL_0069,3015,3135
Tubulin inhibitor 6,CVCL_0099,1887,1990
Tubulin inhibitor 6,CVCL_0131,5961,6033
Tubulin inhibitor 6,CVCL_0152,6538,7008
Tubulin inhibitor 6,CVCL_0179,3470,3561
Tubulin inhibitor 6,CVCL_0218,3888,4041
Tubulin inhibitor 6,CVCL_0292,3696,4023
Tubulin inhibitor 6,CVCL_0293,7473,8069
Tubulin inhibitor 6,CVCL_0320,5611,5795
Tubulin inhibitor 6,CVCL_0332,3065,3156
Tubulin inhibitor 6,CVCL_0334,2501,2694
Tubulin inhibitor 6,CVCL_0359,4471,4544
Tubulin inhibitor 6,CVCL_0366,3329,3417
Tubulin inhibitor 6,CVCL_0371,5735,5968
Tubulin inhibitor 6,CVCL_0397,5022,5303
Tubulin inhibitor 6,CVCL_0399,9166,9786
Tubulin inhibitor 6,CVCL_0428,2527,2590
Tubulin inhibitor 6,CVCL_0459,11898,12303
Tubulin inhibitor 6,CVCL_0480,6286,6453
Tubulin inhibitor 6,CVCL_0504,5481,5797
Tubulin inhibitor 6,CVCL_0546,13856,14471
Tubulin inhibitor 6,CVCL_1055,2975,3065
Tubulin inhibitor 6,CVCL_1056,4498,4613
Tubulin inhibitor 6,CVCL_1094,3584,3759
Tubulin inhibitor 6,CVCL_1097,5181,5364
Tubulin inhibitor 6,CVCL_1098,3898,4131
Tubulin inhibitor 6,CVCL_1119,4953,5142
Tubulin inhibitor 6,CVCL_1125,1209,1272
Tubulin inhibitor 6,CVCL_1239,1973,2038
Tubulin inhibitor 6,CVCL_1285,6077,6272
Tubulin inhibitor 6,CVCL_1381,4419,4544
Tubulin inhibitor 6,CVCL_1478,5516,5981
Tubulin inhibitor 6,CVCL_1495,3613,3719
Tubulin inhibitor 6,CVCL_1517,5832,5965
Tubulin inhibitor 6,CVCL_1531,64,76
Tubulin inhibitor 6,CVCL_1547,4367,4511
Tubulin inhibitor 6,CVCL_1550,5449,5844
Tubulin inhibitor 6,CVCL_1571,31,51
Tubulin inhibitor 6,CVCL_1577,230,256
Tubulin inhibitor 6,CVCL_1635,4081,4206
Tubulin inhibitor 6,CVCL_1666,3618,3827
Tubulin inhibitor 6,CVCL_1693,2893,3092
Tubulin inhibitor 6,CVCL_1715,525,546
Tubulin inhibitor 6,CVCL_1716,572,602
Tubulin inhibitor 6,CVCL_1717,4962,5236
Tubulin inhibitor 6,CVCL_1724,2721,2853
Tubulin inhibitor 6,CVCL_1731,3638,3811
Tubulin inhibitor 6,CVCL_C466,4702,4930
Tucatinib,CVCL_0023,6885,7127
Tucatinib,CVCL_0028,1030,1156
Tucatinib,CVCL_0069,2700,2863
Tucatinib,CVCL_0099,1699,1854
Tucatinib,CVCL_0131,6580,6669
Tucatinib,CVCL_0152,7394,8043
Tucatinib,CVCL_0179,2973,3105
Tucatinib,CVCL_0218,3871,4143
Tucatinib,CVCL_0292,3170,3640
Tucatinib,CVCL_0293,9002,9631
Tucatinib,CVCL_0320,6339,6586
Tucatinib,CVCL_0332,3942,4044
Tucatinib,CVCL_0334,2787,3173
Tucatinib,CVCL_0359,5031,5124
Tucatinib,CVCL_0366,4100,4188
Tucatinib,CVCL_0371,6755,7066
Tucatinib,CVCL_0397,6197,6623
Tucatinib,CVCL_0399,9801,10636
Tucatinib,CVCL_0428,2764,2813
Tucatinib,CVCL_0459,14952,15685
Tucatinib,CVCL_0480,7892,8105
Tucatinib,CVCL_0504,5376,5730
Tucatinib,CVCL_0546,15129,16060
Tucatinib,CVCL_1055,2777,2853
Tucatinib,CVCL_1056,5683,5784
Tucatinib,CVCL_1094,3128,3357
Tucatinib,CVCL_1097,5788,6137
Tucatinib,CVCL_1098,3986,4384
Tucatinib,CVCL_1119,5532,5724
Tucatinib,CVCL_1125,1200,1343
Tucatinib,CVCL_1239,2479,2565
Tucatinib,CVCL_1285,8064,8434
Tucatinib,CVCL_1381,4881,5026
Tucatinib,CVCL_1478,6266,6845
Tucatinib,CVCL_1495,4324,4481
Tucatinib,CVCL_1517,7696,7867
Tucatinib,CVCL_1531,90,121
Tucatinib,CVCL_1547,4852,4988
Tucatinib,CVCL_1550,6523,6914
Tucatinib,CVCL_1571,45,68
Tucatinib,CVCL_1577,225,254
Tucatinib,CVCL_1635,4439,4592
Tucatinib,CVCL_1666,4255,4636
Tucatinib,CVCL_1693,2292,2481
Tucatinib,CVCL_1715,989,1050
Tucatinib,CVCL_1716,690,762
Tucatinib,CVCL_1717,5468,5798
Tucatinib,CVCL_1724,3093,3302
Tucatinib,CVCL_1731,4535,4798
Tucatinib,CVCL_C466,6061,6529
Tucidinostat,CVCL_0023,8752,9016
Tucidinostat,CVCL_0028,2249,2501
Tucidinostat,CVCL_0069,3882,4030
Tucidinostat,CVCL_0099,2479,2700
Tucidinostat,CVCL_0131,8437,8551
Tucidinostat,CVCL_0152,8785,9629
Tucidinostat,CVCL_0179,4250,4394
Tucidinostat,CVCL_0218,3756,3959
Tucidinostat,CVCL_0292,3944,4475
Tucidinostat,CVCL_0293,9023,9828
Tucidinostat,CVCL_0320,6536,6805
Tucidinostat,CVCL_0332,4586,4719
Tucidinostat,CVCL_0334,3475,3832
Tucidinostat,CVCL_0359,8261,8393
Tucidinostat,CVCL_0366,5611,5748
Tucidinostat,CVCL_0371,6336,6667
Tucidinostat,CVCL_0397,5619,6006
Tucidinostat,CVCL_0399,10212,11199
Tucidinostat,CVCL_0428,3921,4029
Tucidinostat,CVCL_0459,14618,15173
Tucidinostat,CVCL_0480,9873,10089
Tucidinostat,CVCL_0504,7201,7673
Tucidinostat,CVCL_0546,15230,16245
Tucidinostat,CVCL_1055,4553,4639
Tucidinostat,CVCL_1056,7951,8080
Tucidinostat,CVCL_1094,4236,4465
Tucidinostat,CVCL_1097,6271,6573
Tucidinostat,CVCL_1098,4842,5277
Tucidinostat,CVCL_1119,6567,6783
Tucidinostat,CVCL_1125,962,1070
Tucidinostat,CVCL_1239,2383,2484
Tucidinostat,CVCL_1285,8560,8878
Tucidinostat,CVCL_1381,6612,6774
Tucidinostat,CVCL_1478,5970,6498
Tucidinostat,CVCL_1495,5434,5604
Tucidinostat,CVCL_1517,8104,8295
Tucidinostat,CVCL_1531,112,138
Tucidinostat,CVCL_1547,6043,6187
Tucidinostat,CVCL_1550,6946,7258
Tucidinostat,CVCL_1571,71,129
Tucidinostat,CVCL_1577,338,393
Tucidinostat,CVCL_1635,4648,4840
Tucidinostat,CVCL_1666,4206,4526
Tucidinostat,CVCL_1693,3700,4043
Tucidinostat,CVCL_1715,494,541
Tucidinostat,CVCL_1716,713,789
Tucidinostat,CVCL_1717,5904,6205
Tucidinostat,CVCL_1724,2984,3230
Tucidinostat,CVCL_1731,4616,4873
Tucidinostat,CVCL_C466,5470,5813
ULK-101,CVCL_0023,3937,4413
ULK-101,CVCL_0028,617,796
ULK-101,CVCL_0069,1769,2005
ULK-101,CVCL_0099,975,1168
ULK-101,CVCL_0131,3801,3927
ULK-101,CVCL_0152,3474,4200
ULK-101,CVCL_0179,2010,2093
ULK-101,CVCL_0218,1825,2144
ULK-101,CVCL_0292,1073,1533
ULK-101,CVCL_0293,4325,4962
ULK-101,CVCL_0320,3349,3625
ULK-101,CVCL_0332,2145,2268
ULK-101,CVCL_0334,1339,1654
ULK-101,CVCL_0359,3005,3184
ULK-101,CVCL_0366,2196,2305
ULK-101,CVCL_0371,3501,3940
ULK-101,CVCL_0397,2526,2846
ULK-101,CVCL_0399,4513,5237
ULK-101,CVCL_0428,1666,1805
ULK-101,CVCL_0459,6178,7077
ULK-101,CVCL_0480,4517,4674
ULK-101,CVCL_0504,2471,3184
ULK-101,CVCL_0546,6573,7796
ULK-101,CVCL_1055,2042,2105
ULK-101,CVCL_1056,3377,3455
ULK-101,CVCL_1094,1689,2051
ULK-101,CVCL_1097,2789,3238
ULK-101,CVCL_1098,1919,2382
ULK-101,CVCL_1119,3223,3514
ULK-101,CVCL_1125,510,635
ULK-101,CVCL_1239,1054,1234
ULK-101,CVCL_1285,3793,4204
ULK-101,CVCL_1381,2837,3069
ULK-101,CVCL_1478,2694,3050
ULK-101,CVCL_1495,2207,2447
ULK-101,CVCL_1517,4531,4616
ULK-101,CVCL_1531,75,104
ULK-101,CVCL_1547,2706,3018
ULK-101,CVCL_1550,4128,4308
ULK-101,CVCL_1571,53,91
ULK-101,CVCL_1577,173,212
ULK-101,CVCL_1635,2573,2802
ULK-101,CVCL_1666,1822,2220
ULK-101,CVCL_1693,1212,1516
ULK-101,CVCL_1715,331,410
ULK-101,CVCL_1716,278,354
ULK-101,CVCL_1717,3226,3479
ULK-101,CVCL_1724,1286,1511
ULK-101,CVCL_1731,2189,2484
ULK-101,CVCL_C466,2061,2504
Uridine,CVCL_0023,10272,10372
Uridine,CVCL_0028,1898,1994
Uridine,CVCL_0069,6509,6614
Uridine,CVCL_0099,6704,6929
Uridine,CVCL_0131,7756,7801
Uridine,CVCL_0152,7549,7915
Uridine,CVCL_0179,4339,4437
Uridine,CVCL_0218,6313,6387
Uridine,CVCL_0292,7180,7460
Uridine,CVCL_0293,8083,8888
Uridine,CVCL_0320,8662,8784
Uridine,CVCL_0332,8449,8564
Uridine,CVCL_0334,17183,17798
Uridine,CVCL_0359,9675,9753
Uridine,CVCL_0366,6029,6120
Uridine,CVCL_0371,8128,8285
Uridine,CVCL_0397,8116,8444
Uridine,CVCL_0399,10135,10676
Uridine,CVCL_0428,14376,14484
Uridine,CVCL_0459,29819,30021
Uridine,CVCL_0480,20281,20538
Uridine,CVCL_0504,9010,9194
Uridine,CVCL_0546,27180,27595
Uridine,CVCL_1055,4796,4979
Uridine,CVCL_1056,13022,13171
Uridine,CVCL_1094,5977,6146
Uridine,CVCL_1097,8694,8807
Uridine,CVCL_1098,3427,3570
Uridine,CVCL_1119,8933,9069
Uridine,CVCL_1125,2880,2951
Uridine,CVCL_1239,5614,5648
Uridine,CVCL_1285,15551,15678
Uridine,CVCL_1381,9311,9421
Uridine,CVCL_1478,7585,8411
Uridine,CVCL_1495,8210,8271
Uridine,CVCL_1517,5756,5903
Uridine,CVCL_1531,63,76
Uridine,CVCL_1547,6880,6985
Uridine,CVCL_1550,7504,8013
Uridine,CVCL_1571,56,65
Uridine,CVCL_1577,484,529
Uridine,CVCL_1635,6685,6767
Uridine,CVCL_1666,7549,7665
Uridine,CVCL_1693,12669,12965
Uridine,CVCL_1715,466,476
Uridine,CVCL_1716,807,818
Uridine,CVCL_1717,7210,7523
Uridine,CVCL_1724,3622,3730
Uridine,CVCL_1731,8204,8300
Uridine,CVCL_C466,6890,6979
Valdecoxib,CVCL_0023,4327,4401
Valdecoxib,CVCL_0028,973,1045
Valdecoxib,CVCL_0069,3022,3077
Valdecoxib,CVCL_0099,3107,3283
Valdecoxib,CVCL_0131,3200,3229
Valdecoxib,CVCL_0152,3346,3605
Valdecoxib,CVCL_0179,1947,1990
Valdecoxib,CVCL_0218,2855,2900
Valdecoxib,CVCL_0292,3036,3228
Valdecoxib,CVCL_0293,3793,4171
Valdecoxib,CVCL_0320,3754,3816
Valdecoxib,CVCL_0332,3289,3334
Valdecoxib,CVCL_0334,7328,7638
Valdecoxib,CVCL_0359,3741,3774
Valdecoxib,CVCL_0366,2218,2265
Valdecoxib,CVCL_0371,3957,4041
Valdecoxib,CVCL_0397,3306,3482
Valdecoxib,CVCL_0399,4489,4766
Valdecoxib,CVCL_0428,6126,6192
Valdecoxib,CVCL_0459,12029,12183
Valdecoxib,CVCL_0480,8443,8555
Valdecoxib,CVCL_0504,3944,4109
Valdecoxib,CVCL_0546,12754,13085
Valdecoxib,CVCL_1055,2356,2416
Valdecoxib,CVCL_1056,5132,5206
Valdecoxib,CVCL_1094,3025,3169
Valdecoxib,CVCL_1097,3524,3620
Valdecoxib,CVCL_1098,1626,1737
Valdecoxib,CVCL_1119,4225,4338
Valdecoxib,CVCL_1125,922,978
Valdecoxib,CVCL_1239,2257,2283
Valdecoxib,CVCL_1285,6002,6078
Valdecoxib,CVCL_1381,3967,4020
Valdecoxib,CVCL_1478,3517,3986
Valdecoxib,CVCL_1495,3150,3195
Valdecoxib,CVCL_1517,2423,2476
Valdecoxib,CVCL_1531,26,34
Valdecoxib,CVCL_1547,2818,2862
Valdecoxib,CVCL_1550,3510,3713
Valdecoxib,CVCL_1571,27,34
Valdecoxib,CVCL_1577,224,241
Valdecoxib,CVCL_1635,2980,3037
Valdecoxib,CVCL_1666,3347,3441
Valdecoxib,CVCL_1693,6064,6291
Valdecoxib,CVCL_1715,177,187
Valdecoxib,CVCL_1716,328,346
Valdecoxib,CVCL_1717,3280,3435
Valdecoxib,CVCL_1724,1727,1815
Valdecoxib,CVCL_1731,3232,3288
Valdecoxib,CVCL_C466,2922,3007
Vandetanib,CVCL_0023,5698,6047
Vandetanib,CVCL_0028,935,1173
Vandetanib,CVCL_0069,3954,4161
Vandetanib,CVCL_0099,3022,3590
Vandetanib,CVCL_0131,4230,4329
Vandetanib,CVCL_0152,4037,4522
Vandetanib,CVCL_0179,2281,2395
Vandetanib,CVCL_0218,2961,3188
Vandetanib,CVCL_0292,3195,3749
Vandetanib,CVCL_0293,4417,5004
Vandetanib,CVCL_0320,4471,4624
Vandetanib,CVCL_0332,4684,4814
Vandetanib,CVCL_0334,8804,9975
Vandetanib,CVCL_0359,5763,5915
Vandetanib,CVCL_0366,3106,3206
Vandetanib,CVCL_0371,4777,5059
Vandetanib,CVCL_0397,3889,4134
Vandetanib,CVCL_0399,5739,6301
Vandetanib,CVCL_0428,9542,9850
Vandetanib,CVCL_0459,14138,14919
Vandetanib,CVCL_0480,12319,12462
Vandetanib,CVCL_0504,4664,5451
Vandetanib,CVCL_0546,13351,14490
Vandetanib,CVCL_1055,3135,3239
Vandetanib,CVCL_1056,7448,7571
Vandetanib,CVCL_1094,3002,3544
Vandetanib,CVCL_1097,3724,4127
Vandetanib,CVCL_1098,1552,1800
Vandetanib,CVCL_1119,6408,6699
Vandetanib,CVCL_1125,1118,1288
Vandetanib,CVCL_1239,2755,2869
Vandetanib,CVCL_1285,8130,8460
Vandetanib,CVCL_1381,5354,5563
Vandetanib,CVCL_1478,4019,4628
Vandetanib,CVCL_1495,4952,5104
Vandetanib,CVCL_1517,3038,3155
Vandetanib,CVCL_1531,85,108
Vandetanib,CVCL_1547,4085,4231
Vandetanib,CVCL_1550,5325,5554
Vandetanib,CVCL_1571,74,114
Vandetanib,CVCL_1577,342,397
Vandetanib,CVCL_1635,4289,4455
Vandetanib,CVCL_1666,3612,3955
Vandetanib,CVCL_1693,6531,7377
Vandetanib,CVCL_1715,171,215
Vandetanib,CVCL_1716,435,498
Vandetanib,CVCL_1717,3934,4250
Vandetanib,CVCL_1724,1604,1872
Vandetanib,CVCL_1731,4059,4308
Vandetanib,CVCL_C466,2639,2891
Vemurafenib,CVCL_0023,9290,9406
Vemurafenib,CVCL_0028,1761,1910
Vemurafenib,CVCL_0069,3854,3968
Vemurafenib,CVCL_0099,2490,2627
Vemurafenib,CVCL_0131,9236,9346
Vemurafenib,CVCL_0152,10478,11044
Vemurafenib,CVCL_0179,4505,4612
Vemurafenib,CVCL_0218,4944,5041
Vemurafenib,CVCL_0292,4813,5219
Vemurafenib,CVCL_0293,11787,12435
Vemurafenib,CVCL_0320,8163,8416
Vemurafenib,CVCL_0332,5369,5524
Vemurafenib,CVCL_0334,4018,4253
Vemurafenib,CVCL_0359,6894,7000
Vemurafenib,CVCL_0366,5392,5549
Vemurafenib,CVCL_0371,8624,8852
Vemurafenib,CVCL_0397,7708,8074
Vemurafenib,CVCL_0399,12761,13481
Vemurafenib,CVCL_0428,3218,3282
Vemurafenib,CVCL_0459,19591,19902
Vemurafenib,CVCL_0480,10515,10803
Vemurafenib,CVCL_0504,6964,7193
Vemurafenib,CVCL_0546,18691,19353
Vemurafenib,CVCL_1055,3706,3849
Vemurafenib,CVCL_1056,7781,7967
Vemurafenib,CVCL_1094,4431,4582
Vemurafenib,CVCL_1097,8057,8282
Vemurafenib,CVCL_1098,5578,5806
Vemurafenib,CVCL_1119,7427,7604
Vemurafenib,CVCL_1125,1415,1500
Vemurafenib,CVCL_1239,3108,3177
Vemurafenib,CVCL_1285,10866,11088
Vemurafenib,CVCL_1381,6579,6750
Vemurafenib,CVCL_1478,8209,8901
Vemurafenib,CVCL_1495,5126,5226
Vemurafenib,CVCL_1517,9797,10076
Vemurafenib,CVCL_1531,101,136
Vemurafenib,CVCL_1547,5784,5909
Vemurafenib,CVCL_1550,8065,8693
Vemurafenib,CVCL_1571,56,104
Vemurafenib,CVCL_1577,306,369
Vemurafenib,CVCL_1635,5389,5512
Vemurafenib,CVCL_1666,5789,6008
Vemurafenib,CVCL_1693,3405,3584
Vemurafenib,CVCL_1715,1012,1062
Vemurafenib,CVCL_1716,851,910
Vemurafenib,CVCL_1717,7497,7856
Vemurafenib,CVCL_1724,4185,4337
Vemurafenib,CVCL_1731,5653,5849
Vemurafenib,CVCL_C466,8080,8328
Verapamil,CVCL_0023,5321,5537
Verapamil,CVCL_0028,1008,1175
Verapamil,CVCL_0069,3902,4087
Verapamil,CVCL_0099,3416,3797
Verapamil,CVCL_0131,4161,4238
Verapamil,CVCL_0152,4046,4480
Verapamil,CVCL_0179,2350,2464
Verapamil,CVCL_0218,3178,3358
Verapamil,CVCL_0292,3601,4073
Verapamil,CVCL_0293,4245,4766
Verapamil,CVCL_0320,4690,4827
Verapamil,CVCL_0332,4002,4089
Verapamil,CVCL_0334,7499,8259
Verapamil,CVCL_0359,4832,4925
Verapamil,CVCL_0366,2636,2700
Verapamil,CVCL_0371,4731,4928
Verapamil,CVCL_0397,3848,4055
Verapamil,CVCL_0399,5985,6463
Verapamil,CVCL_0428,7975,8155
Verapamil,CVCL_0459,13115,13641
Verapamil,CVCL_0480,10436,10600
Verapamil,CVCL_0504,4478,5016
Verapamil,CVCL_0546,13801,14652
Verapamil,CVCL_1055,3891,3980
Verapamil,CVCL_1056,6203,6276
Verapamil,CVCL_1094,2973,3350
Verapamil,CVCL_1097,3585,3834
Verapamil,CVCL_1098,1659,1824
Verapamil,CVCL_1119,6406,6628
Verapamil,CVCL_1125,1441,1594
Verapamil,CVCL_1239,2656,2740
Verapamil,CVCL_1285,7026,7253
Verapamil,CVCL_1381,5326,5478
Verapamil,CVCL_1478,4339,5037
Verapamil,CVCL_1495,4732,4853
Verapamil,CVCL_1517,2800,2905
Verapamil,CVCL_1531,45,62
Verapamil,CVCL_1547,3668,3780
Verapamil,CVCL_1550,5161,5424
Verapamil,CVCL_1571,45,63
Verapamil,CVCL_1577,327,355
Verapamil,CVCL_1635,4243,4335
Verapamil,CVCL_1666,3771,4043
Verapamil,CVCL_1693,6667,7204
Verapamil,CVCL_1715,152,177
Verapamil,CVCL_1716,384,417
Verapamil,CVCL_1717,3826,4077
Verapamil,CVCL_1724,1737,1921
Verapamil,CVCL_1731,3784,3942
Verapamil,CVCL_C466,2753,2986
Verteporfin,CVCL_0023,3738,3928
Verteporfin,CVCL_0028,910,1291
Verteporfin,CVCL_0069,3040,3284
Verteporfin,CVCL_0099,2625,3063
Verteporfin,CVCL_0131,3022,3172
Verteporfin,CVCL_0152,3230,3664
Verteporfin,CVCL_0179,1820,2028
Verteporfin,CVCL_0218,2421,2608
Verteporfin,CVCL_0292,2831,3249
Verteporfin,CVCL_0293,3353,3832
Verteporfin,CVCL_0320,3514,3938
Verteporfin,CVCL_0332,3028,3241
Verteporfin,CVCL_0334,5278,5676
Verteporfin,CVCL_0359,3846,4073
Verteporfin,CVCL_0366,1974,2297
Verteporfin,CVCL_0371,3235,3482
Verteporfin,CVCL_0397,3023,3273
Verteporfin,CVCL_0399,4654,5109
Verteporfin,CVCL_0428,6577,6824
Verteporfin,CVCL_0459,8674,9068
Verteporfin,CVCL_0480,8033,8269
Verteporfin,CVCL_0504,3474,3842
Verteporfin,CVCL_0546,10048,10571
Verteporfin,CVCL_1055,2584,2751
Verteporfin,CVCL_1056,4633,4824
Verteporfin,CVCL_1094,2663,3107
Verteporfin,CVCL_1097,2826,3097
Verteporfin,CVCL_1098,1079,1317
Verteporfin,CVCL_1119,5121,5407
Verteporfin,CVCL_1125,1031,1260
Verteporfin,CVCL_1239,1825,2020
Verteporfin,CVCL_1285,5317,5780
Verteporfin,CVCL_1381,4121,4678
Verteporfin,CVCL_1478,2813,3404
Verteporfin,CVCL_1495,3419,3646
Verteporfin,CVCL_1517,1896,2059
Verteporfin,CVCL_1531,91,225
Verteporfin,CVCL_1547,2507,2628
Verteporfin,CVCL_1550,3670,3970
Verteporfin,CVCL_1571,67,209
Verteporfin,CVCL_1577,321,473
Verteporfin,CVCL_1635,3180,3339
Verteporfin,CVCL_1666,2586,2834
Verteporfin,CVCL_1693,4748,5230
Verteporfin,CVCL_1715,186,328
Verteporfin,CVCL_1716,303,397
Verteporfin,CVCL_1717,2944,3211
Verteporfin,CVCL_1724,1591,1863
Verteporfin,CVCL_1731,2615,2962
Verteporfin,CVCL_C466,2306,2638
Vilanterol,CVCL_0023,6181,6522
Vilanterol,CVCL_0028,1513,1768
Vilanterol,CVCL_0069,3457,3690
Vilanterol,CVCL_0099,1780,2007
Vilanterol,CVCL_0131,6313,6440
Vilanterol,CVCL_0152,6261,7136
Vilanterol,CVCL_0179,3018,3195
Vilanterol,CVCL_0218,3413,3699
Vilanterol,CVCL_0292,2827,3496
Vilanterol,CVCL_0293,6979,7674
Vilanterol,CVCL_0320,5308,5521
Vilanterol,CVCL_0332,3246,3361
Vilanterol,CVCL_0334,2143,2572
Vilanterol,CVCL_0359,5237,5419
Vilanterol,CVCL_0366,3309,3426
Vilanterol,CVCL_0371,5618,5949
Vilanterol,CVCL_0397,4185,4519
Vilanterol,CVCL_0399,7854,8745
Vilanterol,CVCL_0428,2741,2855
Vilanterol,CVCL_0459,10353,10992
Vilanterol,CVCL_0480,6624,6805
Vilanterol,CVCL_0504,4922,5499
Vilanterol,CVCL_0546,13001,14053
Vilanterol,CVCL_1055,3504,3597
Vilanterol,CVCL_1056,5209,5306
Vilanterol,CVCL_1094,3499,3792
Vilanterol,CVCL_1097,5019,5423
Vilanterol,CVCL_1098,3667,4149
Vilanterol,CVCL_1119,5065,5275
Vilanterol,CVCL_1125,895,1030
Vilanterol,CVCL_1239,1730,1836
Vilanterol,CVCL_1285,6606,6949
Vilanterol,CVCL_1381,4694,4884
Vilanterol,CVCL_1478,5328,5928
Vilanterol,CVCL_1495,3772,3957
Vilanterol,CVCL_1517,5619,5722
Vilanterol,CVCL_1531,90,127
Vilanterol,CVCL_1547,4381,4611
Vilanterol,CVCL_1550,5796,6073
Vilanterol,CVCL_1571,42,78
Vilanterol,CVCL_1577,266,294
Vilanterol,CVCL_1635,4042,4215
Vilanterol,CVCL_1666,3399,3799
Vilanterol,CVCL_1693,2907,3255
Vilanterol,CVCL_1715,359,401
Vilanterol,CVCL_1716,482,575
Vilanterol,CVCL_1717,4773,5066
Vilanterol,CVCL_1724,2523,2775
Vilanterol,CVCL_1731,3443,3696
Vilanterol,CVCL_C466,3548,3992
Vinblastine (sulfate),CVCL_0023,6570,6781
Vinblastine (sulfate),CVCL_0028,1777,1892
Vinblastine (sulfate),CVCL_0069,3696,3827
Vinblastine (sulfate),CVCL_0099,2031,2237
Vinblastine (sulfate),CVCL_0131,7141,7248
Vinblastine (sulfate),CVCL_0152,8758,9494
Vinblastine (sulfate),CVCL_0179,3892,4007
Vinblastine (sulfate),CVCL_0218,3657,3815
Vinblastine (sulfate),CVCL_0292,4071,4571
Vinblastine (sulfate),CVCL_0293,8281,8879
Vinblastine (sulfate),CVCL_0320,4938,5144
Vinblastine (sulfate),CVCL_0332,3275,3363
Vinblastine (sulfate),CVCL_0334,3093,3373
Vinblastine (sulfate),CVCL_0359,5639,5811
Vinblastine (sulfate),CVCL_0366,3823,3941
Vinblastine (sulfate),CVCL_0371,5638,5906
Vinblastine (sulfate),CVCL_0397,4680,4971
Vinblastine (sulfate),CVCL_0399,9120,9918
Vinblastine (sulfate),CVCL_0428,3592,3690
Vinblastine (sulfate),CVCL_0459,11821,12329
Vinblastine (sulfate),CVCL_0480,7875,8020
Vinblastine (sulfate),CVCL_0504,4108,4421
Vinblastine (sulfate),CVCL_0546,13550,14162
Vinblastine (sulfate),CVCL_1055,3949,4030
Vinblastine (sulfate),CVCL_1056,6643,6773
Vinblastine (sulfate),CVCL_1094,3902,4069
Vinblastine (sulfate),CVCL_1097,5329,5565
Vinblastine (sulfate),CVCL_1098,5169,5645
Vinblastine (sulfate),CVCL_1119,5851,6095
Vinblastine (sulfate),CVCL_1125,1099,1210
Vinblastine (sulfate),CVCL_1239,1801,1890
Vinblastine (sulfate),CVCL_1285,7538,7797
Vinblastine (sulfate),CVCL_1381,4651,4788
Vinblastine (sulfate),CVCL_1478,6413,6915
Vinblastine (sulfate),CVCL_1495,4251,4387
Vinblastine (sulfate),CVCL_1517,5990,6122
Vinblastine (sulfate),CVCL_1531,103,132
Vinblastine (sulfate),CVCL_1547,4352,4521
Vinblastine (sulfate),CVCL_1550,6422,6720
Vinblastine (sulfate),CVCL_1571,53,85
Vinblastine (sulfate),CVCL_1577,302,331
Vinblastine (sulfate),CVCL_1635,4257,4404
Vinblastine (sulfate),CVCL_1666,3654,3941
Vinblastine (sulfate),CVCL_1693,3527,3775
Vinblastine (sulfate),CVCL_1715,437,490
Vinblastine (sulfate),CVCL_1716,590,665
Vinblastine (sulfate),CVCL_1717,5489,5725
Vinblastine (sulfate),CVCL_1724,3109,3340
Vinblastine (sulfate),CVCL_1731,3951,4156
Vinblastine (sulfate),CVCL_C466,3788,4064
Vismodegib,CVCL_0023,3987,4064
Vismodegib,CVCL_0028,1049,1092
Vismodegib,CVCL_0069,3150,3226
Vismodegib,CVCL_0099,3437,3596
Vismodegib,CVCL_0131,3232,3245
Vismodegib,CVCL_0152,3542,3804
Vismodegib,CVCL_0179,2032,2064
Vismodegib,CVCL_0218,3063,3113
Vismodegib,CVCL_0292,3299,3456
Vismodegib,CVCL_0293,3305,3746
Vismodegib,CVCL_0320,4014,4094
Vismodegib,CVCL_0332,3080,3133
Vismodegib,CVCL_0334,7210,7483
Vismodegib,CVCL_0359,3611,3652
Vismodegib,CVCL_0366,2078,2118
Vismodegib,CVCL_0371,4071,4158
Vismodegib,CVCL_0397,3312,3504
Vismodegib,CVCL_0399,4749,5101
Vismodegib,CVCL_0428,6403,6477
Vismodegib,CVCL_0459,11134,11271
Vismodegib,CVCL_0480,8302,8432
Vismodegib,CVCL_0504,4011,4129
Vismodegib,CVCL_0546,12833,13098
Vismodegib,CVCL_1055,2584,2748
Vismodegib,CVCL_1056,4654,4732
Vismodegib,CVCL_1094,3133,3265
Vismodegib,CVCL_1097,3690,3762
Vismodegib,CVCL_1098,1492,1589
Vismodegib,CVCL_1119,4739,4857
Vismodegib,CVCL_1125,1398,1450
Vismodegib,CVCL_1239,2159,2178
Vismodegib,CVCL_1285,5953,6014
Vismodegib,CVCL_1381,4041,4107
Vismodegib,CVCL_1478,3337,3888
Vismodegib,CVCL_1495,3616,3649
Vismodegib,CVCL_1517,2270,2347
Vismodegib,CVCL_1531,21,25
Vismodegib,CVCL_1547,2711,2770
Vismodegib,CVCL_1550,3715,4007
Vismodegib,CVCL_1571,17,22
Vismodegib,CVCL_1577,218,255
Vismodegib,CVCL_1635,3178,3230
Vismodegib,CVCL_1666,3348,3426
Vismodegib,CVCL_1693,6489,6683
Vismodegib,CVCL_1715,138,147
Vismodegib,CVCL_1716,380,388
Vismodegib,CVCL_1717,3378,3561
Vismodegib,CVCL_1724,1743,1817
Vismodegib,CVCL_1731,3067,3126
Vismodegib,CVCL_C466,2626,2686
Vitamin K4,CVCL_0023,6011,6095
Vitamin K4,CVCL_0028,1269,1367
Vitamin K4,CVCL_0069,4018,4098
Vitamin K4,CVCL_0099,3894,4105
Vitamin K4,CVCL_0131,4602,4647
Vitamin K4,CVCL_0152,4178,4487
Vitamin K4,CVCL_0179,2531,2589
Vitamin K4,CVCL_0218,3208,3259
Vitamin K4,CVCL_0292,4032,4263
Vitamin K4,CVCL_0293,4996,5534
Vitamin K4,CVCL_0320,4814,4922
Vitamin K4,CVCL_0332,4913,5002
Vitamin K4,CVCL_0334,9869,10219
Vitamin K4,CVCL_0359,5709,5776
Vitamin K4,CVCL_0366,3620,3704
Vitamin K4,CVCL_0371,4835,4959
Vitamin K4,CVCL_0397,4167,4357
Vitamin K4,CVCL_0399,6012,6370
Vitamin K4,CVCL_0428,9142,9241
Vitamin K4,CVCL_0459,16272,16454
Vitamin K4,CVCL_0480,12531,12687
Vitamin K4,CVCL_0504,5390,5571
Vitamin K4,CVCL_0546,15480,15791
Vitamin K4,CVCL_1055,3226,3320
Vitamin K4,CVCL_1056,8184,8303
Vitamin K4,CVCL_1094,3603,3781
Vitamin K4,CVCL_1097,4428,4534
Vitamin K4,CVCL_1098,2050,2191
Vitamin K4,CVCL_1119,5880,6030
Vitamin K4,CVCL_1125,1546,1606
Vitamin K4,CVCL_1239,3038,3075
Vitamin K4,CVCL_1285,9191,9330
Vitamin K4,CVCL_1381,5762,5882
Vitamin K4,CVCL_1478,4409,5130
Vitamin K4,CVCL_1495,4865,4913
Vitamin K4,CVCL_1517,3493,3579
Vitamin K4,CVCL_1531,72,91
Vitamin K4,CVCL_1547,4033,4097
Vitamin K4,CVCL_1550,4732,5024
Vitamin K4,CVCL_1571,59,84
Vitamin K4,CVCL_1577,313,348
Vitamin K4,CVCL_1635,3956,4025
Vitamin K4,CVCL_1666,4128,4231
Vitamin K4,CVCL_1693,7343,7587
Vitamin K4,CVCL_1715,232,252
Vitamin K4,CVCL_1716,470,491
Vitamin K4,CVCL_1717,4208,4429
Vitamin K4,CVCL_1724,2037,2116
Vitamin K4,CVCL_1731,4687,4772
Vitamin K4,CVCL_C466,3981,4085
Volasertib,CVCL_0023,4260,4338
Volasertib,CVCL_0028,1024,1107
Volasertib,CVCL_0069,1974,2049
Volasertib,CVCL_0099,1550,1644
Volasertib,CVCL_0131,3928,4001
Volasertib,CVCL_0152,5281,5588
Volasertib,CVCL_0179,2374,2467
Volasertib,CVCL_0218,3296,3420
Volasertib,CVCL_0292,3096,3316
Volasertib,CVCL_0293,6346,6813
Volasertib,CVCL_0320,4460,4634
Volasertib,CVCL_0332,2395,2481
Volasertib,CVCL_0334,1894,2056
Volasertib,CVCL_0359,2964,3021
Volasertib,CVCL_0366,2328,2424
Volasertib,CVCL_0371,4624,4789
Volasertib,CVCL_0397,4555,4799
Volasertib,CVCL_0399,7859,8286
Volasertib,CVCL_0428,1783,1817
Volasertib,CVCL_0459,11038,11282
Volasertib,CVCL_0480,4600,4794
Volasertib,CVCL_0504,4545,4684
Volasertib,CVCL_0546,11035,11410
Volasertib,CVCL_1055,1901,1985
Volasertib,CVCL_1056,2990,3114
Volasertib,CVCL_1094,2855,2963
Volasertib,CVCL_1097,3902,4015
Volasertib,CVCL_1098,2978,3129
Volasertib,CVCL_1119,3524,3646
Volasertib,CVCL_1125,1040,1108
Volasertib,CVCL_1239,1744,1797
Volasertib,CVCL_1285,5049,5174
Volasertib,CVCL_1381,3353,3479
Volasertib,CVCL_1478,3953,4367
Volasertib,CVCL_1495,2715,2782
Volasertib,CVCL_1517,4591,4803
Volasertib,CVCL_1531,55,68
Volasertib,CVCL_1547,3308,3387
Volasertib,CVCL_1550,3978,4429
Volasertib,CVCL_1571,27,47
Volasertib,CVCL_1577,150,177
Volasertib,CVCL_1635,3004,3102
Volasertib,CVCL_1666,2976,3098
Volasertib,CVCL_1693,2135,2235
Volasertib,CVCL_1715,588,622
Volasertib,CVCL_1716,482,509
Volasertib,CVCL_1717,3529,3748
Volasertib,CVCL_1724,2299,2407
Volasertib,CVCL_1731,2839,2967
Volasertib,CVCL_C466,4622,4773
Voriconazole,CVCL_0023,6298,6439
Voriconazole,CVCL_0028,1208,1322
Voriconazole,CVCL_0069,4444,4541
Voriconazole,CVCL_0099,4221,4607
Voriconazole,CVCL_0131,4864,4895
Voriconazole,CVCL_0152,4837,5213
Voriconazole,CVCL_0179,2803,2861
Voriconazole,CVCL_0218,3903,4005
Voriconazole,CVCL_0292,4489,4878
Voriconazole,CVCL_0293,5260,5822
Voriconazole,CVCL_0320,5490,5585
Voriconazole,CVCL_0332,4797,4869
Voriconazole,CVCL_0334,10819,11365
Voriconazole,CVCL_0359,5551,5615
Voriconazole,CVCL_0366,3379,3440
Voriconazole,CVCL_0371,5809,5956
Voriconazole,CVCL_0397,4708,4965
Voriconazole,CVCL_0399,6793,7278
Voriconazole,CVCL_0428,8848,8988
Voriconazole,CVCL_0459,17574,17861
Voriconazole,CVCL_0480,12982,13110
Voriconazole,CVCL_0504,5428,5703
Voriconazole,CVCL_0546,17354,17827
Voriconazole,CVCL_1055,3580,3685
Voriconazole,CVCL_1056,7900,8009
Voriconazole,CVCL_1094,3950,4212
Voriconazole,CVCL_1097,4884,5058
Voriconazole,CVCL_1098,2098,2279
Voriconazole,CVCL_1119,6221,6414
Voriconazole,CVCL_1125,1719,1824
Voriconazole,CVCL_1239,3264,3306
Voriconazole,CVCL_1285,9078,9220
Voriconazole,CVCL_1381,6001,6094
Voriconazole,CVCL_1478,5040,5758
Voriconazole,CVCL_1495,5349,5406
Voriconazole,CVCL_1517,3595,3667
Voriconazole,CVCL_1531,60,75
Voriconazole,CVCL_1547,4267,4358
Voriconazole,CVCL_1550,5137,5436
Voriconazole,CVCL_1571,36,49
Voriconazole,CVCL_1577,352,382
Voriconazole,CVCL_1635,4635,4708
Voriconazole,CVCL_1666,4393,4554
Voriconazole,CVCL_1693,7851,8303
Voriconazole,CVCL_1715,206,217
Voriconazole,CVCL_1716,490,512
Voriconazole,CVCL_1717,4752,4988
Voriconazole,CVCL_1724,2330,2485
Voriconazole,CVCL_1731,4854,4944
Voriconazole,CVCL_C466,3664,3797
Vortioxetine,CVCL_0023,5114,5236
Vortioxetine,CVCL_0028,1034,1154
Vortioxetine,CVCL_0069,4066,4172
Vortioxetine,CVCL_0099,3696,4033
Vortioxetine,CVCL_0131,4283,4325
Vortioxetine,CVCL_0152,3948,4293
Vortioxetine,CVCL_0179,2207,2295
Vortioxetine,CVCL_0218,3407,3515
Vortioxetine,CVCL_0292,3711,4020
Vortioxetine,CVCL_0293,4590,5076
Vortioxetine,CVCL_0320,4823,4926
Vortioxetine,CVCL_0332,3940,4003
Vortioxetine,CVCL_0334,8269,8833
Vortioxetine,CVCL_0359,4808,4888
Vortioxetine,CVCL_0366,2650,2700
Vortioxetine,CVCL_0371,5070,5197
Vortioxetine,CVCL_0397,3888,4054
Vortioxetine,CVCL_0399,6042,6404
Vortioxetine,CVCL_0428,7667,7790
Vortioxetine,CVCL_0459,13615,13943
Vortioxetine,CVCL_0480,10528,10673
Vortioxetine,CVCL_0504,4478,4759
Vortioxetine,CVCL_0546,15453,15911
Vortioxetine,CVCL_1055,3322,3407
Vortioxetine,CVCL_1056,6351,6450
Vortioxetine,CVCL_1094,3310,3560
Vortioxetine,CVCL_1097,4180,4334
Vortioxetine,CVCL_1098,2004,2178
Vortioxetine,CVCL_1119,5883,6057
Vortioxetine,CVCL_1125,1367,1459
Vortioxetine,CVCL_1239,2735,2762
Vortioxetine,CVCL_1285,7607,7721
Vortioxetine,CVCL_1381,5129,5202
Vortioxetine,CVCL_1478,4403,5097
Vortioxetine,CVCL_1495,4331,4376
Vortioxetine,CVCL_1517,2863,2968
Vortioxetine,CVCL_1531,54,66
Vortioxetine,CVCL_1547,3435,3520
Vortioxetine,CVCL_1550,4522,4804
Vortioxetine,CVCL_1571,33,42
Vortioxetine,CVCL_1577,284,311
Vortioxetine,CVCL_1635,3884,3963
Vortioxetine,CVCL_1666,3727,3890
Vortioxetine,CVCL_1693,6866,7266
Vortioxetine,CVCL_1715,137,152
Vortioxetine,CVCL_1716,403,427
Vortioxetine,CVCL_1717,4174,4454
Vortioxetine,CVCL_1724,2033,2160
Vortioxetine,CVCL_1731,4279,4376
Vortioxetine,CVCL_C466,2844,2927
XRK3F2,CVCL_0023,4657,4830
XRK3F2,CVCL_0028,800,959
XRK3F2,CVCL_0069,1792,1917
XRK3F2,CVCL_0099,1213,1430
XRK3F2,CVCL_0131,4934,4986
XRK3F2,CVCL_0152,4389,5039
XRK3F2,CVCL_0179,2547,2771
XRK3F2,CVCL_0218,2665,2948
XRK3F2,CVCL_0292,2022,2599
XRK3F2,CVCL_0293,5607,6123
XRK3F2,CVCL_0320,4675,4862
XRK3F2,CVCL_0332,2801,2875
XRK3F2,CVCL_0334,1457,1852
XRK3F2,CVCL_0359,3391,3470
XRK3F2,CVCL_0366,2933,3005
XRK3F2,CVCL_0371,4648,4917
XRK3F2,CVCL_0397,3831,4232
XRK3F2,CVCL_0399,5767,6570
XRK3F2,CVCL_0428,1709,1752
XRK3F2,CVCL_0459,9682,10212
XRK3F2,CVCL_0480,5065,5211
XRK3F2,CVCL_0504,3977,4383
XRK3F2,CVCL_0546,9301,10217
XRK3F2,CVCL_1055,2017,2069
XRK3F2,CVCL_1056,3758,3816
XRK3F2,CVCL_1094,2209,2414
XRK3F2,CVCL_1097,3750,4011
XRK3F2,CVCL_1098,2596,2980
XRK3F2,CVCL_1119,3867,4015
XRK3F2,CVCL_1125,402,469
XRK3F2,CVCL_1239,1758,1831
XRK3F2,CVCL_1285,5133,5400
XRK3F2,CVCL_1381,3427,3570
XRK3F2,CVCL_1478,3776,4270
XRK3F2,CVCL_1495,2310,2415
XRK3F2,CVCL_1517,5325,5432
XRK3F2,CVCL_1531,52,61
XRK3F2,CVCL_1547,3090,3246
XRK3F2,CVCL_1550,4452,4751
XRK3F2,CVCL_1571,27,51
XRK3F2,CVCL_1577,195,213
XRK3F2,CVCL_1635,2673,2777
XRK3F2,CVCL_1666,2603,2907
XRK3F2,CVCL_1693,1606,1861
XRK3F2,CVCL_1715,625,669
XRK3F2,CVCL_1716,403,464
XRK3F2,CVCL_1717,3844,4078
XRK3F2,CVCL_1724,1795,2017
XRK3F2,CVCL_1731,2676,2859
XRK3F2,CVCL_C466,3546,3894
Zileuton,CVCL_0023,6164,6232
Zileuton,CVCL_0028,1271,1326
Zileuton,CVCL_0069,4283,4372
Zileuton,CVCL_0099,4575,4750
Zileuton,CVCL_0131,5026,5057
Zileuton,CVCL_0152,4842,5139
Zileuton,CVCL_0179,2855,2916
Zileuton,CVCL_0218,3876,3921
Zileuton,CVCL_0292,4441,4614
Zileuton,CVCL_0293,5232,5752
Zileuton,CVCL_0320,5285,5375
Zileuton,CVCL_0332,5005,5093
Zileuton,CVCL_0334,10465,10826
Zileuton,CVCL_0359,5418,5450
Zileuton,CVCL_0366,3467,3542
Zileuton,CVCL_0371,5417,5536
Zileuton,CVCL_0397,4574,4812
Zileuton,CVCL_0399,6641,7019
Zileuton,CVCL_0428,8751,8828
Zileuton,CVCL_0459,18159,18301
Zileuton,CVCL_0480,12410,12581
Zileuton,CVCL_0504,5489,5638
Zileuton,CVCL_0546,16713,16972
Zileuton,CVCL_1055,3374,3504
Zileuton,CVCL_1056,8007,8137
Zileuton,CVCL_1094,3851,3955
Zileuton,CVCL_1097,5141,5208
Zileuton,CVCL_1098,2146,2248
Zileuton,CVCL_1119,6414,6544
Zileuton,CVCL_1125,1632,1680
Zileuton,CVCL_1239,3509,3526
Zileuton,CVCL_1285,9206,9294
Zileuton,CVCL_1381,6040,6110
Zileuton,CVCL_1478,5018,5730
Zileuton,CVCL_1495,5010,5044
Zileuton,CVCL_1517,3601,3699
Zileuton,CVCL_1531,52,68
Zileuton,CVCL_1547,4254,4315
Zileuton,CVCL_1550,4844,5239
Zileuton,CVCL_1571,31,46
Zileuton,CVCL_1577,331,371
Zileuton,CVCL_1635,4230,4295
Zileuton,CVCL_1666,4623,4714
Zileuton,CVCL_1693,8057,8255
Zileuton,CVCL_1715,234,248
Zileuton,CVCL_1716,519,537
Zileuton,CVCL_1717,4474,4681
Zileuton,CVCL_1724,2412,2501
Zileuton,CVCL_1731,4899,4967
Zileuton,CVCL_C466,4320,4388
c-Kit-IN-1,CVCL_0023,4934,5084
c-Kit-IN-1,CVCL_0028,1345,1466
c-Kit-IN-1,CVCL_0069,2788,2885
c-Kit-IN-1,CVCL_0099,2885,3051
c-Kit-IN-1,CVCL_0131,4589,4694
c-Kit-IN-1,CVCL_0152,6465,6787
c-Kit-IN-1,CVCL_0179,2353,2470
c-Kit-IN-1,CVCL_0218,3966,4086
c-Kit-IN-1,CVCL_0292,4176,4453
c-Kit-IN-1,CVCL_0293,8399,8981
c-Kit-IN-1,CVCL_0320,4472,4686
c-Kit-IN-1,CVCL_0332,3144,3248
c-Kit-IN-1,CVCL_0334,3068,3266
c-Kit-IN-1,CVCL_0359,3680,3806
c-Kit-IN-1,CVCL_0366,3077,3230
c-Kit-IN-1,CVCL_0371,5566,5750
c-Kit-IN-1,CVCL_0397,5772,6072
c-Kit-IN-1,CVCL_0399,9544,10103
c-Kit-IN-1,CVCL_0428,4588,4680
c-Kit-IN-1,CVCL_0459,14732,15096
c-Kit-IN-1,CVCL_0480,7999,8222
c-Kit-IN-1,CVCL_0504,4903,5161
c-Kit-IN-1,CVCL_0546,16029,16501
c-Kit-IN-1,CVCL_1055,1740,1838
c-Kit-IN-1,CVCL_1056,3667,3832
c-Kit-IN-1,CVCL_1094,3751,3946
c-Kit-IN-1,CVCL_1097,5190,5326
c-Kit-IN-1,CVCL_1098,3536,3731
c-Kit-IN-1,CVCL_1119,4257,4493
c-Kit-IN-1,CVCL_1125,1271,1389
c-Kit-IN-1,CVCL_1239,2392,2456
c-Kit-IN-1,CVCL_1285,6675,6860
c-Kit-IN-1,CVCL_1381,4096,4280
c-Kit-IN-1,CVCL_1478,6012,6445
c-Kit-IN-1,CVCL_1495,2605,2738
c-Kit-IN-1,CVCL_1517,4344,4566
c-Kit-IN-1,CVCL_1531,57,90
c-Kit-IN-1,CVCL_1547,4175,4322
c-Kit-IN-1,CVCL_1550,4776,5145
c-Kit-IN-1,CVCL_1571,31,59
c-Kit-IN-1,CVCL_1577,201,245
c-Kit-IN-1,CVCL_1635,3045,3173
c-Kit-IN-1,CVCL_1666,3142,3298
c-Kit-IN-1,CVCL_1693,4819,5008
c-Kit-IN-1,CVCL_1715,504,536
c-Kit-IN-1,CVCL_1716,631,662
c-Kit-IN-1,CVCL_1717,4532,4776
c-Kit-IN-1,CVCL_1724,3003,3149
c-Kit-IN-1,CVCL_1731,3129,3351
c-Kit-IN-1,CVCL_C466,4517,4694
crizotinib,CVCL_0023,4593,4690
crizotinib,CVCL_0028,1058,1138
crizotinib,CVCL_0069,3197,3276
crizotinib,CVCL_0099,3290,3490
crizotinib,CVCL_0131,3686,3737
crizotinib,CVCL_0152,3594,3914
crizotinib,CVCL_0179,2358,2429
crizotinib,CVCL_0218,2918,2982
crizotinib,CVCL_0292,3547,3789
crizotinib,CVCL_0293,4748,5145
crizotinib,CVCL_0320,3900,4010
crizotinib,CVCL_0332,3658,3730
crizotinib,CVCL_0334,7886,8224
crizotinib,CVCL_0359,4844,4908
crizotinib,CVCL_0366,2611,2669
crizotinib,CVCL_0371,4266,4391
crizotinib,CVCL_0397,3669,3841
crizotinib,CVCL_0399,5841,6159
crizotinib,CVCL_0428,7378,7471
crizotinib,CVCL_0459,12200,12407
crizotinib,CVCL_0480,9790,9947
crizotinib,CVCL_0504,4139,4328
crizotinib,CVCL_0546,12638,12973
crizotinib,CVCL_1055,2884,2964
crizotinib,CVCL_1056,5883,5964
crizotinib,CVCL_1094,3456,3674
crizotinib,CVCL_1097,3655,3772
crizotinib,CVCL_1098,1616,1737
crizotinib,CVCL_1119,5668,5823
crizotinib,CVCL_1125,1604,1672
crizotinib,CVCL_1239,2234,2272
crizotinib,CVCL_1285,6976,7099
crizotinib,CVCL_1381,4536,4662
crizotinib,CVCL_1478,4153,4742
crizotinib,CVCL_1495,4128,4192
crizotinib,CVCL_1517,2292,2357
crizotinib,CVCL_1531,43,68
crizotinib,CVCL_1547,3067,3132
crizotinib,CVCL_1550,4895,5190
crizotinib,CVCL_1571,39,58
crizotinib,CVCL_1577,291,332
crizotinib,CVCL_1635,3814,3868
crizotinib,CVCL_1666,3369,3480
crizotinib,CVCL_1693,6236,6518
crizotinib,CVCL_1715,161,185
crizotinib,CVCL_1716,360,375
crizotinib,CVCL_1717,3548,3733
crizotinib,CVCL_1724,1777,1886
crizotinib,CVCL_1731,3301,3391
crizotinib,CVCL_C466,2977,3055
olaparib,CVCL_0023,6824,7067
olaparib,CVCL_0028,1480,1809
olaparib,CVCL_0069,3896,4131
olaparib,CVCL_0099,3029,3361
olaparib,CVCL_0131,5739,5949
olaparib,CVCL_0152,7037,7625
olaparib,CVCL_0179,3021,3319
olaparib,CVCL_0218,4148,4459
olaparib,CVCL_0292,4248,4574
olaparib,CVCL_0293,7817,8490
olaparib,CVCL_0320,5892,6441
olaparib,CVCL_0332,3823,4037
olaparib,CVCL_0334,4710,5199
olaparib,CVCL_0359,5008,5223
olaparib,CVCL_0366,3409,3714
olaparib,CVCL_0371,5852,6326
olaparib,CVCL_0397,5321,5823
olaparib,CVCL_0399,9317,10029
olaparib,CVCL_0428,4417,4560
olaparib,CVCL_0459,15025,15446
olaparib,CVCL_0480,8711,9136
olaparib,CVCL_0504,5450,5759
olaparib,CVCL_0546,15895,16441
olaparib,CVCL_1055,2676,2870
olaparib,CVCL_1056,5858,6185
olaparib,CVCL_1094,4178,4477
olaparib,CVCL_1097,6082,6303
olaparib,CVCL_1098,3736,4111
olaparib,CVCL_1119,6214,6509
olaparib,CVCL_1125,1407,1574
olaparib,CVCL_1239,2362,2516
olaparib,CVCL_1285,8100,8459
olaparib,CVCL_1381,5271,5706
olaparib,CVCL_1478,5069,5734
olaparib,CVCL_1495,4636,4852
olaparib,CVCL_1517,5554,5930
olaparib,CVCL_1531,107,216
olaparib,CVCL_1547,4231,4413
olaparib,CVCL_1550,5471,6152
olaparib,CVCL_1571,56,139
olaparib,CVCL_1577,290,427
olaparib,CVCL_1635,4612,4821
olaparib,CVCL_1666,4579,4785
olaparib,CVCL_1693,5536,5828
olaparib,CVCL_1715,523,638
olaparib,CVCL_1716,619,691
olaparib,CVCL_1717,5172,5607
olaparib,CVCL_1724,3009,3243
olaparib,CVCL_1731,4515,4925
olaparib,CVCL_C466,5508,5883
palbociclib,CVCL_0023,4623,4752
palbociclib,CVCL_0028,830,953
palbociclib,CVCL_0069,2043,2176
palbociclib,CVCL_0099,1386,1479
palbociclib,CVCL_0131,4511,4587
palbociclib,CVCL_0152,5518,5967
palbociclib,CVCL_0179,2367,2446
palbociclib,CVCL_0218,2991,3111
palbociclib,CVCL_0292,2442,2769
palbociclib,CVCL_0293,5891,6426
palbociclib,CVCL_0320,4417,4682
palbociclib,CVCL_0332,2532,2618
palbociclib,CVCL_0334,2031,2236
palbociclib,CVCL_0359,3518,3595
palbociclib,CVCL_0366,2558,2657
palbociclib,CVCL_0371,4798,5027
palbociclib,CVCL_0397,4191,4479
palbociclib,CVCL_0399,6772,7418
palbociclib,CVCL_0428,1792,1840
palbociclib,CVCL_0459,10042,10414
palbociclib,CVCL_0480,5204,5364
palbociclib,CVCL_0504,3961,4221
palbociclib,CVCL_0546,10073,10695
palbociclib,CVCL_1055,2118,2182
palbociclib,CVCL_1056,3487,3603
palbociclib,CVCL_1094,2270,2419
palbociclib,CVCL_1097,4100,4342
palbociclib,CVCL_1098,2735,2941
palbociclib,CVCL_1119,3877,3990
palbociclib,CVCL_1125,709,770
palbociclib,CVCL_1239,1744,1822
palbociclib,CVCL_1285,5320,5558
palbociclib,CVCL_1381,3573,3706
palbociclib,CVCL_1478,4063,4495
palbociclib,CVCL_1495,2545,2633
palbociclib,CVCL_1517,4974,5122
palbociclib,CVCL_1531,68,86
palbociclib,CVCL_1547,2997,3093
palbociclib,CVCL_1550,4313,4686
palbociclib,CVCL_1571,24,47
palbociclib,CVCL_1577,133,172
palbociclib,CVCL_1635,2950,3055
palbociclib,CVCL_1666,3061,3248
palbociclib,CVCL_1693,1820,1948
palbociclib,CVCL_1715,532,578
palbociclib,CVCL_1716,476,516
palbociclib,CVCL_1717,3850,4098
palbociclib,CVCL_1724,2010,2152
palbociclib,CVCL_1731,3023,3203
palbociclib,CVCL_C466,4315,4614
venetoclax,CVCL_0023,5720,5951
venetoclax,CVCL_0028,1404,1581
venetoclax,CVCL_0069,2252,2362
venetoclax,CVCL_0099,1664,1790
venetoclax,CVCL_0131,6170,6257
venetoclax,CVCL_0152,6807,7339
venetoclax,CVCL_0179,2957,3045
venetoclax,CVCL_0218,3406,3541
venetoclax,CVCL_0292,2997,3335
venetoclax,CVCL_0293,8189,8785
venetoclax,CVCL_0320,5474,5687
venetoclax,CVCL_0332,3552,3654
venetoclax,CVCL_0334,2302,2487
venetoclax,CVCL_0359,4436,4569
venetoclax,CVCL_0366,3632,3747
venetoclax,CVCL_0371,6139,6439
venetoclax,CVCL_0397,5425,5763
venetoclax,CVCL_0399,9202,9979
venetoclax,CVCL_0428,2477,2568
venetoclax,CVCL_0459,13119,13559
venetoclax,CVCL_0480,7272,7455
venetoclax,CVCL_0504,4759,5122
venetoclax,CVCL_0546,13451,14148
venetoclax,CVCL_1055,2057,2131
venetoclax,CVCL_1056,4661,4797
venetoclax,CVCL_1094,3137,3390
venetoclax,CVCL_1097,5546,5823
venetoclax,CVCL_1098,3722,4030
venetoclax,CVCL_1119,4286,4568
venetoclax,CVCL_1125,870,960
venetoclax,CVCL_1239,2078,2155
venetoclax,CVCL_1285,7133,7418
venetoclax,CVCL_1381,4248,4430
venetoclax,CVCL_1478,5596,6020
venetoclax,CVCL_1495,3182,3306
venetoclax,CVCL_1517,6736,6897
venetoclax,CVCL_1531,81,113
venetoclax,CVCL_1547,4118,4281
venetoclax,CVCL_1550,5484,5811
venetoclax,CVCL_1571,36,69
venetoclax,CVCL_1577,183,215
venetoclax,CVCL_1635,3333,3484
venetoclax,CVCL_1666,3324,3534
venetoclax,CVCL_1693,2471,2666
venetoclax,CVCL_1715,733,776
venetoclax,CVCL_1716,582,641
venetoclax,CVCL_1717,4945,5224
venetoclax,CVCL_1724,2917,3095
venetoclax,CVCL_1731,3783,4003
venetoclax,CVCL_C466,5320,5629
vincristine,CVCL_0023,3073,3449
vincristine,CVCL_0028,648,827
vincristine,CVCL_0069,1476,1708
vincristine,CVCL_0099,930,1087
vincristine,CVCL_0131,3242,3478
vincristine,CVCL_0152,3530,4204
vincristine,CVCL_0179,1939,2075
vincristine,CVCL_0218,1700,1981
vincristine,CVCL_0292,1547,1950
vincristine,CVCL_0293,4031,4610
vincristine,CVCL_0320,2515,2810
vincristine,CVCL_0332,1700,1861
vincristine,CVCL_0334,1283,1577
vincristine,CVCL_0359,2374,2609
vincristine,CVCL_0366,2101,2253
vincristine,CVCL_0371,2605,3024
vincristine,CVCL_0397,2510,2793
vincristine,CVCL_0399,4493,5123
vincristine,CVCL_0428,1495,1707
vincristine,CVCL_0459,5115,5865
vincristine,CVCL_0480,3269,3452
vincristine,CVCL_0504,1798,2242
vincristine,CVCL_0546,6454,7354
vincristine,CVCL_1055,1754,1839
vincristine,CVCL_1056,2805,2937
vincristine,CVCL_1094,1712,2053
vincristine,CVCL_1097,2307,2569
vincristine,CVCL_1098,1990,2342
vincristine,CVCL_1119,2676,3059
vincristine,CVCL_1125,487,614
vincristine,CVCL_1239,977,1115
vincristine,CVCL_1285,3201,3615
vincristine,CVCL_1381,2272,2526
vincristine,CVCL_1478,2681,3082
vincristine,CVCL_1495,1918,2178
vincristine,CVCL_1517,3214,3356
vincristine,CVCL_1531,34,54
vincristine,CVCL_1547,1976,2250
vincristine,CVCL_1550,3678,3951
vincristine,CVCL_1571,10,39
vincristine,CVCL_1577,133,164
vincristine,CVCL_1635,2078,2325
vincristine,CVCL_1666,1677,1996
vincristine,CVCL_1693,1443,1792
vincristine,CVCL_1715,259,316
vincristine,CVCL_1716,230,295
vincristine,CVCL_1717,2482,2779
vincristine,CVCL_1724,1244,1454
vincristine,CVCL_1731,1806,2148
vincristine,CVCL_C466,2147,2454
γ-Oryzanol,CVCL_0023,6750,6881
γ-Oryzanol,CVCL_0028,1219,1354
γ-Oryzanol,CVCL_0069,4052,4194
γ-Oryzanol,CVCL_0099,3993,4354
γ-Oryzanol,CVCL_0131,4788,4847
γ-Oryzanol,CVCL_0152,4465,4838
γ-Oryzanol,CVCL_0179,2639,2722
γ-Oryzanol,CVCL_0218,3665,3777
γ-Oryzanol,CVCL_0292,4096,4545
γ-Oryzanol,CVCL_0293,5186,5791
γ-Oryzanol,CVCL_0320,5070,5173
γ-Oryzanol,CVCL_0332,5434,5515
γ-Oryzanol,CVCL_0334,10952,11522
γ-Oryzanol,CVCL_0359,6560,6627
γ-Oryzanol,CVCL_0366,3873,3958
γ-Oryzanol,CVCL_0371,5167,5323
γ-Oryzanol,CVCL_0397,4606,4848
γ-Oryzanol,CVCL_0399,6384,6819
γ-Oryzanol,CVCL_0428,9834,9959
γ-Oryzanol,CVCL_0459,18585,18921
γ-Oryzanol,CVCL_0480,13016,13150
γ-Oryzanol,CVCL_0504,6092,6465
γ-Oryzanol,CVCL_0546,16852,17435
γ-Oryzanol,CVCL_1055,3316,3400
γ-Oryzanol,CVCL_1056,8475,8600
γ-Oryzanol,CVCL_1094,3946,4258
γ-Oryzanol,CVCL_1097,5136,5353
γ-Oryzanol,CVCL_1098,2061,2213
γ-Oryzanol,CVCL_1119,6424,6632
γ-Oryzanol,CVCL_1125,1719,1821
γ-Oryzanol,CVCL_1239,3535,3572
γ-Oryzanol,CVCL_1285,9991,10152
γ-Oryzanol,CVCL_1381,6281,6399
γ-Oryzanol,CVCL_1478,4197,4829
γ-Oryzanol,CVCL_1495,5496,5558
γ-Oryzanol,CVCL_1517,3740,3830
γ-Oryzanol,CVCL_1531,54,70
γ-Oryzanol,CVCL_1547,4732,4831
γ-Oryzanol,CVCL_1550,5481,5778
γ-Oryzanol,CVCL_1571,53,73
γ-Oryzanol,CVCL_1577,296,324
γ-Oryzanol,CVCL_1635,4511,4595
γ-Oryzanol,CVCL_1666,4718,4888
γ-Oryzanol,CVCL_1693,7969,8442
γ-Oryzanol,CVCL_1715,277,296
γ-Oryzanol,CVCL_1716,493,512
γ-Oryzanol,CVCL_1717,4447,4694
γ-Oryzanol,CVCL_1724,2206,2389
γ-Oryzanol,CVCL_1731,4808,4922
γ-Oryzanol,CVCL_C466,4322,4485
