gene_target,n_cells,m_raw,m_corr,snr,detectable,n_star,regime
EIF2S1,77,15.3461,15.3058,13.8178,True,36.74017535159928,OVER
HSPA9,104,14.0359,14.0032,14.6434,True,43.65530375357698,OVER
EIF2S3,52,13.9962,13.9312,10.3855,True,44.429831030238084,OVER
PSMB5,119,13.5288,13.499,15.0727,True,48.05446485074881,OVER
PSMC5,116,13.4317,13.4009,14.7795,True,48.67809428356162,OVER
RPL23A,67,12.7119,12.6562,10.6888,True,53.33907321042477,OVER
EIF2B3,74,12.6718,12.6211,11.1891,True,54.044936460382324,OVER
PSMC4,62,12.6147,12.554,10.2094,True,54.458993115827305,OVER
RPL36,86,12.5567,12.5125,11.9366,True,54.55541947518045,OVER
RPL14,58,12.4023,12.3364,9.7127,True,56.28380301348238,OVER
PSMB2,66,12.3323,12.274,10.2932,True,57.470554982572914,OVER
EIF3I,88,12.24,12.1957,11.7674,True,57.11653008446022,OVER
RPL17,76,12.2004,12.1491,10.915,True,57.92758667546438,OVER
RPL6,107,12.0386,12.0015,12.7352,True,59.04777096553289,OVER
PSMA3,52,12.0442,11.9686,8.9371,True,61.280221150804884,UNDER
RPL31,53,12.0336,11.9593,9.0136,True,59.52647230263923,UNDER
RPL18,79,11.8512,11.8003,10.8062,True,61.753538901299066,OVER
PSMA4,123,11.8175,11.7845,13.3796,True,62.46114511155128,OVER
RPL35,78,11.8243,11.7727,10.7144,True,61.34773407084088,OVER
RPL30,45,11.8413,11.7525,8.1802,True,62.35894388065714,UNDER
PSMC1,53,11.794,11.7182,8.8342,True,64.2417076487518,UNDER
RPL23,139,11.7057,11.676,14.0637,True,62.74768505441904,OVER
UBAP1,31,11.7827,11.6533,6.7666,True,61.71765683095012,UNDER
RPS19,77,11.6856,11.6327,10.5218,True,61.92978927255682,OVER
PSMD6,41,11.7195,11.621,7.7313,True,62.60149793881109,UNDER
SUPT5H,29,11.7569,11.6183,6.5319,True,65.43244540479192,UNDER
PSMD7,26,11.7599,11.6054,6.1885,True,63.57654281013327,UNDER
RPS18,42,11.7003,11.604,7.8114,True,63.08621799176582,UNDER
RPL4,90,11.6492,11.6037,11.3235,True,63.2506303952492,OVER
FBL,28,11.7022,11.558,6.3891,True,62.50585438806159,UNDER
RPL7,120,11.541,11.5063,12.9105,True,64.87839461412484,OVER
PSMD8,43,11.5229,11.4273,7.7831,True,67.00419820284537,UNDER
EIF3B,120,11.4538,11.4188,12.8129,True,64.76282056188549,OVER
RPL38,35,11.4954,11.3779,7.0115,True,65.57640907694889,UNDER
RPL8,69,11.4329,11.3727,9.7536,True,66.07348996043403,OVER
PSMB3,49,11.4,11.3152,8.2142,True,68.46814889032206,UNDER
RPL9,61,11.3235,11.2547,9.0912,True,65.90858350296973,UNDER
POLR2H,38,11.3389,11.2291,7.2039,True,66.54071250091994,UNDER
RPL10A,110,11.1573,11.1183,11.9633,True,69.18625922969215,OVER
ABCE1,26,11.2442,11.0825,5.9171,True,67.92885233550311,UNDER
PSMD14,72,11.1096,11.0502,9.6784,True,70.1732176686153,OVER
PHB,55,11.1148,11.0372,8.4791,True,71.17112199872453,UNDER
RPL32,102,11.0683,11.026,11.4383,True,70.57414567603846,OVER
POLR2G,38,11.1342,11.0223,7.0738,True,70.89314732505898,UNDER
RPL37A,70,10.9587,10.8967,9.4155,True,71.76640675647396,UNDER
PSMD11,44,10.9603,10.8621,7.4878,True,73.22149731407293,UNDER
RPL34,46,10.9549,10.8609,7.6506,True,73.59237999164183,UNDER
EIF2B5,109,10.8821,10.8417,11.6162,True,73.73847823279166,OVER
RPL35A,188,10.8561,10.8323,15.0872,True,73.55566241245643,OVER
RPL39,28,10.9092,10.7543,5.9562,True,70.9259695218452,UNDER
PSMC2,38,10.7452,10.6293,6.8267,True,75.15307731937094,UNDER
RPL24,57,10.668,10.59,8.2831,True,76.4901722345358,UNDER
GNL2,67,10.5612,10.494,8.8804,True,75.21016420335697,UNDER
RUVBL2,33,10.6224,10.4874,6.2926,True,77.32798701190374,UNDER
SFPQ,71,10.5062,10.4424,9.0899,True,77.62799062795727,UNDER
SART1,109,10.3097,10.267,11.0052,True,82.02701397561451,OVER
PHB2,54,10.3092,10.224,7.7936,True,82.65432184909649,UNDER
PSMD1,32,10.3498,10.2069,6.0382,True,83.26238356020147,UNDER
DDX18,60,10.2674,10.1903,8.1763,True,80.69244948177837,UNDER
POLR1A,28,10.35,10.1867,5.6509,True,78.05523229641265,UNDER
MAK16,35,10.3147,10.1836,6.2913,True,78.81633505184446,UNDER
XPO1,45,10.26,10.1574,7.0878,True,78.75852316488324,UNDER
EIF2B4,62,10.2308,10.1559,8.2801,True,84.77710848212824,UNDER
SNRPG,29,10.2792,10.1204,5.7109,True,82.92311197185538,UNDER
RPL27A,46,10.2045,10.1035,7.1266,True,82.90869670349728,UNDER
EIF2B2,174,10.1145,10.0869,13.5437,True,85.78467689694114,OVER
RPL13,72,10.1309,10.0656,8.8257,True,84.20708576130622,UNDER
RPL15,40,10.1461,10.0294,6.612,True,85.78918172654272,UNDER
PPAN,45,10.0995,9.9952,6.9769,True,82.02106017522799,UNDER
RPL7L1,47,10.0862,9.9862,7.1193,True,82.21219500363432,UNDER
UTP15,61,10.0476,9.9701,8.0668,True,81.87959705415713,UNDER
BYSL,37,10.0922,9.9654,6.3276,True,82.01190922228862,UNDER
RPL10,67,9.996,9.925,8.4051,True,87.7897687443756,UNDER
RPL21,29,10.0862,9.9243,5.6036,True,87.33770448167112,UNDER
SLC25A42,65,9.9922,9.919,8.2774,True,89.07826844891525,UNDER
RPA2,43,10.0261,9.9162,6.7721,True,88.011612001928,UNDER
EPRS,43,10.0114,9.9013,6.7622,True,87.93663339951674,UNDER
RPL26,82,9.9284,9.8698,9.2201,True,85.32354283490129,UNDER
ZCCHC9,66,9.9064,9.8337,8.2684,True,84.5874481903356,UNDER
MED9,33,9.9424,9.798,5.8897,True,88.79541645383442,UNDER
WDR75,46,9.8196,9.7147,6.8578,True,86.98019375500567,UNDER
DDX41,31,9.8621,9.7072,5.6637,True,93.49904339088094,UNDER
MED22,51,9.7884,9.6934,7.1939,True,89.15338804819615,UNDER
SF3B3,303,9.7091,9.6921,16.9182,True,93.69027717473345,OVER
RUVBL1,50,9.7785,9.6815,7.1166,True,90.79656545700743,UNDER
LARS,44,9.7855,9.6754,6.6853,True,93.11102603335485,UNDER
NIFK,97,9.7256,9.6749,9.8068,True,87.71166376831027,OVER
PSMA2,45,9.76,9.652,6.7424,True,88.37163586326355,UNDER
PSMD12,25,9.8428,9.6502,5.0796,True,93.68130234522602,UNDER
NOL11,51,9.7142,9.6184,7.1393,True,88.24643737256477,UNDER
CACTIN,38,9.7321,9.6039,6.183,True,95.83281131459016,UNDER
DHX15,41,9.6376,9.5177,6.358,True,92.11476895429317,UNDER
PDCD11,123,9.5443,9.5034,10.8059,True,90.24788887436986,OVER
CWC22,31,9.6385,9.4799,5.5352,True,96.89854226209935,UNDER
RRS1,128,9.4969,9.4573,10.9625,True,91.88921283800272,OVER
SNRPD3,47,9.5513,9.4457,6.7418,True,96.17237020926044,UNDER
RPL3,27,9.6275,9.4451,5.1622,True,92.99638763132869,UNDER
PSMA7,30,9.6023,9.4378,5.4254,True,94.84066928700246,UNDER
WDR43,77,9.4767,9.4114,8.5329,True,93.47853907054947,UNDER
SF3B5,96,9.4395,9.3867,9.4701,True,99.90441970039025,UNDER
NLE1,54,9.4513,9.3583,7.1451,True,94.36509273621304,UNDER
RPLP0,91,9.4129,9.3571,9.1994,True,97.99647896461134,UNDER
ATP6AP1,58,9.4423,9.3555,7.3946,True,97.73549210094632,UNDER
INTS8,153,9.3608,9.3271,11.781,True,98.20322753844948,OVER
CCT3,45,9.4073,9.2952,6.4987,True,98.46523091874302,UNDER
FARSA,47,9.3931,9.2856,6.63,True,99.36438659407929,UNDER
DNTTIP2,53,9.3648,9.2692,7.0146,True,97.85033313045129,UNDER
VARS,85,9.3178,9.2576,8.807,True,100.92867805298359,UNDER
EIF3A,57,9.3401,9.2509,7.252,True,98.3521764418083,UNDER
POLR2A,26,9.4091,9.2152,4.9514,True,102.42647452663263,UNDER
LTV1,49,9.3133,9.2093,6.7106,True,98.54004313238501,UNDER
DDX47,204,9.2283,9.2023,13.3361,True,98.89133273086728,OVER
ATP6V1A,41,9.3158,9.1917,6.1457,True,101.43709205142974,UNDER
QARS,76,9.2015,9.1334,8.2321,True,104.89921673226482,UNDER
CHMP6,57,9.2227,9.1323,7.1609,True,104.48578059914531,UNDER
RPS3A,50,9.2117,9.1086,6.704,True,102.4072842888686,UNDER
NOP16,29,9.277,9.1007,5.1541,True,98.85645789719801,UNDER
SNRPE,43,9.2073,9.0875,6.2191,True,105.36151177944372,UNDER
RPAP1,51,9.1814,9.08,6.7477,True,105.72064546238818,UNDER
MED30,35,9.217,9.07,5.6218,True,105.64835838660268,UNDER
PRELID3B,76,9.107,9.0382,8.1476,True,106.88258238354969,UNDER
RPS6,63,9.1197,9.0369,7.4392,True,105.23999255683337,UNDER
PSMC6,41,9.1448,9.0183,6.0328,True,109.56092765369746,UNDER
AARS,49,9.1174,9.0112,6.5695,True,109.42260505726897,UNDER
ISG20L2,63,9.0879,9.0048,7.4133,True,101.08883202700608,UNDER
EBNA1BP2,50,9.1072,9.0029,6.628,True,101.47681173794182,UNDER
RPL18A,56,9.0591,8.9655,6.9727,True,106.87668104896736,UNDER
RPS24,61,9.0219,8.9355,7.2433,True,106.75468518729392,UNDER
INTS2,145,8.9685,8.9313,10.9979,True,107.68529223003024,OVER
PSMB1,53,8.979,8.8792,6.7256,True,105.01838819616219,UNDER
RPS27A,110,8.9016,8.8526,9.5446,True,108.65689303135512,OVER
UTP11,35,9.0016,8.8511,5.4904,True,104.56166814599243,UNDER
POLR2I,135,8.8624,8.8221,10.4979,True,110.70912969756021,OVER
NOL8,114,8.8618,8.8143,9.6688,True,106.2597739505871,OVER
RPS7,64,8.8965,8.8129,7.3137,True,107.13212954930368,UNDER
RSL24D1,39,8.9461,8.8101,5.7573,True,106.26132041822241,UNDER
PRELID1,55,8.9055,8.8085,6.7938,True,113.93601717736627,UNDER
RABGGTA,222,8.8325,8.8074,13.2892,True,110.44561465776002,OVER
RPL11,39,8.9173,8.7809,5.7388,True,113.54961403987271,UNDER
PRPF3,52,8.8835,8.7807,6.5918,True,109.67777824915285,UNDER
PAF1,32,8.9407,8.7748,5.2161,True,111.33966756116655,UNDER
PES1,77,8.8332,8.7631,7.9535,True,107.57076607480222,UNDER
NVL,67,8.8425,8.7621,7.4352,True,106.68267970033818,UNDER
COPB1,31,8.9281,8.7566,5.1273,True,109.89177217891738,UNDER
SDAD1,63,8.8366,8.7512,7.2083,True,108.51984444085835,UNDER
INTS5,52,8.8541,8.7509,6.5699,True,111.85148654133074,UNDER
RPS13,144,8.7742,8.736,10.7236,True,113.40003606238076,OVER
TSR2,74,8.7829,8.7096,7.7552,True,113.92083662153539,UNDER
TAF8,64,8.7916,8.707,7.2274,True,113.2008466691261,UNDER
RPS8,55,8.7818,8.6835,6.6994,True,113.29754694921631,UNDER
GTF2A1,88,8.7068,8.6444,8.3706,True,119.07428472775767,UNDER
RRP12,66,8.6963,8.6134,7.2584,True,109.30294403008499,UNDER
RPSA,35,8.7618,8.6071,5.3442,True,115.80359943840715,UNDER
RPS26,59,8.6759,8.583,6.852,True,117.03597875407111,UNDER
RPS3,49,8.6742,8.5624,6.2501,True,116.8888370097758,UNDER
ATP6V1B2,37,8.6838,8.536,5.4445,True,119.02764090065375,UNDER
C14orf178,119,8.5764,8.5293,9.5551,True,119.69546611238516,UNDER
NPLOC4,51,8.6301,8.5222,6.3426,True,120.09047611456177,UNDER
C1orf131,40,8.6192,8.4815,5.617,True,111.26448040257984,UNDER
TIMM44,42,8.5999,8.4684,5.7415,True,120.41363920913058,UNDER
RPF1,52,8.5688,8.4621,6.3582,True,115.68994362153114,UNDER
SNRPF,36,8.6151,8.462,5.3286,True,122.35375796248994,UNDER
CCDC86,32,8.5878,8.415,5.0102,True,117.1791728579533,UNDER
TAF2,45,8.5341,8.4104,5.8955,True,121.64806826594477,UNDER
RPL5,51,8.4854,8.3756,6.2362,True,126.26134623374679,UNDER
CCT2,67,8.4576,8.3735,7.1116,True,122.15414838741974,UNDER
POLR2C,57,8.4269,8.3279,6.543,True,126.75662187588458,UNDER
LSM6,55,8.426,8.3234,6.4279,True,122.03940536934354,UNDER
FTSJ3,30,8.5073,8.3211,4.8067,True,120.17569946425003,UNDER
MED4,133,8.358,8.3146,9.8291,True,124.50945396371438,OVER
RPAP2,53,8.4024,8.2956,6.2937,True,125.46548172106701,UNDER
PWP2,63,8.3618,8.2715,6.821,True,119.01226104882724,UNDER
RPS28,32,8.4469,8.2712,4.928,True,123.76967924413347,UNDER
RPS9,67,8.3251,8.2397,7.0002,True,125.88951007262244,UNDER
SF3B2,33,8.3786,8.2068,4.9634,True,132.66008622460603,UNDER
RPS11,40,8.3486,8.2063,5.4406,True,127.32546523271029,UNDER
PSMA6,32,8.3612,8.1836,4.878,True,126.24810177510027,UNDER
DDX10,83,8.2492,8.1795,7.7065,True,121.84432482914565,UNDER
RBM28,69,8.2553,8.1716,7.0427,True,122.80487609637,UNDER
AATF,49,8.2798,8.1626,5.966,True,123.31594353865563,UNDER
LSG1,80,8.2346,8.1622,7.5551,True,124.24159024362031,UNDER
SEC61G,73,8.2239,8.1445,7.2132,True,131.479419011107,UNDER
POLR2E,136,8.1716,8.1282,9.7144,True,130.48226502179295,OVER
HARS,59,8.2243,8.1262,6.4953,True,131.23556048279755,UNDER
MDN1,68,8.175,8.0893,6.9243,True,126.54060787567025,UNDER
DDX21,73,8.1332,8.0529,7.1337,True,127.80803690198731,UNDER
PRIM1,30,8.2441,8.0519,4.658,True,135.1066180887839,UNDER
PABPC1,61,8.1324,8.0365,6.5292,True,134.6474337740416,UNDER
GPN3,80,8.0975,8.0238,7.4292,True,135.45079802448532,UNDER
NKAP,31,8.1952,8.008,4.7064,True,137.6998876829572,UNDER
SNRPD1,41,8.1351,7.9926,5.3667,True,137.32335863547357,UNDER
PELP1,76,8.0688,7.991,7.2187,True,128.9631864051318,UNDER
BRIX1,92,8.0516,7.9871,7.9112,True,130.37595300160982,UNDER
PNO1,50,8.094,7.9765,5.8906,True,130.53778344442236,UNDER
CUL7,49,8.0838,7.9638,5.8247,True,140.2012445741727,UNDER
SETD1A,76,8.0387,7.9606,7.1918,True,139.03405963791252,UNDER
HGS,41,8.1013,7.9582,5.3444,True,137.94694898840774,UNDER
RPS15A,35,8.1212,7.954,4.9534,True,135.9921379744235,UNDER
BMS1,105,7.9856,7.9284,8.3702,True,129.1574890489127,UNDER
IMP4,53,8.0307,7.9189,6.0153,True,131.12618795869838,UNDER
RCL1,102,7.9773,7.9184,8.2439,True,131.0656086410313,UNDER
PAM16,59,8.0057,7.9049,6.3226,True,140.87193389274785,UNDER
WDR12,99,7.9302,7.8692,8.0765,True,131.7929708825728,UNDER
MED7,53,7.962,7.8493,5.9639,True,140.54659408858157,UNDER
SPC25,31,8.0302,7.8391,4.6116,True,137.15785465114612,UNDER
FAU,86,7.903,7.8327,7.5127,True,141.95158076795465,UNDER
ARCN1,87,7.8875,7.8178,7.5406,True,141.4397745107728,UNDER
POLR1E,102,7.8744,7.8147,8.1376,True,132.91318407490343,UNDER
RPA1,35,7.9846,7.8145,4.8701,True,139.73501653640938,UNDER
C12orf45,45,7.9369,7.8038,5.483,True,135.0897718766123,UNDER
DHX8,54,7.9147,7.8034,5.9834,True,147.04627544752276,UNDER
NOL6,54,7.9145,7.8031,5.9832,True,133.95797213115844,UNDER
NOP58,58,7.8647,7.7604,6.1591,True,136.3661425212345,UNDER
POLE,27,7.9678,7.7464,4.2723,True,146.08315891014556,UNDER
PRPF4,77,7.8045,7.7251,7.0273,True,142.72336858354984,UNDER
BDP1,30,7.9197,7.7194,4.4747,True,143.7996028219954,UNDER
GUCD1,41,7.8581,7.7105,5.184,True,146.6855599730467,UNDER
SNRNP70,58,7.7847,7.6792,6.0964,True,151.96366514537686,UNDER
ATP5PD,42,7.7942,7.6489,5.2036,True,151.02967915725873,UNDER
POLR2B,122,7.6916,7.6403,8.6738,True,149.21020488556107,UNDER
EFTUD2,50,7.7466,7.6238,5.6378,True,148.26996148984458,UNDER
SURF6,65,7.7104,7.6153,6.3873,True,143.62719395300223,UNDER
RPP14,67,7.6942,7.6017,6.4697,True,142.47891802742308,UNDER
RPS12,42,7.7301,7.5836,5.1608,True,151.81961836689194,UNDER
GSPT1,52,7.685,7.5659,5.7025,True,157.3397796825377,UNDER
CD3EAP,81,7.6214,7.544,7.0352,True,143.17780498427152,UNDER
RPL12,96,7.5912,7.5255,7.6158,True,150.06053318013255,UNDER
DARS,43,7.642,7.4972,5.1617,True,153.4877157542215,UNDER
IARS2,51,7.5941,7.4712,5.5812,True,159.18056663520613,UNDER
RPS20,56,7.5787,7.4665,5.8332,True,154.8241998595122,UNDER
SYMPK,84,7.5403,7.4648,7.0857,True,151.20798897738183,UNDER
POLD2,32,7.6539,7.4595,4.4653,True,156.23972779499596,UNDER
DDX51,134,7.4979,7.4498,8.8496,True,147.57200976649665,UNDER
PRPF31,90,7.4994,7.4285,7.2897,True,155.11113280131823,UNDER
GNL3,103,7.4906,7.4284,7.778,True,150.63459553893094,UNDER
KIN,65,7.5247,7.4272,6.2334,True,150.8025970927219,UNDER
NUP98,124,7.4678,7.4158,8.4883,True,157.04124850983214,UNDER
CDC5L,25,7.6264,7.3761,3.9358,True,161.13665373373559,UNDER
POLD1,39,7.5221,7.3599,4.8409,True,161.7023708197127,UNDER
NARS,80,7.4286,7.3482,6.8155,True,164.0716423128254,UNDER
SNRPB,42,7.4972,7.3461,5.0053,True,161.65662666035283,UNDER
CCT6A,92,7.4132,7.343,7.2839,True,162.5802316007796,UNDER
CDC6,58,7.4441,7.3338,5.8298,True,154.45245225425037,UNDER
PRPF8,44,7.4681,7.3232,5.102,True,158.42315618676167,UNDER
SMN2,422,7.3336,7.3171,14.8929,True,167.27193012102396,OVER
DNAJC17,53,7.4299,7.309,5.5653,True,165.32320519133324,UNDER
LSM4,46,7.4342,7.295,5.1918,True,159.1660503658136,UNDER
POP4,81,7.3701,7.29,6.8032,True,154.3845235153738,UNDER
POLR2K,89,7.3539,7.2808,7.1093,True,164.85842608990782,UNDER
SNRPA1,34,7.4644,7.2767,4.4878,True,167.59250504623452,UNDER
PDCD2,26,7.5146,7.2703,3.9544,True,155.54649462744297,UNDER
TTK,59,7.3733,7.2638,5.8232,True,164.40981892242323,UNDER
EIF2S2,66,7.3596,7.2614,6.1427,True,168.46453461817129,UNDER
NUP205,25,7.5136,7.2594,3.8776,True,165.10653669407475,UNDER
NOP14,116,7.3035,7.2468,8.0365,True,155.34042606769728,UNDER
MED17,31,7.4346,7.2278,4.2696,True,168.38260223436586,UNDER
IGBP1,55,7.344,7.226,5.6025,True,165.18493131350516,UNDER
TPT1,222,7.2541,7.2236,10.9144,True,169.2907209238701,OVER
CENPJ,84,7.3014,7.2234,6.8612,True,161.65160005334144,UNDER
MYC,48,7.3532,7.2183,5.2446,True,163.3900443925002,UNDER
NACA,48,7.308,7.1723,5.2123,True,161.04809318418938,UNDER
KRI1,58,7.2808,7.168,5.7019,True,159.3628540985732,UNDER
POP1,55,7.2739,7.1548,5.549,True,159.0399154981631,UNDER
PSMC3,27,7.3898,7.1506,3.9624,True,174.59571769197314,UNDER
RBM25,28,7.3773,7.1464,4.0279,True,165.55634135879987,UNDER
RRP7A,60,7.2543,7.1448,5.7769,True,162.81508103775056,UNDER
LSM2,32,7.3442,7.1414,4.2847,True,168.9902175482306,UNDER
PRIM2,29,7.3493,7.1255,4.0831,True,169.22826583444728,UNDER
RPS15,54,7.2456,7.1238,5.4776,True,174.03018348374243,UNDER
POLA1,51,7.2386,7.1096,5.3199,True,170.61055431723452,UNDER
SNRNP200,105,7.1686,7.1048,7.5138,True,171.58138040591538,UNDER
MPHOSPH10,81,7.1643,7.0819,6.6133,True,166.76685549769428,UNDER
DDX56,54,7.197,7.0744,5.4408,True,168.89077117017354,UNDER
CEBPZ,120,7.1191,7.0627,7.9638,True,164.54666309345114,UNDER
ETF1,89,7.1066,7.0309,6.8702,True,183.50114110484475,UNDER
PSMB7,29,7.253,7.0261,4.0296,True,174.49223162645424,UNDER
WDR24,32,7.2173,7.0108,4.2106,True,174.93311570080292,UNDER
RNF113A,35,7.1968,7.0076,4.3896,True,184.50088330259595,UNDER
UBQLN4,70,7.0965,7.0005,6.0972,True,178.24595538504067,UNDER
SF3B4,39,7.1569,6.9862,4.6058,True,180.10256005486852,UNDER
CCT5,40,7.1317,6.9646,4.6476,True,175.01918948433212,UNDER
PCNA,73,7.0535,6.9607,6.1866,True,173.03281553679173,UNDER
TEX10,146,6.9769,6.9294,8.5841,True,174.2748709861358,UNDER
ATP6V0C,61,7.0397,6.9287,5.6519,True,183.52272511411206,UNDER
RPS14,69,7.026,6.9276,5.994,True,178.31784196734492,UNDER
CCT7,104,6.9863,6.9203,7.2887,True,183.0086894857471,UNDER
SUPT6H,26,7.175,6.9188,3.7757,True,180.62197821194422,UNDER
ATP6V1F,36,7.0874,6.9005,4.3837,True,188.76911854139837,UNDER
THUMPD1,29,7.1236,6.8925,3.9577,True,174.42439235264126,UNDER
CPEB1,87,6.971,6.8921,6.6644,True,172.9327317025258,UNDER
EIF4A3,202,6.917,6.882,9.9491,True,186.92875180995614,OVER
GLB1,50,7.006,6.87,5.0988,True,176.78703946976148,UNDER
EXOSC2,107,6.919,6.8541,7.3193,True,182.7314172565563,UNDER
PRPF40A,34,7.0469,6.8478,4.2368,True,180.15018655175223,UNDER
ATP6V0B,49,6.985,6.8458,5.033,True,189.31565982310067,UNDER
ATP6AP2,123,6.8705,6.8135,7.7787,True,188.0977301585225,UNDER
NOC4L,59,6.922,6.8052,5.4668,True,179.06562530874558,UNDER
ZNF236,177,6.8328,6.7925,9.2249,True,182.06773459634414,UNDER
RPP30,76,6.8749,6.7834,6.1506,True,180.40668327913752,UNDER
RPS2,84,6.8588,6.7757,6.4452,True,189.9363767489107,UNDER
CSE1L,217,6.799,6.7657,10.1194,True,190.65111835236846,OVER
ICE1,44,6.9134,6.7566,4.7231,True,192.70098598046172,UNDER
MED29,31,6.9706,6.7496,4.0031,True,188.29437209229866,UNDER
TIMM23B,260,6.7749,6.7468,10.9861,True,195.64095783308971,OVER
NMD3,76,6.8356,6.7436,6.1154,True,187.799106413979,UNDER
EIF3CL,407,6.7598,6.7412,13.5025,True,193.1749509233852,OVER
NAA38,92,6.8161,6.7397,6.6973,True,192.52173052351353,UNDER
DHX16,71,6.8339,6.7355,5.9127,True,200.21648531972218,UNDER
SRP54,115,6.795,6.7335,7.4454,True,200.14031730763182,UNDER
RPL13A,46,6.8622,6.7111,4.7924,True,191.96032140568647,UNDER
POLR1D,56,6.824,6.6991,5.2523,True,185.09005929601673,UNDER
TANGO6,86,6.7743,6.6921,6.4397,True,201.82984892508793,UNDER
WDR36,43,6.8283,6.6659,4.6122,True,188.57466415185763,UNDER
EXOSC3,80,6.7458,6.6572,6.1891,True,192.91126911854317,UNDER
NOC3L,80,6.7235,6.6346,6.1686,True,188.49875846437754,UNDER
TERF2,68,6.7347,6.6304,5.7044,True,189.69103003282993,UNDER
THAP1,172,6.6676,6.6252,8.8787,True,197.73349606771325,UNDER
SRFBP1,47,6.7412,6.5906,4.7582,True,191.10235429084784,UNDER
GRPEL1,73,6.6719,6.5737,5.8519,True,206.55692969580429,UNDER
NSA2,75,6.6628,6.5671,5.9222,True,194.64128799950467,UNDER
RRM2,44,6.7176,6.5562,4.5893,True,208.1446695543031,UNDER
BUD13,27,6.8142,6.554,3.6538,True,213.64942963398386,UNDER
NOC2L,26,6.8226,6.5526,3.5903,True,192.7503574715392,UNDER
KEAP1,89,6.6306,6.5494,6.41,True,216.04081661567525,UNDER
TPX2,116,6.5872,6.5242,7.2482,True,205.92590199717714,UNDER
MYBBP1A,55,6.647,6.5165,5.0708,True,196.26356658699356,UNDER
PRPF18,41,6.6614,6.4866,4.3945,True,213.35910964865627,UNDER
RBM19,37,6.668,6.4744,4.1807,True,198.93439260073612,UNDER
DDX24,25,6.7532,6.4692,3.4852,True,198.64277615629473,UNDER
CCT4,82,6.5574,6.4683,6.0896,True,210.6563622629174,UNDER
UTP20,77,6.5525,6.4577,5.9,True,197.28086409214205,UNDER
MARS,39,6.6145,6.4294,4.2568,True,219.700365796057,UNDER
NOL10,40,6.5619,6.38,4.2763,True,206.010470945439,UNDER
HNRNPK,49,6.5113,6.3617,4.6917,True,223.4160825292615,UNDER
RPP40,32,6.5675,6.3398,3.8315,True,209.38704793094462,UNDER
URB2,89,6.418,6.3341,6.2045,True,207.91115126729346,UNDER
MCM6,104,6.3988,6.3266,6.6758,True,213.3456043149051,UNDER
TMA16,31,6.5544,6.3188,3.7641,True,213.47199791095525,UNDER
NOL12,62,6.4136,6.2935,5.1907,True,211.62615454276386,UNDER
TFPT,37,6.477,6.2775,4.0609,True,216.31435931061213,UNDER
NUP62,47,6.4288,6.2707,4.5377,True,223.12252306390005,UNDER
EIF3E,30,6.4962,6.2505,3.6704,True,222.82086551206842,UNDER
DDX27,99,6.3231,6.2464,6.4398,True,213.76437963716546,UNDER
TAF12,49,6.3983,6.246,4.6103,True,232.93066419199434,UNDER
INTS7,47,6.4016,6.2429,4.5186,True,226.91222141539586,UNDER
RPA3,81,6.319,6.2254,5.8329,True,225.24409998788173,UNDER
RIOK1,55,6.3596,6.2231,4.8516,True,225.31152494057747,UNDER
MCM2,39,6.4095,6.2183,4.1249,True,216.56674589236235,UNDER
EXOSC8,74,6.2899,6.1871,5.554,True,224.98758041611893,UNDER
SEC61A1,101,6.2569,6.1809,6.435,True,234.658085641439,UNDER
WDR3,72,6.2793,6.1735,5.4703,True,217.47512998595386,UNDER
POP7,58,6.2959,6.1651,4.9306,True,218.52067182890707,UNDER
DKC1,39,6.3345,6.1409,4.0766,True,221.5664751088986,UNDER
UTP3,28,6.3895,6.1214,3.4885,True,227.92084372754633,UNDER
CHAF1B,46,6.2851,6.1199,4.3894,True,227.6382082809207,UNDER
SUGP1,26,6.4047,6.1163,3.3704,True,233.32403795424497,UNDER
DERL2,67,6.2291,6.1145,5.2378,True,237.26494549959543,UNDER
SPOUT1,36,6.3202,6.1099,3.9092,True,225.1032533209842,UNDER
RPS19BP1,62,6.2209,6.0969,5.0347,True,224.57170980347271,UNDER
PSMB6,56,6.2316,6.0946,4.7964,True,240.60676935058743,UNDER
CENPP,52,6.2343,6.0869,4.626,True,229.03602559107497,UNDER
EXOSC9,40,6.257,6.0659,4.0776,True,235.68313440517755,UNDER
HSPA5,141,6.1044,6.0482,7.385,True,255.1834930776325,UNDER
RPS4X,44,6.2144,6.0396,4.2456,True,231.98841810557903,UNDER
MED21,62,6.1578,6.0325,4.9836,True,240.36062969357388,UNDER
UBL5,80,6.1263,6.0286,5.6207,True,242.97708526743367,UNDER
HSPE1,78,6.1152,6.0148,5.5412,True,248.31091526966424,UNDER
KRR1,35,6.2268,6.0071,3.7979,True,233.45058721534457,UNDER
CDT1,87,6.0907,6.0002,5.8228,True,235.8859603385519,UNDER
PPIL4,26,6.2784,5.9839,3.3039,True,251.70731223035057,UNDER
COX5A,32,6.2189,5.978,3.6282,True,245.20290439113626,UNDER
TRMT112,59,6.0893,5.9562,4.8091,True,247.57700155900403,UNDER
SNIP1,35,6.1753,5.9537,3.7665,True,251.21102527556826,UNDER
SLC7A6OS,49,6.1124,5.9528,4.4043,True,251.54942793049563,UNDER
DDX52,92,6.0189,5.9322,5.9139,True,236.3519787144423,UNDER
SCFD1,49,6.0799,5.9194,4.3808,True,253.87069600944292,UNDER
EXOSC4,115,5.9697,5.8995,6.5411,True,250.5981202423201,UNDER
C18orf21,32,6.1409,5.8969,3.5827,True,242.9577453158266,UNDER
RPL37,50,6.0453,5.887,4.3996,True,242.73190187405734,UNDER
HMGCS1,56,6.0251,5.8833,4.6374,True,260.3631705951393,UNDER
POLR2F,69,5.9888,5.873,5.1091,True,257.94512599010085,UNDER
RRN3,71,5.9472,5.8338,5.1455,True,252.70325792725586,UNDER
URB1,69,5.95,5.8334,5.0761,True,248.95364519482283,UNDER
WDR33,57,5.9729,5.8323,4.6376,True,257.2970774480503,UNDER
TAF7,51,5.9834,5.8266,4.3974,True,259.7393757079596,UNDER
EIF5A,54,5.9611,5.8125,4.5065,True,262.9472399211259,UNDER
GMPS,27,6.1016,5.8096,3.2717,True,252.12676287396025,UNDER
GEMIN5,45,5.9814,5.8036,4.1321,True,271.69554841713347,UNDER
POLR2D,82,5.902,5.8029,5.4809,True,268.8786243952612,UNDER
NOM1,118,5.8603,5.7905,6.5023,True,250.2515940905568,UNDER
ATF5,48,5.9482,5.7806,4.2425,True,262.802296031748,UNDER
POLR3D,52,5.9227,5.7673,4.3948,True,270.22676439902483,UNDER
DIMT1,72,5.8722,5.7589,5.1157,True,259.9354860971165,UNDER
ORC1,58,5.8968,5.7568,4.618,True,257.383494711199,UNDER
YTHDC1,52,5.8847,5.7284,4.3666,True,265.7626921044851,UNDER
GPN1,53,5.8553,5.7011,4.3859,True,278.975640875616,UNDER
USP39,71,5.7941,5.6776,5.013,True,270.29528811066655,UNDER
GNL3L,53,5.8225,5.6674,4.3613,True,269.82295718324474,UNDER
MTBP,64,5.7857,5.6563,4.7563,True,272.6071877364648,UNDER
EIF6,82,5.7423,5.6404,5.3327,True,266.36334987925807,UNDER
KPNB1,63,5.7622,5.6303,4.7005,True,281.3249214405986,UNDER
NCL,81,5.7031,5.5993,5.2645,True,262.5352533599099,UNDER
NDUFA2,31,5.8615,5.5969,3.3662,True,287.273697173107,UNDER
NELFA,35,5.83,5.5948,3.556,True,286.2074100675924,UNDER
UTP23,77,5.6948,5.5855,5.1277,True,267.7728650246571,UNDER
RBMX2,109,5.6422,5.5639,6.0229,True,302.25908965245696,UNDER
ZNF84,77,5.6665,5.5566,5.1022,True,288.77619811514774,UNDER
LAS1L,70,5.661,5.54,4.8638,True,275.76539227353027,UNDER
TAF5,54,5.6906,5.5347,4.302,True,314.04923419930464,UNDER
COPS4,52,5.6886,5.5267,4.2211,True,285.8373389552069,UNDER
CHCHD4,54,5.681,5.5248,4.2948,True,299.4043802736701,UNDER
CNOT1,51,5.6687,5.503,4.1662,True,306.9493410724495,UNDER
MED6,36,5.7269,5.494,3.5422,True,296.80041967239526,UNDER
RPS21,41,5.6976,5.4923,3.7587,True,280.7978778927773,UNDER
SMG7,25,5.8156,5.4833,3.0013,True,317.51796675442904,UNDER
PSMD4,33,5.7268,5.4723,3.3925,True,287.1080098631118,UNDER
ZNRD1,60,5.6052,5.4627,4.4636,True,287.9523774410732,UNDER
RABGGTB,81,5.5442,5.4373,5.1178,True,304.55419680936876,UNDER
SPATA5,28,5.7337,5.4333,3.1305,True,294.5996229104534,UNDER
MCM10,34,5.6752,5.426,3.4121,True,307.37972617676127,UNDER
LSM7,64,5.5523,5.4174,4.5644,True,303.96467274556767,UNDER
MAGOH,26,5.7395,5.4157,3.0203,True,307.8677438546591,UNDER
DDX55,124,5.4702,5.3989,6.2177,True,291.61066949538747,UNDER
THOC2,49,5.5686,5.3928,4.0124,True,317.0321722369189,UNDER
RBBP5,47,5.5656,5.3823,3.9285,True,306.813181268245,UNDER
NDUFAB1,61,5.5224,5.3801,4.4337,True,306.3360089206909,UNDER
WDR1,100,5.4644,5.3763,5.5926,True,308.68568662877635,UNDER
TREX2,41,5.5801,5.3703,3.6812,True,307.80635439194754,UNDER
EIF4E,48,5.5464,5.3663,3.9559,True,321.306539015614,UNDER
CHAF1A,25,5.7046,5.3654,2.944,True,300.41645982776424,UNDER
PFDN2,44,5.5464,5.3498,3.7892,True,324.79118378654766,UNDER
RAE1,41,5.5456,5.3344,3.6584,True,303.44110273145276,UNDER
PPIL2,51,5.4854,5.314,4.0314,True,309.85600231159145,UNDER
SMG5,142,5.3768,5.3133,6.5271,True,336.63740480808275,UNDER
NUMA1,38,5.5408,5.3125,3.5202,True,308.9786555292272,UNDER
RAD51,41,5.5036,5.2907,3.6307,True,304.9848587837043,UNDER
SRP68,115,5.3584,5.2801,5.8713,True,334.3783583075982,UNDER
RPS29,90,5.3762,5.2769,5.2259,True,322.7138939359091,UNDER
GINS1,72,5.398,5.2746,4.7026,True,309.39803408044895,UNDER
PMPCB,117,5.3397,5.2625,5.9002,True,331.0449977133362,UNDER
DDX54,74,5.3707,5.2499,4.7423,True,308.1331728981544,UNDER
DCUN1D5,84,5.3437,5.2367,5.0215,True,319.389404657189,UNDER
DDX23,162,5.285,5.2282,6.8375,True,321.93129646499796,UNDER
DAXX,38,5.444,5.2115,3.4587,True,343.02840761416536,UNDER
CWC15,41,5.4173,5.2009,3.5738,True,344.4099588469492,UNDER
SON,57,5.3564,5.1993,4.1589,True,331.3358937228994,UNDER
COPS2,70,5.3229,5.1941,4.5734,True,333.5478572575652,UNDER
DLD,96,5.2864,5.1916,5.3035,True,326.6564603487395,UNDER
RARS,50,5.3642,5.1852,3.9039,True,350.1785954164775,UNDER
ZNHIT6,45,5.3657,5.1668,3.7068,True,322.3274536509386,UNDER
INTS4,52,5.3354,5.1624,3.959,True,336.2978238625462,UNDER
BOP1,110,5.2458,5.1623,5.6248,True,323.6206645735665,UNDER
ANKRD17,26,5.4948,5.1558,2.8916,True,327.95330617511854,UNDER
WDR5,41,5.369,5.1506,3.542,True,350.0599782797317,UNDER
CSNK2B,105,5.2351,5.1474,5.4872,True,338.1299911442369,UNDER
EIF2B1,180,5.1983,5.1461,7.075,True,358.0900835610323,UNDER
LSM5,109,5.226,5.1414,5.5786,True,339.8548913785773,UNDER
INTS11,71,5.2594,5.1308,4.5504,True,321.94531607633166,UNDER
SCAF1,76,5.232,5.1112,4.6808,True,341.9492475694876,UNDER
CTPS1,27,5.4339,5.1038,2.9136,True,348.682696985624,UNDER
ARHGAP6,43,5.3134,5.1029,3.5889,True,332.89532417261364,UNDER
TAF10,45,5.2997,5.0982,3.6612,True,356.3127236350656,UNDER
ATP6V1H,58,5.2545,5.097,4.115,True,349.4836685331225,UNDER
CUL2,66,5.2322,5.0931,4.367,True,338.89768416030114,UNDER
DTL,55,5.2536,5.0875,4.0078,True,323.67669585096047,UNDER
MRPL49,43,5.298,5.0869,3.5785,True,346.54931212544153,UNDER
POLL,54,5.2416,5.0719,3.9626,True,362.1632705742729,UNDER
MED8,64,5.2071,5.063,4.2807,True,354.84381599983067,UNDER
SRSF7,66,5.1917,5.0516,4.3332,True,339.5909422437766,UNDER
ATP5ME,37,5.2869,5.0406,3.3148,True,351.0433712744107,UNDER
UFM1,33,5.3005,5.0246,3.14,True,369.12502843860113,UNDER
ATP5MF,51,5.199,5.0178,3.821,True,368.99338224662796,UNDER
INTS6,32,5.3002,5.0154,3.0922,True,370.5558080535554,UNDER
SLU7,302,5.0474,5.0146,8.7816,True,366.1251294629172,UNDER
RBM8A,28,5.328,5.0033,2.909,True,387.8855089273203,UNDER
SMC1A,72,5.1239,4.9937,4.4638,True,386.1365828950368,UNDER
WDR70,137,5.062,4.9921,6.0391,True,381.6469176274347,UNDER
SLC16A5,47,5.1801,4.9826,3.6563,True,351.8812365225564,UNDER
NUP160,56,5.1473,4.9806,3.9618,True,378.7584377792453,UNDER
NUP54,30,5.2754,4.9696,2.9806,True,335.8704696812959,UNDER
WEE1,31,5.2398,4.942,3.0091,True,365.2606633048101,UNDER
ELOB,60,5.0922,4.935,4.0552,True,393.45155356606006,UNDER
ATP6V1G1,63,5.0816,4.9316,4.1453,True,383.04002374284204,UNDER
MAP2K7,45,5.1297,4.9212,3.5437,True,360.77015470285386,UNDER
CNOT2,26,5.2661,4.9112,2.7712,True,375.61291586690913,UNDER
SF3B1,70,5.0451,4.909,4.3347,True,382.3939116568775,UNDER
XRCC5,35,5.1708,4.904,3.1539,True,360.5125282171783,UNDER
DBR1,66,5.0071,4.8616,4.1791,True,385.7083595413017,UNDER
SNRPC,100,4.9416,4.844,5.0576,True,399.64439648034454,UNDER
GABPB1,39,5.0788,4.8352,3.2685,True,376.55997411572343,UNDER
WDR46,82,4.9488,4.8302,4.5958,True,364.63735126489814,UNDER
FBRSL1,58,4.9839,4.8175,3.903,True,395.4172468705783,UNDER
FCF1,60,4.9682,4.8069,3.9564,True,374.84808086540176,UNDER
MED11,80,4.9186,4.7963,4.5127,True,393.9073731881246,UNDER
MEX3A,32,5.092,4.7948,2.9707,True,391.0944005406961,UNDER
EXOSC5,117,4.8757,4.791,5.3875,True,390.07789070759804,UNDER
MRM1,26,5.151,4.7876,2.7106,True,384.17728438320495,UNDER
NUP107,125,4.8498,4.7699,5.5341,True,407.44563139541475,UNDER
ABT1,95,4.8645,4.7602,4.8553,True,377.5941111537426,UNDER
WARS,33,5.0316,4.74,2.9806,True,421.2770972885857,UNDER
NDUFA3,36,4.9794,4.7096,3.0798,True,421.7708733871998,UNDER
UTP18,89,4.8205,4.7083,4.6602,True,415.2162522109445,UNDER
GLMN,25,5.0873,4.7038,2.6254,True,422.81848205990286,UNDER
YARS,58,4.8626,4.692,3.8081,True,434.080069863323,UNDER
ZC3H13,63,4.844,4.6863,3.9514,True,444.4129532800769,UNDER
E4F1,75,4.8189,4.6857,4.2832,True,400.4767215768147,UNDER
TSR1,166,4.7353,4.6732,6.1987,True,403.79884723862267,UNDER
TBCB,49,4.8645,4.6624,3.5051,True,434.5451086064255,UNDER
RPS10-NUDT3,63,4.816,4.6574,3.9286,True,404.9501740602671,UNDER
URI1,125,4.7242,4.6422,5.3908,True,451.5658349342498,UNDER
PSMB4,63,4.7983,4.639,3.9141,True,406.28888492441575,UNDER
GPKOW,48,4.8392,4.6317,3.4515,True,440.481552758895,UNDER
NAA10,38,4.8819,4.6211,3.1016,True,433.0396109860228,UNDER
GNPAT,27,4.9832,4.621,2.672,True,403.0191902517826,UNDER
TPRKB,39,4.8741,4.6197,3.1367,True,416.3623845514834,UNDER
ATR,86,4.726,4.6074,4.4926,True,420.70567979433974,UNDER
UTP6,71,4.749,4.6062,4.1088,True,413.1485105074783,UNDER
PRPF19,61,4.7671,4.6016,3.8274,True,443.6076791193151,UNDER
WDR74,69,4.7136,4.5656,4.0213,True,413.6888056670202,UNDER
COPS3,31,4.8804,4.5592,2.8028,True,438.89002391519,UNDER
SMNDC1,39,4.8111,4.5532,3.0962,True,441.9910665721524,UNDER
MED20,68,4.7014,4.5507,3.9821,True,449.5583980131476,UNDER
CDC16,43,4.7838,4.5489,3.2312,True,465.99653573317624,UNDER
CPSF6,40,4.7969,4.5448,3.126,True,449.4734527120585,UNDER
HDAC7,42,4.7775,4.5366,3.1896,True,467.28720402373057,UNDER
RBBP8,34,4.8181,4.5219,2.8967,True,434.2507493819799,UNDER
CDC73,61,4.6803,4.5115,3.7576,True,450.8792653620161,UNDER
PYURF,54,4.6846,4.494,3.5415,True,435.6226321533644,UNDER
NDUFB4,30,4.8243,4.488,2.7258,True,457.2778056795731,UNDER
UBA5,28,4.8426,4.4828,2.6439,True,463.64653984944897,UNDER
MED19,108,4.5613,4.4632,4.8472,True,468.73047282855174,UNDER
CCT8,59,4.6379,4.4617,3.6629,True,471.1497569163104,UNDER
NELFE,47,4.6676,4.4474,3.2946,True,495.37824722467093,UNDER
IMPA2,58,4.6269,4.4472,3.6235,True,443.719227067913,UNDER
GTF2H1,40,4.7017,4.4442,3.064,True,487.2555165925035,UNDER
BUD23,30,4.776,4.4359,2.6985,True,476.03008823888223,UNDER
HYPK,32,4.7523,4.4324,2.7725,True,437.2255352802097,UNDER
ATP11B,51,4.6146,4.4094,3.3914,True,472.05834172660053,UNDER
FAM32A,61,4.5741,4.4012,3.6723,True,497.4493079319942,UNDER
CIAPIN1,85,4.5249,4.3994,4.2768,True,462.45809501944296,UNDER
CSTF3,66,4.5541,4.3937,3.8011,True,470.8954681467039,UNDER
ZNF787,53,4.5909,4.3925,3.4388,True,472.7948274248962,UNDER
TNPO3,50,4.6015,4.3916,3.3489,True,465.149618132951,UNDER
UBA52,92,4.4967,4.38,4.4183,True,486.2632541181066,UNDER
CDK1,122,4.4673,4.3784,5.0378,True,484.01647274368503,UNDER
TRNT1,213,4.4042,4.3517,6.4971,True,498.68893026013797,UNDER
IARS,38,4.6227,4.3465,2.9369,True,522.1282615374778,UNDER
CYREN,34,4.6441,4.3361,2.7922,True,500.0910632373535,UNDER
FBXL14,95,4.4388,4.3243,4.4304,True,479.2716927322871,UNDER
GTF2F2,73,4.47,4.3221,3.9206,True,518.1406526235467,UNDER
MRPL41,32,4.6453,4.3175,2.7101,True,499.7223791525904,UNDER
PNN,154,4.3754,4.3031,5.524,True,510.22356625629567,UNDER
SCD,64,4.4715,4.3028,3.6759,True,529.2196700190676,UNDER
HCFC1,31,4.6314,4.2915,2.6597,True,507.5442358000687,UNDER
SKP1,46,4.5091,4.2757,3.1491,True,539.7245713037975,UNDER
GLE1,91,4.394,4.2732,4.2943,True,526.3361539475192,UNDER
UXT,37,4.5555,4.2671,2.8562,True,538.2229557842652,UNDER
RBX1,52,4.4718,4.2639,3.3182,True,536.6348083271262,UNDER
U2SURP,55,4.4559,4.2588,3.3993,True,529.5273005887574,UNDER
EEF2,71,4.4094,4.2552,3.815,True,505.8672721579857,UNDER
GPS1,276,4.2857,4.2435,7.1479,True,508.25167892108715,UNDER
DDX6,46,4.4715,4.236,3.1228,True,539.0111772939545,UNDER
RAN,63,4.4085,4.2346,3.5962,True,552.4981967392539,UNDER
SRSF1,25,4.6505,4.2275,2.4,True,537.9908104844855,UNDER
ABCF1,89,4.3475,4.2226,4.2028,True,537.807456872508,UNDER
ZNF335,50,4.4375,4.2194,3.2295,True,518.7507616947285,UNDER
COX7C,39,4.4957,4.2187,2.8933,True,539.0741337964344,UNDER
HMX3,44,4.4639,4.2171,3.0496,True,504.5938407157051,UNDER
GTPBP4,135,4.2896,4.2057,5.0812,True,504.20800571225425,UNDER
SNAPC2,35,4.5123,4.2039,2.7522,True,562.6858472461438,UNDER
ZNHIT2,63,4.3756,4.2004,3.5694,True,539.6564765732832,UNDER
EEF1G,26,4.6046,4.1942,2.4231,True,541.7525224396533,UNDER
ELP5,43,4.4307,4.176,2.9927,True,533.3336611226285,UNDER
NOLC1,78,4.3089,4.1652,3.9045,True,518.7984207638553,UNDER
PMF1,110,4.2618,4.1585,4.5697,True,521.0417166345771,UNDER
SNRNP35,35,4.4688,4.1571,2.7257,True,550.3203452292886,UNDER
EIF4A1,38,4.4433,4.1552,2.8229,True,550.5590692476324,UNDER
NFS1,81,4.2814,4.1421,3.9521,True,545.921103196876,UNDER
POLR3B,48,4.3701,4.1391,3.1169,True,566.7169789341399,UNDER
MRPL34,288,4.1765,4.135,7.1066,True,522.5131830884026,UNDER
SLC39A7,33,4.4572,4.1252,2.6404,True,548.0978073327176,UNDER
GTF2E2,444,4.1523,4.1244,8.6297,True,574.5511366101068,UNDER
EXOC7,59,4.2857,4.0944,3.3847,True,552.2809848494372,UNDER
RFC4,34,4.4183,4.0932,2.6564,True,541.2100899767555,UNDER
DDB1,86,4.2168,4.0834,4.0085,True,553.9468550141396,UNDER
PHF10,70,4.2356,4.0725,3.6391,True,547.0752715572856,UNDER
MRPS35,31,4.4282,4.0715,2.5431,True,562.5123419214526,UNDER
UPF2,35,4.388,4.0702,2.6764,True,609.4666731507759,UNDER
CHEK1,61,4.2555,4.0692,3.4166,True,572.3782120937741,UNDER
NIP7,49,4.2978,4.0676,3.0968,True,547.2660141977443,UNDER
NCAPH2,49,4.2956,4.0653,3.0952,True,536.5189454796794,UNDER
INTS9,81,4.2009,4.0588,3.8778,True,579.4262050138065,UNDER
RPL36A,61,4.245,4.0581,3.4081,True,561.3130316764,UNDER
CEBPG,35,4.3636,4.0439,2.6615,True,602.6397613774052,UNDER
SF3A2,97,4.1616,4.0417,4.1964,True,582.7441023209545,UNDER
PMPCA,47,4.2809,4.0396,3.0216,True,597.0655752980762,UNDER
NHP2,39,4.3271,4.0385,2.7847,True,543.7276977843214,UNDER
AFG3L2,30,4.4067,4.0357,2.4899,True,611.3681791265722,UNDER
MRPL35,231,4.0764,4.0239,6.2504,True,599.311980432378,UNDER
SNRNP48,52,4.2424,4.0227,3.148,True,583.2135571547702,UNDER
EXOSC7,43,4.2838,4.0199,2.8935,True,597.6658742093148,UNDER
GOSR2,30,4.3813,4.0079,2.4755,True,609.9049905539056,UNDER
SLBP,42,4.2745,4.0035,2.8537,True,597.7561002964297,UNDER
CPSF4,65,4.1563,3.9771,3.443,True,590.603037466535,UNDER
ATRIP,34,4.3098,3.9759,2.5912,True,598.689598985123,UNDER
TOPBP1,31,4.3382,3.9734,2.4914,True,581.5222733788612,UNDER
TP53RK,34,4.2662,3.9286,2.565,True,617.3843563621618,UNDER
TTI1,30,4.3054,3.9248,2.4326,True,627.231207014176,UNDER
DHX33,30,4.2977,3.9163,2.4282,True,587.1332742604847,UNDER
PHF5A,51,4.1448,3.9151,3.0461,True,605.3221407987812,UNDER
RBM17,34,4.2451,3.9057,2.5523,True,615.5488639033416,UNDER
ZMAT2,142,3.9859,3.8999,4.8386,True,641.9369974137672,UNDER
SKA3,47,4.1454,3.8958,2.926,True,611.1372458160588,UNDER
PRPF6,112,4.0029,3.8946,4.3299,True,641.0141357689134,UNDER
INTS3,68,4.0678,3.8927,3.4455,True,653.9793029717524,UNDER
PCBP1,67,4.0561,3.8778,3.4106,True,647.7596456268133,UNDER
PCF11,43,4.1459,3.8726,2.8004,True,646.1083063224182,UNDER
NBAS,31,4.2419,3.8681,2.4361,True,639.8550285547639,UNDER
ZBTB14,42,4.1449,3.8648,2.7672,True,680.615239651133,UNDER
TARS,42,4.1388,3.8583,2.7632,True,633.8665488605299,UNDER
KIF18B,69,4.0322,3.858,3.4399,True,624.8554521128071,UNDER
RSL1D1,138,3.9441,3.8547,4.7221,True,622.9940575804164,UNDER
SDC1,61,4.0489,3.8526,3.2507,True,629.7442443489942,UNDER
TONSL,75,4.0124,3.8514,3.5663,True,631.241882064814,UNDER
CDC26,26,4.2782,3.833,2.2513,True,672.3900200338842,UNDER
SLC2A8,62,4.0262,3.832,3.2585,True,651.8877868354824,UNDER
UPF1,37,4.1481,3.8292,2.6008,True,696.1871398689565,UNDER
DCLRE1B,37,4.1402,3.8206,2.5958,True,653.591959994468,UNDER
PPP1R10,25,4.2774,3.8133,2.2075,True,645.9492474183031,UNDER
LSM3,38,4.1213,3.8088,2.6183,True,670.6186012183016,UNDER
FNTA,152,3.8748,3.792,4.8612,True,675.3718604636579,UNDER
PRPF4B,39,4.0897,3.783,2.6319,True,652.6374769962393,UNDER
UHRF1,53,3.997,3.7675,2.9939,True,656.8436063710739,UNDER
MRPL10,35,4.1074,3.766,2.5052,True,683.5687020990223,UNDER
MMP17,51,4.0017,3.7633,2.941,True,648.425729106727,UNDER
MMS22L,39,4.0688,3.7604,2.6185,True,676.5048072436302,UNDER
ARRB2,30,4.1524,3.7564,2.3462,True,677.4909583816017,UNDER
RBM42,61,3.9533,3.7519,3.1739,True,661.0080180137163,UNDER
SUDS3,32,4.1215,3.7481,2.4045,True,680.4654388655546,UNDER
BUD31,28,4.1715,3.7479,2.2775,True,718.3419386495758,UNDER
MEIS3,48,4.0004,3.7467,2.8533,True,716.0436079783418,UNDER
SDR39U1,30,4.1427,3.7456,2.3407,True,643.066057986859,UNDER
POP5,84,3.8867,3.7382,3.6523,True,646.413894558427,UNDER
UBE2I,69,3.9146,3.735,3.3396,True,753.0759618210375,UNDER
TEFM,26,4.1904,3.7347,2.2051,True,706.2408157339071,UNDER
MED14,187,3.7947,3.7255,5.2601,True,707.6490831593668,UNDER
CDC45,28,4.149,3.7229,2.2653,True,660.7592966667572,UNDER
PUF60,68,3.9015,3.7186,3.3046,True,721.5585704540367,UNDER
LAMB1,30,4.1173,3.7175,2.3263,True,672.5605736123524,UNDER
ACTR10,25,4.1867,3.7113,2.1606,True,716.9859794930071,UNDER
STAT5B,81,3.8629,3.7079,3.5658,True,733.1633751917062,UNDER
XRCC6,33,4.0739,3.7077,2.4133,True,690.9902726309007,UNDER
SNRNP27,44,3.9663,3.6863,2.7097,True,718.0863706690722,UNDER
SAE1,43,3.9712,3.685,2.6824,True,788.1086114476402,UNDER
CPSF3,178,3.7526,3.6792,5.0801,True,698.5065751589518,UNDER
C1QBP,29,4.0915,3.6743,2.2731,True,757.5798214583525,UNDER
NUTF2,93,3.8105,3.6735,3.7639,True,784.2858967417262,UNDER
NDUFA6,35,4.0224,3.6732,2.4534,True,733.0376630743991,UNDER
COPS5,39,3.9824,3.6668,2.5629,True,716.2662512693078,UNDER
NUDC,61,3.87,3.6641,3.1071,True,712.4591714710275,UNDER
HNRNPC,67,3.8505,3.6622,3.2377,True,713.632079131857,UNDER
NUP153,93,3.7907,3.653,3.7444,True,733.1835044847907,UNDER
CCNQ,26,4.1095,3.6437,2.1625,True,777.7376902259642,UNDER
ANAPC2,51,3.8707,3.6237,2.8448,True,763.9823449674054,UNDER
SUPV3L1,28,4.0598,3.6232,2.2166,True,772.0986189695525,UNDER
MAX,44,3.9002,3.6151,2.6645,True,769.7498411260674,UNDER
PDRG1,47,3.8779,3.6099,2.7372,True,780.161357238832,UNDER
MYBL2,112,3.7112,3.5942,4.0144,True,713.3152226523744,UNDER
PRRC2A,41,3.8946,3.5875,2.5693,True,736.5063622235958,UNDER
CHD4,33,3.9612,3.5835,2.3466,True,827.8262728373737,UNDER
SART3,332,3.6195,3.5775,6.5816,True,781.6423804466386,UNDER
MRPL27,44,3.8553,3.5666,2.6339,True,789.8266958847925,UNDER
EIF3J,43,3.8602,3.565,2.6073,True,816.1333294288195,UNDER
MRGBP,106,3.6865,3.5621,3.882,True,818.2906438086044,UNDER
TWSG1,29,3.9885,3.5593,2.2159,True,768.293743778444,UNDER
DDX20,42,3.8566,3.5538,2.5747,True,852.0324824855682,UNDER
SUPT16H,50,3.8076,3.5511,2.7711,True,740.3475677451116,UNDER
NOB1,80,3.7138,3.5502,3.4073,True,728.0918995700596,UNDER
SYS1,57,3.7623,3.535,2.9212,True,733.3808295053745,UNDER
RFC3,52,3.7809,3.5326,2.8055,True,767.5863885285131,UNDER
MCM3,133,3.6218,3.5205,4.2592,True,759.4079268914498,UNDER
HINFP,27,3.9763,3.5118,2.1321,True,784.4869037911243,UNDER
ATP6V1E1,29,3.9459,3.5114,2.1922,True,836.3242866267504,UNDER
RANGAP1,61,3.7225,3.508,2.9887,True,788.5879236781777,UNDER
UBA2,106,3.6325,3.5062,3.8252,True,888.0996324015317,UNDER
ILF2,49,3.769,3.5042,2.7158,True,767.148137596684,UNDER
MRPS5,51,3.7591,3.5042,2.7627,True,809.4725740009068,UNDER
DNMT1,70,3.6858,3.4972,3.1668,True,768.6525894675541,UNDER
EIF4G1,29,3.9294,3.4929,2.1831,True,844.6199892751589,UNDER
NDUFB8,35,3.8579,3.4922,2.3531,True,822.9846825211291,UNDER
ACTB,39,3.8178,3.4873,2.457,True,839.7836370008614,UNDER
MRPL24,44,3.7639,3.4677,2.5714,True,826.0423369034096,UNDER
PRPF38A,33,3.8495,3.4596,2.2804,True,866.5147151287459,UNDER
SUGT1,43,3.7584,3.4545,2.5386,True,866.1946473831704,UNDER
ARID3A,30,3.8767,3.4491,2.1904,True,836.1010348210003,UNDER
PPP1R11,39,3.7611,3.4251,2.4205,True,883.6717431967252,UNDER
ACTR5,34,3.8071,3.4245,2.2889,True,880.431223984383,UNDER
PNPT1,46,3.701,3.4127,2.5847,True,878.6944575862408,UNDER
TOMM22,75,3.5913,3.4105,3.1921,True,873.9616526944302,UNDER
ALG11,27,3.8862,3.4095,2.0838,True,859.6737674090585,UNDER
MRPL17,27,3.8825,3.4053,2.0818,True,924.7503873576304,UNDER
ORC6,46,3.6636,3.3722,2.5586,True,838.5842263144336,UNDER
TFRC,66,3.5751,3.3684,2.984,True,873.3070850357759,UNDER
DNAJA3,59,3.5959,3.3656,2.8399,True,926.40730556023,UNDER
MPHOSPH6,75,3.5482,3.3651,3.1538,True,857.6514208630902,UNDER
SMC4,34,3.7503,3.3613,2.2548,True,838.4167573484312,UNDER
THOC5,70,3.5489,3.3526,3.0492,True,908.3063433686576,UNDER
IPO7,77,3.5124,3.3321,3.1626,True,840.4799474415307,UNDER
PABPN1,52,3.5871,3.3243,2.6617,True,933.2369277391946,UNDER
TPR,79,3.5,3.3238,3.1914,True,982.2161479480692,UNDER
DCTN6,32,3.7273,3.3098,2.1746,True,899.8181123049573,UNDER
GAR1,47,3.5974,3.3067,2.5392,True,890.4204030680264,UNDER
INTS14,117,3.422,3.3002,3.7812,True,949.7295131186912,UNDER
NDUFAF7,31,3.7202,3.2875,2.1364,True,865.7985543008568,UNDER
RPAP3,41,3.6179,3.2851,2.3868,True,1018.9920962731312,UNDER
SRSF2,36,3.6485,3.2707,2.2567,True,936.1234002842097,UNDER
MRPS10,32,3.6849,3.262,2.1498,True,979.3962275574171,UNDER
POLRMT,65,3.4714,3.2548,2.8757,True,1005.4314789845776,UNDER
GINS2,49,3.5369,3.2532,2.5485,True,969.6155527671125,UNDER
HMGCR,28,3.7274,3.2464,2.0351,True,945.6879630448641,UNDER
KDM1A,42,3.5749,3.246,2.3867,True,980.1798859423325,UNDER
WDR18,146,3.3457,3.2455,4.1164,True,989.9482903674104,UNDER
CENPC,28,3.723,3.2413,2.0327,True,965.0238423139801,UNDER
DONSON,25,3.7758,3.2407,1.9486,True,948.3473199817981,UNDER
NFKBIE,28,3.7204,3.2383,2.0312,True,951.8098374571429,UNDER
NCAPG2,36,3.6181,3.2367,2.2378,True,910.58163588668,UNDER
TINF2,46,3.5283,3.2247,2.4641,True,950.358886601398,UNDER
PIAS4,56,3.4716,3.2193,2.6721,True,964.3688057056274,UNDER
ABCB7,63,3.443,3.2173,2.8085,True,936.8625467285698,UNDER
MEMO1,43,3.5386,3.214,2.3902,True,992.7199842975474,UNDER
TMX2,65,3.4246,3.2048,2.8369,True,1042.323644738106,UNDER
TARDBP,232,3.2632,3.1976,5.0137,True,1005.5404204914487,UNDER
CTCF,45,3.5055,3.1927,2.4217,True,976.91851001448,UNDER
PTMA,59,3.4324,3.1903,2.7108,True,934.6708209553682,UNDER
FDPS,26,3.7041,3.1795,1.9492,True,1060.7078009354377,UNDER
PPP6C,408,3.206,3.1668,6.4111,True,1047.98869631933,UNDER
TAF1C,36,3.5465,3.1566,2.1936,True,964.9980780605384,UNDER
ELP3,92,3.3025,3.1418,3.2449,True,1074.9896361529259,UNDER
EXOC8,35,3.5396,3.137,2.1589,True,1172.2719255323154,UNDER
MIS18BP1,71,3.3422,3.136,2.8917,True,962.2653157139833,UNDER
SLC25A10,49,3.4024,3.1065,2.4516,True,1063.6278220020145,UNDER
PGPEP1,38,3.4746,3.0977,2.2075,True,1118.5921011270382,UNDER
NOL9,35,3.5027,3.0954,2.1364,True,1078.9424879359265,UNDER
CNOT10,78,3.2845,3.0936,2.9762,True,1071.3082068525496,UNDER
N6AMT1,25,3.6456,3.088,1.8814,True,1071.2876502657577,UNDER
NRDE2,46,3.3969,3.0804,2.3723,True,1148.668299844417,UNDER
GINS4,78,3.2634,3.0711,2.9571,True,1126.2416650026648,UNDER
ZNF559,31,3.5296,3.0701,2.027,True,1180.7816087766723,UNDER
MRPL36,297,3.1202,3.0659,5.3863,True,1153.8371123039856,UNDER
SPATA5L1,34,3.4773,3.0537,2.0906,True,1130.1399175782217,UNDER
PAXBP1,70,3.267,3.0527,2.807,True,1249.6469452095719,UNDER
ZNF574,57,3.3123,3.0516,2.5718,True,1050.2601230012574,UNDER
GEMIN4,28,3.5575,3.0498,1.9423,True,1171.458431618269,UNDER
ENY2,72,3.2534,3.0441,2.8342,True,1216.646666814217,UNDER
SHOC2,52,3.3275,3.0424,2.4691,True,1171.4158958687958,UNDER
SRP72,174,3.1264,3.0359,4.1863,True,1159.8252790007778,UNDER
KIAA0586,33,3.4699,3.0316,2.0555,True,1098.2165966344794,UNDER
CTNNBL1,33,3.4658,3.0269,2.0531,True,1140.035329269281,UNDER
SSU72,186,3.0943,3.0086,4.2782,True,1210.8267804352668,UNDER
CAD,26,3.5529,3.002,1.8697,True,1158.468304374518,UNDER
PSMG4,27,3.5338,3.0016,1.8948,True,1170.8115351503711,UNDER
RAC3,82,3.1859,2.9984,2.9586,True,1222.2233372430921,UNDER
SPCS2,28,3.5093,2.9934,1.916,True,1256.8018155827488,UNDER
DCTN2,66,3.2165,2.9851,2.6847,True,1160.365232665084,UNDER
SCAP,86,3.1641,2.9842,3.0079,True,1158.4158221025284,UNDER
SEM1,87,3.1603,2.9822,3.0213,True,1278.1972330922056,UNDER
IPO9,39,3.3487,2.9664,2.1551,True,1195.2963151442682,UNDER
GARS,72,3.1753,2.9606,2.7663,True,1293.006146260934,UNDER
MRPL51,33,3.4078,2.9603,2.0187,True,1253.5515239980255,UNDER
TCOF1,108,3.1012,2.955,3.2956,True,1210.6216274403832,UNDER
MRPS26,39,3.3368,2.953,2.1474,True,1191.1330012067804,UNDER
RPS10,44,3.2955,2.9526,2.2514,True,1218.7806888764005,UNDER
ILF3,35,3.3752,2.9503,2.0587,True,1254.2890658431713,UNDER
SACM1L,25,3.522,2.9411,1.8176,True,1189.4073953452294,UNDER
NFYC,83,3.1286,2.9398,2.9228,True,1279.7886244711722,UNDER
PLK4,186,3.0247,2.937,4.1821,True,1236.169188061839,UNDER
ANAPC5,56,3.2052,2.9301,2.467,True,1370.4120230279686,UNDER
TARS2,50,3.2221,2.9144,2.345,True,1346.910555368001,UNDER
PPP1R15B,29,3.4232,2.9118,1.9019,True,1358.2916847380545,UNDER
HSPA8,57,3.1838,2.9116,2.472,True,1203.4322650815905,UNDER
SUPT20H,71,3.1293,2.908,2.7074,True,1354.910208341187,UNDER
HPS5,32,3.373,2.9051,1.9679,True,1392.15529251017,UNDER
WBP11,60,3.1634,2.9035,2.5191,True,1304.1451699073848,UNDER
PLK1,42,3.2657,2.9019,2.1803,True,1300.7321961350626,UNDER
USP37,42,3.2636,2.8996,2.1789,True,1359.4119130220247,UNDER
CCDC174,39,3.2749,2.8828,2.1076,True,1368.5123771097306,UNDER
CSDE1,42,3.2384,2.8712,2.1621,True,1397.9342662299132,UNDER
ALG2,39,3.2637,2.87,2.1004,True,1322.5426184769883,UNDER
GTF3A,39,3.261,2.867,2.0987,True,1412.28515124227,UNDER
CARF,44,3.2187,2.8666,2.199,True,1251.3515876158558,UNDER
DCTN4,58,3.1375,2.8659,2.4571,True,1328.1271997595243,UNDER
TAF13,114,3.0058,2.8627,3.2796,True,1403.0293038435177,UNDER
PHAX,87,3.0468,2.8616,2.9128,True,1356.3881946813158,UNDER
COMTD1,37,3.2751,2.8605,2.0534,True,1291.7127052459787,UNDER
ACTR8,62,3.115,2.8594,2.521,True,1300.983897784115,UNDER
MRPS34,47,3.1889,2.8569,2.2508,True,1407.413748399968,UNDER
KDM6A,83,3.0507,2.8568,2.85,True,1301.0951360310783,UNDER
DDX5,85,3.0412,2.8512,2.8745,True,1306.4931460938528,UNDER
TACC3,64,3.0893,2.8398,2.5397,True,1352.0510493866086,UNDER
PRMT5,91,3.0165,2.8377,2.9481,True,1309.395584101438,UNDER
STIL,98,3.0026,2.8359,3.0429,True,1366.0908439018,UNDER
CUL3,27,3.3917,2.8329,1.8186,True,1436.0555229903578,UNDER
NFRKB,58,3.1057,2.8311,2.4322,True,1343.872330057682,UNDER
CUL1,48,3.1553,2.8267,2.2505,True,1539.279075737307,UNDER
TAF6,43,3.1901,2.8258,2.1548,True,1464.6790839320042,UNDER
THOC3,26,3.4035,2.8236,1.7911,True,1390.9666763131581,UNDER
LONP1,48,3.1508,2.8216,2.2472,True,1511.214804661406,UNDER
MED26,30,3.33,2.8207,1.8815,True,1439.0637991768535,UNDER
MBD3,29,3.3414,2.8152,1.8564,True,1429.2835979100787,UNDER
FOLR3,90,2.9857,2.8029,2.9022,True,1316.128864234042,UNDER
RBM39,77,3.0116,2.7993,2.7116,True,1321.672254113304,UNDER
PXN,47,3.1365,2.7983,2.2139,True,1476.7856627594142,UNDER
RRP9,77,3.0042,2.7913,2.705,True,1340.322982129416,UNDER
MCMBP,127,2.9227,2.7904,3.3609,True,1432.4626426847117,UNDER
STX5,49,3.1143,2.788,2.244,True,1510.071121893753,UNDER
MRPL54,42,3.1568,2.7788,2.1076,True,1391.630940585691,UNDER
AP2M1,40,3.1702,2.7741,2.066,True,1465.7270656183643,UNDER
RFC2,47,3.1149,2.7741,2.1987,True,1429.4796271675539,UNDER
ZNF143,36,3.2102,2.7734,1.9856,True,1494.1407099520584,UNDER
EIF5,45,3.1145,2.7576,2.1515,True,1578.3853843727736,UNDER
MRPS21,73,2.981,2.7543,2.6146,True,1558.0223803202061,UNDER
NUDCD3,153,2.8604,2.7478,3.6,True,1485.784553472146,UNDER
AGBL5,45,3.1046,2.7465,2.1447,True,1560.9109603761922,UNDER
NELFB,91,2.93,2.7455,2.8635,True,1633.7984234810906,UNDER
MRPS23,37,3.1725,2.7425,1.9891,True,1528.2458483114294,UNDER
MLLT6,116,2.8824,2.7354,3.1716,True,1473.663265577342,UNDER
RNMT,45,3.0942,2.7347,2.1375,True,1668.4628763698643,UNDER
DCTN3,68,2.9758,2.7316,2.5206,True,1530.490755513963,UNDER
STRAP,36,3.1733,2.7306,1.9628,True,1539.468631537078,UNDER
MRPL16,44,3.0956,2.7277,2.1149,True,1501.7360813003017,UNDER
NELFCD,46,3.0727,2.7187,2.1459,True,1665.5738706494985,UNDER
ADAM10,146,2.8368,2.7179,3.4903,True,1550.5057005136882,UNDER
MRPS9,27,3.2936,2.7147,1.766,True,1550.4224025267993,UNDER
BET1,31,3.2168,2.7048,1.8474,True,1620.8985029538524,UNDER
ELP6,33,3.1855,2.7014,1.887,True,1535.824266868005,UNDER
AKIRIN2,78,2.9171,2.7003,2.6433,True,1480.3711622866458,UNDER
TIMM13,65,2.9462,2.6875,2.4406,True,1741.2906731321877,UNDER
HNRNPL,170,2.7899,2.6857,3.6942,True,1670.7070569577666,UNDER
POLR2M,67,2.9366,2.685,2.4692,True,1570.4319559187973,UNDER
TMSB10,46,3.0395,2.6811,2.1227,True,1584.4253744864993,UNDER
RNPC3,31,3.1905,2.6734,1.8322,True,1715.9263059457687,UNDER
CHERP,86,2.8673,2.6674,2.7257,True,1593.6457860590656,UNDER
CTU2,49,2.9961,2.6553,2.1589,True,1591.1614650155468,UNDER
KANSL1,42,3.0456,2.6518,2.0333,True,1726.8083608670058,UNDER
INO80D,29,3.198,2.6433,1.7767,True,1601.346579001828,UNDER
SEH1L,73,2.8763,2.6407,2.5228,True,1663.4133471430814,UNDER
TADA1,56,2.937,2.634,2.2606,True,1759.0885836500115,UNDER
BRCA1,43,3.0207,2.6331,2.0404,True,1665.3744290615086,UNDER
YY1,45,3.004,2.6323,2.0752,True,1626.5419398074398,UNDER
INTS10,40,3.045,2.6301,1.9844,True,1743.042076382958,UNDER
PTBP1,50,2.9611,2.623,2.155,True,1798.5836671777508,UNDER
HECTD1,42,3.0175,2.6195,2.0145,True,1703.9044206520398,UNDER
ZNF207,76,2.8448,2.616,2.5451,True,1731.295413203242,UNDER
C7orf26,194,2.6965,2.6017,3.8042,True,1755.5648972181455,UNDER
LRR1,79,2.818,2.5958,2.5695,True,1651.180211971674,UNDER
INO80,31,3.1218,2.5911,1.7928,True,1754.9700620995675,UNDER
C19orf25,36,3.0538,2.5907,1.8888,True,1848.7745837154885,UNDER
CCNC,46,2.9577,2.588,2.0656,True,1920.5279429269847,UNDER
INPPL1,27,3.1862,2.5834,1.7084,True,1710.1170691536288,UNDER
MBTPS1,107,2.7501,2.5826,2.9093,True,1955.1022109759037,UNDER
SUMO2,46,2.9496,2.5787,2.0599,True,1941.3096208807633,UNDER
DDOST,38,3.0177,2.5747,1.9172,True,1803.94732041114,UNDER
MRPL4,26,3.1978,2.572,1.6828,True,1936.4934640991225,UNDER
BAP1,86,2.7782,2.5714,2.641,True,1838.9815576269948,UNDER
GFER,39,3.0039,2.5708,1.9332,True,1750.7791988869917,UNDER
TAF3,61,2.8526,2.5664,2.2903,True,2014.0261766171404,UNDER
TUT1,105,2.7353,2.5636,2.8671,True,1771.7888103789323,UNDER
AHCTF1,60,2.8541,2.563,2.2729,True,1762.4443606859875,UNDER
AURKAIP1,51,2.9014,2.5625,2.1323,True,1781.987667039649,UNDER
HSPH1,27,3.1665,2.5591,1.6979,True,1957.6630612963977,UNDER
MCM5,38,2.9995,2.5534,1.9057,True,1764.3932999975873,UNDER
CENPW,37,3.0099,2.5526,1.8871,True,1771.1415807664332,UNDER
SERBP1,25,3.2025,2.5497,1.6527,True,1821.0037960845234,UNDER
CDCA5,84,2.7556,2.5418,2.5895,True,1877.13186017539,UNDER
CASC3,30,3.0968,2.5413,1.7498,True,2053.5069990793218,UNDER
CMTR2,26,3.1697,2.537,1.668,True,1744.601120943202,UNDER
MRPS25,34,3.0323,2.5354,1.8231,True,1894.932359633231,UNDER
DR1,26,3.1663,2.5327,1.6662,True,1893.0389891417171,UNDER
RINT1,36,3.0029,2.5305,1.8573,True,1961.6360766730415,UNDER
HNRNPDL,38,2.9778,2.5278,1.8918,True,1946.6244080312983,UNDER
DYNC1I2,53,2.8512,2.5193,2.1356,True,1952.367715486747,UNDER
MBTPS2,82,2.7358,2.515,2.5406,True,2107.213694546192,UNDER
ELOF1,31,3.0588,2.5148,1.7566,True,1950.4725845168275,UNDER
MBNL1,92,2.711,2.5127,2.6637,True,1917.17632584354,UNDER
RPL28,26,3.1494,2.5115,1.6573,True,1961.5744967244982,UNDER
THOC1,33,3.0206,2.5048,1.7893,True,2175.55534629569,UNDER
NAF1,95,2.6885,2.4948,2.6834,True,1840.3613478088182,UNDER
PPP1R12A,41,2.9165,2.4916,1.924,True,1892.7479440312604,UNDER
VPS41,66,2.7632,2.49,2.3063,True,1809.9873003240887,UNDER
DESI1,46,2.8719,2.4894,2.0056,True,2054.1687495865363,UNDER
SRBD1,119,2.6447,2.4877,2.9465,True,1820.9810136520182,UNDER
GFM1,575,2.52,2.4833,5.8807,True,1979.0647889980953,UNDER
NDUFS3,30,3.0458,2.4788,1.7209,True,1981.0225572053018,UNDER
COG8,27,3.0985,2.4744,1.6614,True,1989.465019937692,UNDER
ZNHIT1,30,3.0412,2.4731,1.7183,True,2089.835094700623,UNDER
TRAPPC5,96,2.6647,2.4712,2.6733,True,1946.7909859325068,UNDER
FASN,34,2.969,2.4594,1.785,True,2036.5539723920956,UNDER
ARPC4,58,2.7668,2.4546,2.1668,True,2028.3308194738465,UNDER
TMED10,36,2.9387,2.454,1.8176,True,2241.5660086597118,UNDER
SEC61B,33,2.9735,2.4479,1.7615,True,2046.9545053487482,UNDER
PGAM5,35,2.9434,2.4444,1.7953,True,2218.25026876146,UNDER
ATP6V0D1,46,2.8109,2.4188,1.963,True,2064.2847192739373,UNDER
CMTR1,52,2.7626,2.4116,2.0499,True,2091.189956475233,UNDER
HMGB3,31,2.972,2.4085,1.7068,True,2264.859599703927,UNDER
OPA1,38,2.8765,2.4076,1.8275,True,2337.163448980593,UNDER
SETD5,47,2.7894,2.4028,1.9689,True,2189.3074298952806,UNDER
MRPL46,26,3.0613,2.4002,1.611,True,2363.628495379523,UNDER
FAM136A,260,2.4744,2.3963,4.0125,True,2184.2874342482523,UNDER
FEN1,28,3.0139,2.3935,1.6455,True,2140.9868984462314,UNDER
HDAC3,35,2.8893,2.3791,1.7623,True,2407.1824085890676,UNDER
TCERG1,30,2.9611,2.374,1.6731,True,2246.230862755703,UNDER
DDX46,143,2.5047,2.3663,3.0508,True,2385.8585261510234,UNDER
TRA2B,32,2.9218,2.3662,1.7046,True,2091.3460998973537,UNDER
U2AF2,31,2.9368,2.3649,1.6866,True,2396.856066741529,UNDER
NAA25,80,2.6007,2.3613,2.3861,True,2304.0393134446945,UNDER
TUBGCP4,38,2.8356,2.3586,1.8015,True,2487.767064068826,UNDER
ZDHHC7,418,2.4083,2.3569,4.8694,True,2350.3074724484986,UNDER
MRPL39,43,2.7712,2.3426,1.8718,True,2624.2539216658247,UNDER
UBE2N,38,2.8212,2.3412,1.7923,True,2314.144478046426,UNDER
TSEN2,51,2.7052,2.338,1.9881,True,2530.663572359569,UNDER
SMUG1,41,2.786,2.3375,1.8379,True,2204.2839604730834,UNDER
WDTC1,47,2.7298,2.3334,1.9268,True,2381.809827575408,UNDER
IMPDH2,83,2.5626,2.3283,2.394,True,2379.2806162533097,UNDER
NUP88,176,2.4385,2.3227,3.2833,True,2485.080300879523,UNDER
CHMP4B,34,2.8564,2.3222,1.7174,True,2461.4886402130232,UNDER
CSTF1,233,2.4073,2.318,3.7062,True,2526.983053604103,UNDER
TAF1D,105,2.5007,2.3116,2.6212,True,2297.9465901217814,UNDER
DYNLL1,51,2.682,2.3112,1.9711,True,2287.7499012177,UNDER
RPUSD3,65,2.6013,2.3042,2.1549,True,2543.071432921556,UNDER
POU3F1,151,2.4389,2.304,3.05,True,2485.063558788831,UNDER
COPZ1,51,2.6755,2.3036,1.9663,True,2423.895528922232,UNDER
SIGLEC14,44,2.7271,2.301,1.8631,True,2393.2840708544013,UNDER
MOB4,75,2.5506,2.2891,2.2671,True,2491.36501511779,UNDER
POLR3F,51,2.661,2.2868,1.9557,True,2712.366878680886,UNDER
HTATSF1,26,2.97,2.2825,1.5629,True,2688.5537496867278,UNDER
POLR3C,31,2.8629,2.2724,1.6441,True,2656.7010947961885,UNDER
UFL1,55,2.6189,2.2673,1.9979,True,2815.005921109271,UNDER
BAG6,37,2.772,2.2672,1.738,True,2869.8483257772623,UNDER
STAG2,32,2.841,2.2657,1.6575,True,2900.240834322746,UNDER
C19orf53,35,2.796,2.2648,1.7054,True,2335.7275128064825,UNDER
ALG1,25,2.9759,2.2586,1.5358,True,2693.389795896909,UNDER
NPM1,43,2.6929,2.2494,1.8189,True,2594.310893987466,UNDER
PSMG3,116,2.4169,2.2395,2.6594,True,2815.527720594143,UNDER
RARS2,76,2.4999,2.2361,2.2365,True,2603.7817630107875,UNDER
GMPPB,32,2.8056,2.2211,1.6368,True,3051.854553135626,UNDER
PPRC1,44,2.6594,2.2203,1.8168,True,3150.525912399038,UNDER
CCND1,35,2.7593,2.2194,1.683,True,2655.3421085829345,UNDER
LIN52,27,2.8984,2.2187,1.5541,True,2686.180690372009,UNDER
EIF3L,40,2.6971,2.218,1.7576,True,3039.723367387713,UNDER
TTC27,33,2.7836,2.2133,1.6489,True,2707.491367594008,UNDER
CLOCK,205,2.3135,2.2081,3.3512,True,3162.620782243263,UNDER
ROMO1,28,2.8588,2.195,1.5608,True,3216.87059101187,UNDER
CDC123,49,2.5912,2.1882,1.8671,True,3303.487963068684,UNDER
TUBGCP5,75,2.4582,2.1856,2.185,True,3264.7102882112645,UNDER
USP8,38,2.6915,2.1833,1.71,True,3008.6712945380723,UNDER
MRPS33,39,2.6779,2.181,1.7234,True,3419.9673241155556,UNDER
GTF2A2,29,2.8265,2.1793,1.5703,True,3353.351764922056,UNDER
CDK9,63,2.4992,2.1779,2.0387,True,3267.2824266933003,UNDER
NAA15,31,2.7836,2.1718,1.5986,True,3261.3277730812642,UNDER
CAST,31,2.783,2.171,1.5982,True,3009.2964295424154,UNDER
NUP133,199,2.2743,2.1638,3.2479,True,3380.2221936461833,UNDER
UBE2L3,44,2.6121,2.1635,1.7845,True,3024.4545107646363,UNDER
RBM14-RBM4,249,2.2488,2.1589,3.5729,True,3395.949362271251,UNDER
OGFOD1,53,2.5339,2.1537,1.898,True,3098.5877627449977,UNDER
TMEM199,33,2.7361,2.1533,1.6208,True,3022.3874028562054,UNDER
MRPL23,25,2.8928,2.1479,1.4929,False,3253.92432405485,NOT-DETECTABLE
YARS2,30,2.7792,2.1428,1.5703,True,3303.0940153390334,UNDER
DENR,50,2.5448,2.1419,1.852,True,3345.637491548903,UNDER
ELL,207,2.2447,2.1369,3.2666,True,3145.263067390114,UNDER
RRP15,42,2.6063,2.1329,1.74,True,3079.988911452936,UNDER
SASS6,58,2.4799,2.1259,1.9421,True,3332.97495824043,UNDER
NUP85,124,2.2961,2.1209,2.6099,True,3641.5507468198653,UNDER
NRBP1,43,2.5862,2.1205,1.7468,True,3190.4445777294736,UNDER
TADA2B,36,2.6665,2.1204,1.6493,True,3752.880072751726,UNDER
TOP1,38,2.6404,2.1199,1.6775,True,3035.2218172269386,UNDER
MRPL32,36,2.6614,2.1141,1.6461,True,3498.547650418891,UNDER
MRPL38,44,2.5704,2.113,1.7561,True,3312.1707074227243,UNDER
BORA,49,2.521,2.1046,1.8165,True,3551.6705516752213,UNDER
METAP1,25,2.8549,2.0966,1.4733,False,3083.3390100008223,NOT-DETECTABLE
DHX30,39,2.6096,2.0966,1.6794,True,3433.9949997552985,UNDER
FOXS1,42,2.5726,2.0915,1.7175,True,3386.4427175232468,UNDER
SNRNP25,30,2.7396,2.0911,1.5479,True,3617.3136195862617,UNDER
FKBP9,70,2.3913,2.0889,2.0545,True,3355.565761252986,UNDER
TUBA1B,71,2.3859,2.0873,2.0643,True,3276.9497888687342,UNDER
TUBB,89,2.3251,2.0824,2.2478,True,3477.588589436375,UNDER
RBM10,158,2.2236,2.0814,2.8423,True,3882.953007859058,UNDER
SS18L2,28,2.7712,2.0797,1.513,True,3325.597613803653,UNDER
NDC1,43,2.5527,2.0795,1.7242,True,3723.2915407824653,UNDER
CDC42,95,2.3071,2.0781,2.3027,True,3610.2486064625114,UNDER
CPSF1,53,2.4647,2.0719,1.8462,True,3902.2824106649027,UNDER
COA5,45,2.5264,2.0705,1.7453,True,3685.8577997451207,UNDER
NAA50,52,2.4632,2.0618,1.8278,True,3683.4330420114065,UNDER
ING3,50,2.4755,2.0591,1.8016,True,3291.6892435952846,UNDER
NDUFA11,34,2.6462,2.0582,1.591,True,3672.9106108644955,UNDER
IK,159,2.1985,2.0555,2.8188,True,3731.533312968871,UNDER
CCNH,87,2.3039,2.0527,2.2026,True,3986.6195249783,UNDER
ZRSR2,34,2.6365,2.0457,1.5852,True,4122.995285816877,UNDER
SRPRB,68,2.3559,2.0387,1.9955,True,3964.866076783483,UNDER
EDC4,45,2.4984,2.0363,1.7259,True,4263.299392113439,UNDER
UQCRC1,46,2.4887,2.0355,1.738,True,3789.601022004248,UNDER
ARGLU1,44,2.5018,2.0289,1.7092,True,3901.2174901726307,UNDER
BUB1,59,2.3879,2.0245,1.8859,True,3450.7585231232715,UNDER
MCM7,58,2.3917,2.0223,1.873,True,3369.283699223811,UNDER
TTC4,34,2.6175,2.0211,1.5737,True,3623.825330504903,UNDER
GABPA,70,2.3317,2.0204,2.0033,True,3922.3163084440716,UNDER
LARS2,35,2.6016,2.02,1.5868,True,3750.037475690157,UNDER
UBE2D3,27,2.7479,2.0181,1.4734,False,3976.6167292633213,NOT-DETECTABLE
RPL36AL,25,2.7973,2.0174,1.4436,False,3972.66562274731,NOT-DETECTABLE
DCTN1,65,2.3489,2.015,1.9458,True,4257.996058352058,UNDER
PGD,27,2.7443,2.0133,1.4715,False,4218.211170515572,NOT-DETECTABLE
SMARCB1,75,2.3062,2.0131,2.0498,True,4188.3485628080525,UNDER
RPS25,26,2.7675,2.012,1.4564,False,4264.022425200015,NOT-DETECTABLE
TMEM242,182,2.1377,2.0089,2.9249,True,4314.213879948996,UNDER
LTBP4,54,2.4012,2.004,1.8153,True,4205.059259005485,UNDER
USP5,91,2.2468,2.0003,2.1959,True,3856.183676512345,UNDER
SYF2,28,2.7109,1.9986,1.4801,False,4458.857402679042,NOT-DETECTABLE
BRF1,56,2.3836,1.9984,1.8346,True,4060.210958258411,UNDER
GAK,30,2.6665,1.9944,1.5066,True,4205.530131738833,UNDER
TUBGCP2,60,2.3522,1.989,1.8732,True,4564.471306311312,UNDER
TSPYL5,49,2.4229,1.986,1.7458,True,4673.993517539785,UNDER
TIMM22,26,2.7407,1.9749,1.4422,False,3779.838344526933,NOT-DETECTABLE
UBR5,37,2.5345,1.9697,1.5891,True,4676.669861438771,UNDER
GRSF1,58,2.3466,1.9688,1.8377,True,4322.908535486058,UNDER
TAF1B,36,2.5469,1.968,1.5753,True,4133.862369192923,UNDER
EEFSEC,48,2.4161,1.9677,1.7233,True,4399.759444893909,UNDER
PET117,42,2.465,1.9577,1.6457,True,3992.6968839356314,UNDER
CPNE7,72,2.2637,1.9511,1.9721,True,4803.1383744069035,UNDER
MAU2,33,2.5789,1.9496,1.5277,True,5150.330942272952,UNDER
KPNA6,51,2.3758,1.9475,1.746,True,4424.530379141143,UNDER
HSD17B10,205,2.064,1.9451,2.9897,True,4683.642427956297,UNDER
ARF4,25,2.7448,1.944,1.4165,False,5322.810366295302,NOT-DETECTABLE
KAT8,36,2.5273,1.9424,1.5632,True,5169.760598744173,UNDER
CENPN,40,2.4749,1.9417,1.6128,True,4645.963029371806,UNDER
WDR77,39,2.4868,1.9415,1.6004,True,4580.020600143637,UNDER
ERCC2,51,2.3682,1.9383,1.7405,True,4931.7266046762625,UNDER
SP1,71,2.256,1.9374,1.9519,True,4646.554228253721,UNDER
WDHD1,55,2.3388,1.9369,1.7842,True,4749.693915220748,UNDER
ZW10,26,2.7122,1.9352,1.4273,False,4356.76154026218,NOT-DETECTABLE
TRMT5,33,2.5675,1.9346,1.521,True,5382.873449298587,UNDER
MRPS17,45,2.4118,1.9291,1.6662,True,5187.387944503486,UNDER
TOMM40,39,2.4756,1.9271,1.5932,True,5441.741638804501,UNDER
SRRM2,37,2.5015,1.9271,1.5684,True,4736.204676879436,UNDER
NDUFS5,27,2.6809,1.9258,1.4375,False,4400.019526144311,NOT-DETECTABLE
PI4KA,196,2.0475,1.9222,2.9029,True,4911.211130574915,UNDER
PABPC4,63,2.2772,1.9191,1.8576,True,4932.814071504032,UNDER
AC118549.1,26,2.6989,1.9165,1.4203,False,4513.027480321978,NOT-DETECTABLE
ZC3H4,54,2.3284,1.9162,1.7602,True,5291.654607593852,UNDER
PPP2CB,58,2.3017,1.915,1.8025,True,4751.105681384203,UNDER
OSTC,37,2.4915,1.9141,1.5621,True,4483.4328607232055,UNDER
INO80C,49,2.3623,1.9117,1.7022,True,4617.694157561958,UNDER
INO80B,36,2.501,1.9082,1.5469,True,4640.015985377955,UNDER
LAMTOR3,27,2.6664,1.9057,1.4297,False,5077.712597609105,NOT-DETECTABLE
SNAPC4,36,2.4975,1.9036,1.5447,True,5568.602316877547,UNDER
FYN,93,2.1529,1.9,2.1266,True,4801.165502907,UNDER
CENPT,63,2.2593,1.8978,1.843,True,5225.986069317806,UNDER
COTL1,52,2.3275,1.8976,1.7271,True,5453.938606496723,UNDER
RBM15,66,2.2325,1.8838,1.8634,True,5807.032521107486,UNDER
HNRNPA1,48,2.3482,1.8837,1.6748,True,5077.585186794459,UNDER
ECD,33,2.5264,1.8796,1.4966,False,5152.640029008906,NOT-DETECTABLE
NAA30,28,2.6229,1.8775,1.432,False,5305.67550462263,NOT-DETECTABLE
PGS1,34,2.5078,1.8769,1.5078,True,4908.2463830111565,UNDER
MIS12,36,2.477,1.8766,1.5321,True,5039.889457889405,UNDER
IST1,47,2.3501,1.875,1.6588,True,4628.576689482854,UNDER
BPTF,220,1.9899,1.8746,2.9811,True,5948.251024958543,UNDER
MRPL3,52,2.2954,1.8581,1.7032,True,5785.053788960067,UNDER
ISCA2,59,2.2466,1.8558,1.7743,True,6067.606866489354,UNDER
LETM1,60,2.2404,1.8554,1.7841,True,5525.521996094027,UNDER
HUWE1,51,2.2956,1.8488,1.6871,True,6385.123708066128,UNDER
MMS19,38,2.4223,1.8413,1.539,True,5463.748723416018,UNDER
SMC6,39,2.4093,1.8412,1.5505,True,5124.23708072428,UNDER
H2AFZ,61,2.2209,1.8388,1.7831,True,5876.940070144717,UNDER
GON4L,58,2.2319,1.8306,1.7479,True,5897.888335239885,UNDER
BRD2,46,2.3235,1.8298,1.6226,True,6013.728668985305,UNDER
ALG13,27,2.6118,1.8285,1.4005,False,5985.812942446453,NOT-DETECTABLE
PRPF39,68,2.1756,1.8274,1.8428,True,5802.198199110342,UNDER
ZMAT5,25,2.6594,1.8214,1.3724,False,5755.876472968881,NOT-DETECTABLE
NDUFAF5,31,2.5157,1.8157,1.4447,False,6863.263534857543,NOT-DETECTABLE
HIPK1,37,2.4166,1.8156,1.5152,True,6092.1546089003505,UNDER
GTF2E1,47,2.3028,1.8154,1.6254,True,6651.784308881246,UNDER
ESYT1,47,2.3006,1.8127,1.6239,True,6473.676015648835,UNDER
RFT1,28,2.5758,1.8111,1.4063,False,6723.651794567904,NOT-DETECTABLE
ESF1,150,1.9799,1.8101,2.468,True,5439.389436969526,UNDER
BTF3,185,1.9489,1.8089,2.6876,True,5817.272962853417,UNDER
PPP1R8,65,2.1736,1.8076,1.8006,True,7598.5532131454875,UNDER
SEC63,26,2.6219,1.8065,1.3798,False,6471.513209336053,NOT-DETECTABLE
DHX37,109,2.0325,1.8037,2.1696,True,5662.52023041431,UNDER
TAF6L,43,2.3333,1.8035,1.576,True,7508.143473532397,UNDER
TNRC6A,80,2.1067,1.8029,1.9329,True,6753.356550929536,UNDER
DOHH,78,2.1137,1.8027,1.9153,True,7118.879762361468,UNDER
ZNF658,32,2.48,1.7923,1.4469,False,5907.071904567789,NOT-DETECTABLE
LSM12,62,2.1721,1.7864,1.7579,True,7621.463009257664,UNDER
SAMD4B,39,2.3635,1.7809,1.521,True,6920.090173442246,UNDER
ZNHIT3,112,2.002,1.7757,2.1655,True,5998.250497570925,UNDER
MRPL37,27,2.5743,1.7745,1.3803,False,7397.180300219366,NOT-DETECTABLE
CCDC59,114,1.9924,1.7691,2.1738,True,6027.645338884538,UNDER
TRAPPC4,36,2.396,1.7682,1.4819,False,7245.684976759202,NOT-DETECTABLE
CDAN1,41,2.3276,1.7663,1.5355,True,6470.028483935542,UNDER
RAMAC,36,2.393,1.7642,1.4801,False,8889.135512458313,NOT-DETECTABLE
MNAT1,63,2.1468,1.7623,1.7512,True,8824.111910245161,UNDER
ACTR1A,36,2.389,1.7588,1.4777,False,7013.779185420393,NOT-DETECTABLE
URM1,37,2.3714,1.755,1.4868,False,8513.101082534162,NOT-DETECTABLE
HMGB1,49,2.2362,1.7535,1.6113,True,7842.484048986694,UNDER
ATP2A2,66,2.1226,1.7521,1.7716,True,7958.815401839952,UNDER
GTF3C4,476,1.8122,1.7512,3.8867,True,6511.627197160436,UNDER
ZNF407,27,2.5579,1.7506,1.3715,False,6377.220700834012,NOT-DETECTABLE
USF2,46,2.2584,1.7464,1.5772,True,8122.138164934332,UNDER
METTL3,63,2.1329,1.7454,1.7399,True,8036.339454478742,UNDER
PPP2R1A,176,1.895,1.7434,2.5515,True,7298.350676038904,UNDER
CENPK,85,2.039,1.743,1.9272,True,6682.708804711552,UNDER
POLR3K,32,2.4416,1.7388,1.4244,False,9480.95064791082,NOT-DETECTABLE
CFL1,30,2.4752,1.7304,1.3985,False,6868.1532618439305,NOT-DETECTABLE
TIMM9,28,2.5189,1.7293,1.3753,False,8300.147721295298,NOT-DETECTABLE
SENP6,27,2.5394,1.7235,1.3616,False,8860.514990749156,NOT-DETECTABLE
PAFAH1B1,27,2.5389,1.7228,1.3614,False,8713.870786797303,NOT-DETECTABLE
ZFR,32,2.4296,1.7219,1.4175,False,9634.964402243744,NOT-DETECTABLE
TFDP1,123,1.9326,1.719,2.1881,True,7088.067584075891,UNDER
ARMC7,57,2.1475,1.7185,1.6674,True,9424.097280476873,UNDER
COG6,48,2.2124,1.7115,1.578,True,7859.1738882036,UNDER
RBM33,41,2.2837,1.708,1.5065,True,8664.408081242227,UNDER
DAP3,52,2.1709,1.7019,1.6108,True,9039.114145097665,UNDER
ZFC3H1,34,2.3788,1.7006,1.4302,False,10439.744653608597,NOT-DETECTABLE
MRPL9,25,2.574,1.6944,1.3284,False,10468.643573337054,NOT-DETECTABLE
MAD2L1,87,1.9902,1.6931,1.9026,True,8412.65206085352,UNDER
PPIH,27,2.5141,1.6859,1.348,False,9549.953736578647,NOT-DETECTABLE
SPCS3,46,2.2066,1.6789,1.541,True,10687.54011999537,UNDER
SRRM1,48,2.177,1.6654,1.5527,True,10478.805804718719,UNDER
WDR44,44,2.2156,1.6632,1.5136,True,9702.906301189536,UNDER
SPAG7,41,2.2449,1.6558,1.481,False,10577.590765939372,NOT-DETECTABLE
EARS2,46,2.1876,1.6539,1.5278,True,10188.911073704467,UNDER
MTOR,71,2.0172,1.6532,1.7453,True,12071.090534582778,UNDER
RPAIN,32,2.3783,1.6487,1.3875,False,12342.727159422127,NOT-DETECTABLE
MRPL50,29,2.4349,1.6397,1.3527,False,12211.110324146055,NOT-DETECTABLE
GET1,27,2.4799,1.6346,1.3297,False,14277.753025100159,NOT-DETECTABLE
SETX,84,1.9501,1.6341,1.8325,True,11526.378379778256,UNDER
CCDC6,384,1.7115,1.6324,3.3287,True,11007.881070075773,UNDER
KAT7,38,2.2668,1.6312,1.4401,False,14066.874229041572,NOT-DETECTABLE
IWS1,33,2.3453,1.6281,1.3893,False,14455.649618439094,NOT-DETECTABLE
SMG6,37,2.2762,1.624,1.4272,False,13399.521404433466,NOT-DETECTABLE
VEZT,29,2.4224,1.6213,1.3459,False,15648.001697541476,NOT-DETECTABLE
SMG1,29,2.4164,1.6122,1.3425,False,13137.308551358907,NOT-DETECTABLE
NUP214,93,1.9032,1.6116,1.88,True,13305.803616512952,UNDER
MRTO4,29,2.416,1.6116,1.3423,False,15229.319713430501,NOT-DETECTABLE
SETD2,29,2.4097,1.6021,1.3388,False,13011.347899896607,NOT-DETECTABLE
EXOC4,44,2.1699,1.6019,1.4824,False,15356.834680899203,NOT-DETECTABLE
NFYB,86,1.9159,1.6012,1.8213,True,11703.797035657932,UNDER
GTF3C2,55,2.0673,1.5986,1.5771,True,13338.568801158906,UNDER
COQ4,40,2.2158,1.5984,1.444,False,12181.930027499051,NOT-DETECTABLE
ZC3H3,63,2.0131,1.5968,1.6421,True,13242.054527643966,UNDER
DDX11,25,2.5103,1.5959,1.2955,False,17644.389350097033,NOT-DETECTABLE
EIF1,54,2.0725,1.5955,1.5668,True,14485.500220199236,UNDER
ANKRD39,31,2.3616,1.5953,1.3562,False,14747.530646259804,NOT-DETECTABLE
EHMT2,88,1.9033,1.5939,1.8298,True,18663.349599249254,UNDER
RNF103,31,2.3602,1.5933,1.3555,False,11260.242935022907,NOT-DETECTABLE
ACSS2,28,2.4259,1.5907,1.3245,False,16401.041300746896,NOT-DETECTABLE
TP53I13,32,2.3383,1.5905,1.3642,False,15504.08409654763,NOT-DETECTABLE
GART,63,2.0074,1.5896,1.6375,True,18033.05570652474,UNDER
ARID5B,35,2.2813,1.5863,1.3914,False,16284.01178667867,NOT-DETECTABLE
ITGB1BP1,37,2.2475,1.5834,1.4091,False,18242.387988593586,NOT-DETECTABLE
PHF12,35,2.2786,1.5823,1.3898,False,15701.966709546137,NOT-DETECTABLE
CIAO1,72,1.9503,1.5767,1.699,True,14775.997410295035,UNDER
TBP,71,1.9542,1.5757,1.6907,True,19287.57745025343,UNDER
VPS35,92,1.8755,1.5754,1.8428,True,14933.483019141875,UNDER
MRPL53,26,2.4678,1.5744,1.2986,False,20048.94389487229,NOT-DETECTABLE
HSPD1,30,2.3665,1.571,1.3371,False,17048.08456353173,NOT-DETECTABLE
LYRM4,39,2.2096,1.5709,1.422,False,11950.280724220876,NOT-DETECTABLE
TUBD1,50,2.0832,1.5657,1.5161,True,15747.053644941981,UNDER
INTS13,139,1.773,1.5655,2.1302,True,21704.512253025194,UNDER
PPP1R2,92,1.8657,1.5637,1.8332,True,19841.360278009073,UNDER
OR2T5,30,2.3526,1.5499,1.3292,False,15616.413794870392,NOT-DETECTABLE
ACTR6,50,2.0704,1.5488,1.5068,True,25174.484704328795,UNDER
RNF31,70,1.936,1.5471,1.6634,True,23658.70300290964,UNDER
CDC20,63,1.9736,1.5467,1.61,True,28152.310745296214,UNDER
GYG1,51,2.0593,1.5457,1.5135,True,18445.43348443288,UNDER
ARL2,64,1.9652,1.5435,1.6156,True,22030.98731266824,UNDER
UXS1,42,2.1494,1.5415,1.435,False,20156.23454336969,NOT-DETECTABLE
ADRM1,44,2.1234,1.5383,1.4507,False,18353.712341458264,NOT-DETECTABLE
LCN10,32,2.302,1.5366,1.343,False,16452.923770368918,NOT-DETECTABLE
BRCA2,103,1.8123,1.5353,1.8819,True,17903.76157764297,UNDER
DSTYK,55,2.0184,1.5348,1.5398,True,19679.490638126896,UNDER
METTL14,33,2.2809,1.5339,1.3512,False,27815.0459560481,NOT-DETECTABLE
GSK3B,56,2.0089,1.5322,1.5462,True,24550.128329733907,UNDER
SRP19,36,2.2253,1.529,1.3764,False,17994.110900313855,NOT-DETECTABLE
CYP2A13,34,2.2592,1.5289,1.3583,False,20079.621675816194,NOT-DETECTABLE
PPP1CB,27,2.4113,1.5285,1.2929,False,21358.2586678042,NOT-DETECTABLE
DICER1,29,2.3539,1.5169,1.3078,False,23787.28340426626,NOT-DETECTABLE
CALR,77,1.875,1.5107,1.6883,True,33333.71844596008,UNDER
PNKP,37,2.193,1.5051,1.3749,False,24738.800159309016,NOT-DETECTABLE
PPME1,40,2.1478,1.5028,1.3997,False,20997.660830705383,NOT-DETECTABLE
RPL29,43,2.107,1.4992,1.4232,False,24484.50493315975,NOT-DETECTABLE
USP9X,37,2.184,1.4919,1.3693,False,37216.18476941658,NOT-DETECTABLE
C1QTNF4,40,2.1367,1.4869,1.3925,False,22220.785038388145,NOT-DETECTABLE
EXOSC10,29,2.3343,1.4864,1.2969,False,30420.18187129516,NOT-DETECTABLE
TRAPPC8,41,2.1203,1.4825,1.3988,False,28384.039428257216,NOT-DETECTABLE
SIRT7,219,1.618,1.4732,2.4187,True,33120.32916908217,UNDER
PDAP1,36,2.1855,1.4705,1.3518,False,82877.04676947696,NOT-DETECTABLE
GET3,25,2.4309,1.4678,1.2545,False,72732.04020217631,NOT-DETECTABLE
FBXO5,28,2.3445,1.4636,1.28,False,62701.00316109564,NOT-DETECTABLE
SLC39A9,39,2.1324,1.4603,1.3723,False,35045.81599575251,NOT-DETECTABLE
RBM48,47,2.0337,1.4591,1.4355,False,118223.93991289411,NOT-DETECTABLE
C9orf78,41,2.1036,1.4585,1.3877,False,73409.53077406673,NOT-DETECTABLE
SNRNP40,61,1.9166,1.4567,1.5387,True,143942.23118730867,GHOST
GMIP,44,2.0637,1.4547,1.4098,False,49920.162356825334,NOT-DETECTABLE
TRMT6,39,2.127,1.4524,1.3688,False,122160.89904592313,NOT-DETECTABLE
ANAPC13,50,1.9985,1.4512,1.4545,False,44914.90944571209,NOT-DETECTABLE
SPTLC1,25,2.4206,1.4507,1.2492,False,54747.71617104108,NOT-DETECTABLE
MALSU1,33,2.22,1.4418,1.3151,False,112971.39205509309,NOT-DETECTABLE
PFN1,61,1.9007,1.4357,1.526,True,58310.64639520578,GHOST
MICOS10,45,2.0361,1.4319,1.4066,False,63768.82761500408,NOT-DETECTABLE
NKAPD1,52,1.9657,1.431,1.4586,False,164104.1483483873,NOT-DETECTABLE
PYROXD1,51,1.9742,1.4303,1.4509,False,233154.79468159773,NOT-DETECTABLE
WDR83OS,41,2.0818,1.4269,1.3734,False,83823.86375936322,NOT-DETECTABLE
TVP23C,29,2.2969,1.4268,1.2761,False,73477.71831715721,NOT-DETECTABLE
TMEM214,217,1.5724,1.4216,2.3403,True,97705.5282465383,GHOST
HSP90B1,55,1.9316,1.4188,1.4736,False,80916.14072330423,NOT-DETECTABLE
MZT1,27,2.3415,1.4158,1.2555,False,inf,NOT-DETECTABLE
FGFR1OP,36,2.1475,1.4135,1.3283,False,490606.30424813234,NOT-DETECTABLE
PALB2,42,2.0589,1.4127,1.3746,False,86787.65887236799,NOT-DETECTABLE
NUB1,72,1.8184,1.4103,1.5841,True,inf,POOL-LIMITED
YEATS4,25,2.3918,1.4021,1.2343,False,inf,NOT-DETECTABLE
CENPH,28,2.3064,1.4017,1.2592,False,168037.7554836464,NOT-DETECTABLE
ISCU,113,1.6759,1.4004,1.8207,True,146598.64128491117,GHOST
EXOC1,39,2.0906,1.3986,1.3454,False,inf,NOT-DETECTABLE
GTF2H4,47,1.9885,1.3953,1.4036,False,inf,NOT-DETECTABLE
GTF3C6,45,2.001,1.3816,1.3824,False,5217514.158352562,NOT-DETECTABLE
RAD51C,31,2.2227,1.3814,1.2764,False,inf,NOT-DETECTABLE
EXOSC1,33,2.1805,1.3802,1.2917,False,259309.42144041372,NOT-DETECTABLE
IPO11,54,1.9093,1.3768,1.4434,False,inf,NOT-DETECTABLE
MCM3AP,51,1.9353,1.3763,1.4223,False,inf,NOT-DETECTABLE
RAD9A,37,2.1066,1.3762,1.3208,False,inf,NOT-DETECTABLE
RFC5,42,2.034,1.3761,1.3579,False,inf,NOT-DETECTABLE
SLC25A3,25,2.3757,1.3746,1.2261,False,inf,NOT-DETECTABLE
TMEM161B,38,2.0895,1.3743,1.3275,False,1221431.0695319234,NOT-DETECTABLE
TADA2A,33,2.1768,1.3743,1.2895,False,inf,NOT-DETECTABLE
RTRAF,102,1.6792,1.3724,1.7353,True,inf,POOL-LIMITED
MRPL28,29,2.2605,1.3675,1.2559,False,inf,NOT-DETECTABLE
RPS27,82,1.739,1.3655,1.615,True,inf,POOL-LIMITED
BARD1,43,2.0124,1.3631,1.3593,False,inf,NOT-DETECTABLE
ANAPC1,70,1.7917,1.3622,1.5394,True,inf,POOL-LIMITED
TBC1D3,32,2.1891,1.3617,1.2771,False,inf,NOT-DETECTABLE
HLA-C,27,2.3081,1.3598,1.2376,False,inf,NOT-DETECTABLE
STRIP1,30,2.2317,1.3594,1.2609,False,inf,NOT-DETECTABLE
EIF4G2,55,1.888,1.3588,1.4403,False,inf,NOT-DETECTABLE
KDM5C,25,2.3627,1.3519,1.2193,False,inf,NOT-DETECTABLE
MPG,31,2.204,1.3511,1.2657,False,inf,NOT-DETECTABLE
KRT10,66,1.8054,1.3505,1.5069,True,1390447.200415906,GHOST
THOC6,54,1.8888,1.3483,1.4279,False,inf,NOT-DETECTABLE
HAUS8,43,2.0019,1.3475,1.3522,False,inf,NOT-DETECTABLE
SPG7,57,1.8624,1.3453,1.446,False,inf,NOT-DETECTABLE
FAM102B,42,2.0125,1.3441,1.3436,False,inf,NOT-DETECTABLE
SIN3A,77,1.7406,1.3402,1.5672,True,inf,POOL-LIMITED
VPS37A,27,2.2965,1.34,1.2314,False,inf,NOT-DETECTABLE
UBE3C,29,2.2392,1.332,1.244,False,inf,NOT-DETECTABLE
MRPS6,55,1.8643,1.3257,1.4222,False,inf,NOT-DETECTABLE
PCM1,26,2.3159,1.3238,1.2187,False,inf,NOT-DETECTABLE
GIT2,38,2.0557,1.3223,1.306,False,inf,NOT-DETECTABLE
KTI12,61,1.8164,1.3221,1.4583,False,inf,NOT-DETECTABLE
C12orf60,33,2.1418,1.3183,1.2688,False,inf,NOT-DETECTABLE
LAMTOR4,29,2.2306,1.3175,1.2393,False,inf,NOT-DETECTABLE
SRF,41,2.0084,1.3175,1.3249,False,inf,NOT-DETECTABLE
ANAPC10,36,2.0821,1.312,1.2878,False,inf,NOT-DETECTABLE
GEMIN8,28,2.2492,1.3054,1.228,False,inf,NOT-DETECTABLE
BCR,38,2.0446,1.305,1.299,False,inf,NOT-DETECTABLE
PTEN,61,1.8017,1.3018,1.4465,False,inf,NOT-DETECTABLE
MON1A,82,1.6882,1.3002,1.5678,True,inf,POOL-LIMITED
UNCX,38,2.0406,1.2986,1.2964,False,inf,NOT-DETECTABLE
LST1,64,1.7765,1.2947,1.4604,False,inf,NOT-DETECTABLE
PDHA1,49,1.8979,1.2946,1.3675,False,inf,NOT-DETECTABLE
RTCB,31,2.1681,1.2918,1.2451,False,inf,NOT-DETECTABLE
MEN1,47,1.917,1.2914,1.3531,False,inf,NOT-DETECTABLE
DYNLRB1,115,1.5808,1.2907,1.7321,True,inf,POOL-LIMITED
RNASEH2C,121,1.5679,1.2906,1.7611,True,inf,POOL-LIMITED
SPDYE2,34,2.1052,1.2905,1.2657,False,inf,NOT-DETECTABLE
ABHD17A,39,2.0198,1.2903,1.2998,False,inf,NOT-DETECTABLE
DYNLL2,71,1.732,1.29,1.4985,False,inf,NOT-DETECTABLE
TPI1,31,2.1634,1.2839,1.2424,False,inf,NOT-DETECTABLE
SMG9,29,2.2105,1.2832,1.2281,False,inf,NOT-DETECTABLE
HIST1H2BN,27,2.258,1.2729,1.2107,False,inf,NOT-DETECTABLE
EXOC2,39,2.0084,1.2724,1.2925,False,inf,NOT-DETECTABLE
POLR1C,174,1.4738,1.2705,1.9734,True,inf,POOL-LIMITED
CABIN1,52,1.852,1.2704,1.3743,False,inf,NOT-DETECTABLE
PEX19,48,1.8915,1.2697,1.3491,False,inf,NOT-DETECTABLE
NSF,41,1.9767,1.2686,1.304,False,inf,NOT-DETECTABLE
UBE2M,63,1.7637,1.268,1.4387,False,inf,NOT-DETECTABLE
AURKA,99,1.6025,1.2665,1.6321,True,inf,POOL-LIMITED
METAP2,37,2.033,1.2607,1.2747,False,inf,NOT-DETECTABLE
PPP2R3C,31,2.1493,1.26,1.2343,False,inf,NOT-DETECTABLE
WNK1,34,2.0861,1.2591,1.2542,False,inf,NOT-DETECTABLE
SARS2,28,2.2213,1.2567,1.2128,False,inf,NOT-DETECTABLE
DPY19L2,34,2.082,1.2524,1.2518,False,inf,NOT-DETECTABLE
HJURP,71,1.7011,1.2482,1.4718,False,inf,NOT-DETECTABLE
TAF11,54,1.8168,1.2455,1.3735,False,inf,NOT-DETECTABLE
LAMTOR1,112,1.5498,1.2439,1.6764,True,inf,POOL-LIMITED
SNW1,49,1.8632,1.2432,1.3425,False,inf,NOT-DETECTABLE
XPO5,51,1.8415,1.2408,1.3534,False,inf,NOT-DETECTABLE
CNOT11,49,1.8589,1.2367,1.3394,False,inf,NOT-DETECTABLE
NOMO3,63,1.7391,1.2335,1.4186,False,inf,NOT-DETECTABLE
MSTO1,27,2.2321,1.2264,1.1968,False,inf,NOT-DETECTABLE
MRPL1,26,2.2606,1.2243,1.1896,False,inf,NOT-DETECTABLE
PRDM10,36,2.0276,1.2236,1.2541,False,inf,NOT-DETECTABLE
PTPMT1,47,1.8693,1.2195,1.3194,False,inf,NOT-DETECTABLE
MIOS,54,1.7974,1.2169,1.3588,False,inf,NOT-DETECTABLE
BCLAF1,33,2.079,1.2135,1.2316,False,inf,NOT-DETECTABLE
RCCD1,44,1.9011,1.2132,1.2988,False,inf,NOT-DETECTABLE
COG4,35,2.0365,1.208,1.2421,False,inf,NOT-DETECTABLE
COX10,55,1.7817,1.2067,1.3592,False,inf,NOT-DETECTABLE
SF1,32,2.0953,1.2051,1.2224,False,inf,NOT-DETECTABLE
CKAP5,50,1.8259,1.2024,1.3288,False,inf,NOT-DETECTABLE
LENG8,36,2.0112,1.1962,1.244,False,inf,NOT-DETECTABLE
RMI1,29,2.1606,1.1951,1.2004,False,inf,NOT-DETECTABLE
ZNF292,76,1.6327,1.19,1.4607,False,inf,NOT-DETECTABLE
YPEL5,35,2.0226,1.1844,1.2336,False,inf,NOT-DETECTABLE
EPS8L1,235,1.3473,1.1819,2.0828,True,inf,POOL-LIMITED
RBMXL1,30,2.1277,1.1809,1.2022,False,inf,NOT-DETECTABLE
EXOC5,59,1.7303,1.1793,1.3665,False,inf,NOT-DETECTABLE
TBCD,62,1.7073,1.1783,1.3818,False,inf,NOT-DETECTABLE
MIPEP,39,1.9486,1.1758,1.254,False,inf,NOT-DETECTABLE
PIK3C3,28,2.1748,1.1726,1.1874,False,inf,NOT-DETECTABLE
TLCD1,67,1.67,1.1724,1.4042,False,inf,NOT-DETECTABLE
TIMM10,58,1.7332,1.172,1.3574,False,inf,NOT-DETECTABLE
SYNGR3,96,1.5359,1.1686,1.5409,True,inf,POOL-LIMITED
BTAF1,34,2.0327,1.1684,1.2221,False,inf,NOT-DETECTABLE
PFDN4,39,1.9434,1.1672,1.2507,False,inf,NOT-DETECTABLE
POLR3H,35,2.0125,1.1672,1.2275,False,inf,NOT-DETECTABLE
EMC4,49,1.8133,1.1671,1.3066,False,inf,NOT-DETECTABLE
MSL1,35,2.0122,1.1666,1.2273,False,inf,NOT-DETECTABLE
UBA1,45,1.859,1.1664,1.2842,False,inf,NOT-DETECTABLE
DHX36,39,1.9427,1.166,1.2502,False,inf,NOT-DETECTABLE
FXN,27,2.199,1.165,1.1791,False,inf,NOT-DETECTABLE
MRPS16,50,1.7981,1.1599,1.3086,False,inf,NOT-DETECTABLE
PDCD7,34,2.0271,1.1588,1.2188,False,inf,NOT-DETECTABLE
EIF1AD,35,2.0065,1.1568,1.2238,False,inf,NOT-DETECTABLE
HAMP,34,2.0258,1.1565,1.218,False,inf,NOT-DETECTABLE
RGPD6,115,1.4726,1.1558,1.6136,True,inf,POOL-LIMITED
OSGEP,36,1.9867,1.1546,1.2288,False,inf,NOT-DETECTABLE
NANOG,25,2.2544,1.1522,1.1634,False,inf,NOT-DETECTABLE
PTCD1,29,2.1366,1.1511,1.187,False,inf,NOT-DETECTABLE
TRAPPC1,31,2.0869,1.1502,1.1985,False,inf,NOT-DETECTABLE
WDR26,74,1.6137,1.1496,1.4249,False,inf,NOT-DETECTABLE
INTS12,66,1.6578,1.1458,1.3837,False,inf,NOT-DETECTABLE
PIGH,26,2.2186,1.1449,1.1675,False,inf,NOT-DETECTABLE
RBM4,35,1.9986,1.1431,1.219,False,inf,NOT-DETECTABLE
ARPC2,84,1.5608,1.1417,1.4667,False,inf,NOT-DETECTABLE
UCHL5,28,2.1582,1.1416,1.1783,False,inf,NOT-DETECTABLE
TRIAP1,33,2.0374,1.1408,1.207,False,inf,NOT-DETECTABLE
NCAPD2,47,1.8189,1.1407,1.2838,False,inf,NOT-DETECTABLE
DDX3X,31,2.0816,1.1406,1.1954,False,inf,NOT-DETECTABLE
USP10,42,1.8814,1.1385,1.2561,False,inf,NOT-DETECTABLE
DPH2,46,1.8292,1.1383,1.2775,False,inf,NOT-DETECTABLE
GPS2,35,1.9957,1.1378,1.2172,False,inf,NOT-DETECTABLE
VPS29,33,2.0351,1.1367,1.2056,False,inf,NOT-DETECTABLE
THOC7,210,1.3209,1.131,1.9355,True,inf,POOL-LIMITED
KLHL11,40,1.902,1.1239,1.2395,False,inf,NOT-DETECTABLE
PIAS1,45,1.8296,1.119,1.2639,False,inf,NOT-DETECTABLE
PDCD5,79,1.5668,1.119,1.4286,False,inf,NOT-DETECTABLE
CCAR1,27,2.1739,1.1171,1.1657,False,inf,NOT-DETECTABLE
DDX17,56,1.7115,1.1141,1.3173,False,inf,NOT-DETECTABLE
RCC1,150,1.3723,1.1134,1.7106,True,inf,POOL-LIMITED
SBNO1,57,1.7017,1.1122,1.3212,False,inf,NOT-DETECTABLE
POLR3E,49,1.7758,1.1079,1.2796,False,inf,NOT-DETECTABLE
COX11,90,1.504,1.0972,1.462,False,inf,NOT-DETECTABLE
DHX29,31,2.0556,1.0925,1.1805,False,inf,NOT-DETECTABLE
HSF1,28,2.1311,1.0895,1.1635,False,inf,NOT-DETECTABLE
CLASRP,133,1.3771,1.0831,1.6194,True,inf,POOL-LIMITED
MAD2L2,77,1.5475,1.0776,1.3934,False,inf,NOT-DETECTABLE
KIF11,87,1.4982,1.0726,1.4323,False,inf,NOT-DETECTABLE
XRCC3,28,2.1221,1.0718,1.1586,False,inf,NOT-DETECTABLE
HIST1H2BB,35,1.9585,1.0712,1.1945,False,inf,NOT-DETECTABLE
MYSM1,31,2.0437,1.0699,1.1737,False,inf,NOT-DETECTABLE
TUBB2A,79,1.529,1.0654,1.3942,False,inf,NOT-DETECTABLE
RELL2,37,1.9177,1.0648,1.2024,False,inf,NOT-DETECTABLE
VPS37C,27,2.1459,1.0615,1.1506,False,inf,NOT-DETECTABLE
WTAP,164,1.3102,1.0613,1.7052,True,inf,POOL-LIMITED
SPEN,29,2.0873,1.0569,1.1597,False,inf,NOT-DETECTABLE
KCMF1,40,1.8616,1.0539,1.2131,False,inf,NOT-DETECTABLE
S100A1,44,1.8033,1.0532,1.232,False,inf,NOT-DETECTABLE
EIF4B,176,1.2864,1.0503,1.732,True,inf,POOL-LIMITED
CBLN1,52,1.7085,1.0501,1.2677,False,inf,NOT-DETECTABLE
YJEFN3,79,1.5125,1.0416,1.3791,False,inf,NOT-DETECTABLE
TRAIP,73,1.543,1.0396,1.3533,False,inf,NOT-DETECTABLE
CLCC1,26,2.1656,1.0387,1.1396,False,inf,NOT-DETECTABLE
MFN2,120,1.3695,1.0376,1.5321,True,inf,POOL-LIMITED
HIST2H2BE,46,1.7639,1.03,1.2319,False,inf,NOT-DETECTABLE
AAAS,33,1.977,1.029,1.1711,False,inf,NOT-DETECTABLE
GSDMA,33,1.9765,1.028,1.1708,False,inf,NOT-DETECTABLE
GNB1L,47,1.7477,1.0234,1.2336,False,inf,NOT-DETECTABLE
PCID2,60,1.6186,1.0212,1.2889,False,inf,NOT-DETECTABLE
SERPINB1,55,1.6584,1.0159,1.2651,False,inf,NOT-DETECTABLE
COPG1,28,2.0941,1.0151,1.1433,False,inf,NOT-DETECTABLE
MVD,33,1.9693,1.0141,1.1666,False,inf,NOT-DETECTABLE
BUB3,25,2.1855,1.0108,1.1279,False,inf,NOT-DETECTABLE
PITRM1,67,1.5592,1.0083,1.311,False,inf,NOT-DETECTABLE
RNPS1,53,1.6719,1.0064,1.2523,False,inf,NOT-DETECTABLE
METTL1,30,2.0345,1.0035,1.1495,False,inf,NOT-DETECTABLE
CHORDC1,51,1.6853,0.9944,1.2386,False,inf,NOT-DETECTABLE
YEATS2,35,1.9171,0.9936,1.1693,False,inf,NOT-DETECTABLE
HSD17B12,160,1.2612,0.993,1.6219,True,inf,POOL-LIMITED
RAB6A,34,1.9351,0.9889,1.1634,False,inf,NOT-DETECTABLE
H2AFX,40,1.8238,0.9856,1.1885,False,inf,NOT-DETECTABLE
TAMM41,35,1.9127,0.9851,1.1666,False,inf,NOT-DETECTABLE
METTL17,28,2.0792,0.984,1.1352,False,inf,NOT-DETECTABLE
RPIA,46,1.7366,0.9826,1.2128,False,inf,NOT-DETECTABLE
TSSK3,40,1.822,0.9824,1.1874,False,inf,NOT-DETECTABLE
COG1,49,1.6993,0.9807,1.2245,False,inf,NOT-DETECTABLE
SRP14,83,1.4503,0.9786,1.3549,False,inf,NOT-DETECTABLE
AIFM1,33,1.9511,0.9783,1.1558,False,inf,NOT-DETECTABLE
ZCRB1,35,1.9063,0.9726,1.1627,False,inf,NOT-DETECTABLE
RANBP2,26,2.1342,0.9715,1.1231,False,inf,NOT-DETECTABLE
PSME1,29,2.0453,0.9713,1.1363,False,inf,NOT-DETECTABLE
NAPG,75,1.4859,0.9706,1.3207,False,inf,NOT-DETECTABLE
HMBOX1,52,1.6576,0.9651,1.23,False,inf,NOT-DETECTABLE
CS,70,1.5112,0.9639,1.2984,False,inf,NOT-DETECTABLE
MED16,41,1.7956,0.9626,1.1846,False,inf,NOT-DETECTABLE
SETDB1,56,1.615,0.9592,1.243,False,inf,NOT-DETECTABLE
ATP6V1D,28,2.0674,0.9588,1.1287,False,inf,NOT-DETECTABLE
CEP85,54,1.6332,0.9579,1.2347,False,inf,NOT-DETECTABLE
MIER1,54,1.6319,0.9557,1.2337,False,inf,NOT-DETECTABLE
CNIH4,25,2.1602,0.9548,1.1148,False,inf,NOT-DETECTABLE
NOS1AP,42,1.7754,0.9532,1.1853,False,inf,NOT-DETECTABLE
LIN54,119,1.3081,0.9516,1.4574,False,inf,NOT-DETECTABLE
HSPA14,35,1.893,0.9463,1.1546,False,inf,NOT-DETECTABLE
NOMO1,53,1.6361,0.9458,1.2255,False,inf,NOT-DETECTABLE
ARL6IP6,42,1.7705,0.9441,1.1821,False,inf,NOT-DETECTABLE
ZBTB17,114,1.3153,0.9434,1.4351,False,inf,NOT-DETECTABLE
RPUSD4,31,1.9799,0.9422,1.137,False,inf,NOT-DETECTABLE
CDIPT,48,1.689,0.9419,1.2047,False,inf,NOT-DETECTABLE
FNBP4,100,1.3564,0.9408,1.3882,False,inf,NOT-DETECTABLE
PFDN6,30,2.0031,0.9381,1.1318,False,inf,NOT-DETECTABLE
TGS1,46,1.7102,0.9351,1.1943,False,inf,NOT-DETECTABLE
GTF2H3,31,1.9755,0.9331,1.1345,False,inf,NOT-DETECTABLE
ZNF133,72,1.4787,0.9322,1.2882,False,inf,NOT-DETECTABLE
PARS2,55,1.6069,0.9294,1.2259,False,inf,NOT-DETECTABLE
ACIN1,67,1.5089,0.9286,1.2687,False,inf,NOT-DETECTABLE
RPL41,101,1.344,0.9278,1.3822,False,inf,NOT-DETECTABLE
HHEX,56,1.5931,0.9219,1.2262,False,inf,NOT-DETECTABLE
CYC1,39,1.8062,0.9207,1.1624,False,inf,NOT-DETECTABLE
EMC1,51,1.6428,0.9206,1.2074,False,inf,NOT-DETECTABLE
DRG1,29,2.0216,0.9204,1.1232,False,inf,NOT-DETECTABLE
PPARGC1B,34,1.9006,0.9198,1.1427,False,inf,NOT-DETECTABLE
E2F6,52,1.6292,0.9155,1.2089,False,inf,NOT-DETECTABLE
MTHFD1,34,1.8962,0.9105,1.14,False,inf,NOT-DETECTABLE
HNRNPH1,58,1.5673,0.9087,1.2274,False,inf,NOT-DETECTABLE
FOXL2,30,1.9883,0.9059,1.1234,False,inf,NOT-DETECTABLE
TSEN54,41,1.7653,0.9047,1.1646,False,inf,NOT-DETECTABLE
ZNF720,47,1.6792,0.9015,1.1853,False,inf,NOT-DETECTABLE
EMC7,77,1.4293,0.8997,1.287,False,inf,NOT-DETECTABLE
THRAP3,35,1.8699,0.8993,1.1405,False,inf,NOT-DETECTABLE
CYFIP1,29,2.01,0.8946,1.1167,False,inf,NOT-DETECTABLE
SDHC,33,1.909,0.8913,1.1308,False,inf,NOT-DETECTABLE
FBXW7,47,1.668,0.8803,1.1773,False,inf,NOT-DETECTABLE
BRIP1,52,1.6074,0.8762,1.1928,False,inf,NOT-DETECTABLE
BRK1,27,2.0582,0.8706,1.1036,False,inf,NOT-DETECTABLE
UNC45A,57,1.554,0.8695,1.2066,False,inf,NOT-DETECTABLE
CNOT9,51,1.6147,0.8695,1.1867,False,inf,NOT-DETECTABLE
THAP11,74,1.4204,0.8573,1.2542,False,inf,NOT-DETECTABLE
TRAPPC3,62,1.5026,0.855,1.2161,False,inf,NOT-DETECTABLE
C17orf58,53,1.5757,0.8369,1.1802,False,inf,NOT-DETECTABLE
INTS1,54,1.5643,0.835,1.1826,False,inf,NOT-DETECTABLE
RPP21,73,1.4119,0.8328,1.2384,False,inf,NOT-DETECTABLE
POU5F1B,69,1.4359,0.8293,1.225,False,inf,NOT-DETECTABLE
CHMP7,30,1.9543,0.8288,1.1042,False,inf,NOT-DETECTABLE
BCS1L,33,1.8805,0.8287,1.114,False,inf,NOT-DETECTABLE
NISCH,66,1.4561,0.8276,1.2154,False,inf,NOT-DETECTABLE
PREB,35,1.8361,0.8266,1.1199,False,inf,NOT-DETECTABLE
USP14,79,1.3701,0.8213,1.2493,False,inf,NOT-DETECTABLE
CSH2,72,1.401,0.8033,1.2205,False,inf,NOT-DETECTABLE
EIF1AX,76,1.3738,0.7988,1.2291,False,inf,NOT-DETECTABLE
PTGR2,32,1.8906,0.7976,1.103,False,inf,NOT-DETECTABLE
NAA20,38,1.7636,0.7956,1.1205,False,inf,NOT-DETECTABLE
ZNF763,47,1.6245,0.7949,1.1466,False,inf,NOT-DETECTABLE
MED18,42,1.6954,0.7943,1.1319,False,inf,NOT-DETECTABLE
GFOD2,106,1.2376,0.7937,1.3033,False,inf,NOT-DETECTABLE
PPA2,31,1.9125,0.7908,1.0983,False,inf,NOT-DETECTABLE
GCOM1,41,1.7097,0.7907,1.1279,False,inf,NOT-DETECTABLE
MRPS2,32,1.8871,0.7893,1.1009,False,inf,NOT-DETECTABLE
ALDOA,83,1.329,0.7877,1.2416,False,inf,NOT-DETECTABLE
PSTK,94,1.2759,0.7833,1.2669,False,inf,NOT-DETECTABLE
SRSF6,107,1.2274,0.7829,1.2984,False,inf,NOT-DETECTABLE
PNISR,42,1.6886,0.7797,1.1274,False,inf,NOT-DETECTABLE
ELAC2,52,1.5559,0.7775,1.1545,False,inf,NOT-DETECTABLE
EEF1B2,30,1.9315,0.7735,1.0913,False,inf,NOT-DETECTABLE
TUBG1,118,1.1838,0.7675,1.3134,False,inf,NOT-DETECTABLE
CEP68,33,1.8538,0.7661,1.0981,False,inf,NOT-DETECTABLE
ABCG1,50,1.5703,0.7602,1.1429,False,inf,NOT-DETECTABLE
HIST1H2BC,61,1.4584,0.7587,1.1709,False,inf,NOT-DETECTABLE
SNUPN,32,1.8717,0.7517,1.0919,False,inf,NOT-DETECTABLE
DNM1,104,1.2178,0.7512,1.2705,False,inf,NOT-DETECTABLE
SPRTN,36,1.7821,0.7496,1.1023,False,inf,NOT-DETECTABLE
NBPF12,376,0.9109,0.7484,1.7544,True,inf,POOL-LIMITED
NDUFB3,35,1.802,0.7477,1.0991,False,inf,NOT-DETECTABLE
SRP9,82,1.3073,0.7413,1.2141,False,inf,NOT-DETECTABLE
GLRX3,34,1.8179,0.7336,1.093,False,inf,NOT-DETECTABLE
LDB1,42,1.6678,0.7335,1.1135,False,inf,NOT-DETECTABLE
PTCD3,32,1.8642,0.7329,1.0876,False,inf,NOT-DETECTABLE
HS6ST1,52,1.5338,0.7323,1.1381,False,inf,NOT-DETECTABLE
DNM1L,35,1.7948,0.7303,1.0947,False,inf,NOT-DETECTABLE
PPA1,55,1.5001,0.7293,1.1444,False,inf,NOT-DETECTABLE
ASCC3,51,1.5425,0.7266,1.1336,False,inf,NOT-DETECTABLE
PPIA,47,1.5915,0.7251,1.1234,False,inf,NOT-DETECTABLE
IRF2BP2,25,2.0683,0.7234,1.0674,False,inf,NOT-DETECTABLE
PRDM4,26,2.0333,0.7233,1.07,False,inf,NOT-DETECTABLE
GTF3C1,65,1.4062,0.7213,1.1649,False,inf,NOT-DETECTABLE
SSBP3,161,1.0574,0.7191,1.364,False,inf,NOT-DETECTABLE
TFAM,1160,0.7818,0.7137,2.4506,True,inf,POOL-LIMITED
CCNK,86,1.2699,0.7113,1.2072,False,inf,NOT-DETECTABLE
PRORP,29,1.9339,0.7074,1.0745,False,inf,NOT-DETECTABLE
PKM,75,1.3239,0.6978,1.1767,False,inf,NOT-DETECTABLE
RNGTT,47,1.5768,0.6923,1.113,False,inf,NOT-DETECTABLE
TBX1,157,1.0463,0.6921,1.3333,False,inf,NOT-DETECTABLE
DHPS,34,1.8012,0.6914,1.083,False,inf,NOT-DETECTABLE
DRAP1,46,1.5891,0.6892,1.1098,False,inf,NOT-DETECTABLE
SLC7A5,121,1.1238,0.6857,1.2622,False,inf,NOT-DETECTABLE
H3F3A,41,1.6635,0.6851,1.0974,False,inf,NOT-DETECTABLE
PGAM1,64,1.3959,0.6848,1.1476,False,inf,NOT-DETECTABLE
TEAD3,66,1.3772,0.6792,1.1495,False,inf,NOT-DETECTABLE
TRAPPC11,204,0.9692,0.6786,1.4006,False,inf,NOT-DETECTABLE
DNAAF3,97,1.1992,0.6741,1.2092,False,inf,NOT-DETECTABLE
ANKLE2,84,1.2578,0.6705,1.1819,False,inf,NOT-DETECTABLE
BTF3L4,70,1.3412,0.6664,1.1523,False,inf,NOT-DETECTABLE
MTCP1,27,1.9792,0.6625,1.0612,False,inf,NOT-DETECTABLE
PRKCA,37,1.7267,0.6614,1.0826,False,inf,NOT-DETECTABLE
MTG2,77,1.2922,0.6606,1.1635,False,inf,NOT-DETECTABLE
DOLK,61,1.4098,0.6604,1.1319,False,inf,NOT-DETECTABLE
NBPF3,41,1.6527,0.6586,1.0903,False,inf,NOT-DETECTABLE
ASF1B,43,1.6196,0.6566,1.0939,False,inf,NOT-DETECTABLE
TTC1,67,1.3574,0.6543,1.1413,False,inf,NOT-DETECTABLE
TBCA,66,1.3634,0.6507,1.138,False,inf,NOT-DETECTABLE
CCDC115,55,1.4633,0.6504,1.1163,False,inf,NOT-DETECTABLE
SEC16A,93,1.2003,0.6448,1.1856,False,inf,NOT-DETECTABLE
CCDC78,175,0.9811,0.6387,1.3174,False,inf,NOT-DETECTABLE
PTPN1,63,1.3819,0.6379,1.1273,False,inf,NOT-DETECTABLE
FAM207A,71,1.3164,0.6302,1.139,False,inf,NOT-DETECTABLE
YBX1,32,1.8222,0.6183,1.0631,False,inf,NOT-DETECTABLE
TADA3,36,1.7293,0.6136,1.0696,False,inf,NOT-DETECTABLE
DEPDC5,33,1.796,0.6132,1.0639,False,inf,NOT-DETECTABLE
SDHAF2,71,1.3069,0.6101,1.1308,False,inf,NOT-DETECTABLE
NUFIP1,42,1.6172,0.6098,1.0797,False,inf,NOT-DETECTABLE
RTEL1,230,0.8937,0.6096,1.3675,False,inf,NOT-DETECTABLE
TAZ,41,1.6332,0.608,1.0775,False,inf,NOT-DETECTABLE
TEN1,37,1.7047,0.6018,1.0688,False,inf,NOT-DETECTABLE
CCDC130,131,1.0425,0.5942,1.2171,False,inf,NOT-DETECTABLE
EEF1A1,26,1.9892,0.5882,1.0468,False,inf,NOT-DETECTABLE
HMGA1,43,1.5931,0.5882,1.076,False,inf,NOT-DETECTABLE
GOLT1B,61,1.3766,0.5863,1.1052,False,inf,NOT-DETECTABLE
SDHA,26,1.9883,0.5851,1.0463,False,inf,NOT-DETECTABLE
POGZ,37,1.697,0.5796,1.064,False,inf,NOT-DETECTABLE
TBCE,76,1.2564,0.5736,1.124,False,inf,NOT-DETECTABLE
RAB4B,160,0.9662,0.5735,1.2425,False,inf,NOT-DETECTABLE
RBBP4,37,1.6946,0.5724,1.0625,False,inf,NOT-DETECTABLE
ANAPC11,71,1.2896,0.572,1.1158,False,inf,NOT-DETECTABLE
HNRNPM,39,1.6541,0.5669,1.0645,False,inf,NOT-DETECTABLE
ADAT2,27,1.9477,0.5615,1.0443,False,inf,NOT-DETECTABLE
FOXO1,38,1.6686,0.5538,1.0601,False,inf,NOT-DETECTABLE
SRA1,124,1.0365,0.548,1.1781,False,inf,NOT-DETECTABLE
NDUFAF3,42,1.5942,0.5459,1.0643,False,inf,NOT-DETECTABLE
GRB2,71,1.278,0.5452,1.1057,False,inf,NOT-DETECTABLE
HERC1,77,1.2356,0.5416,1.1126,False,inf,NOT-DETECTABLE
GLRX5,88,1.1723,0.5407,1.127,False,inf,NOT-DETECTABLE
CTDP1,73,1.2603,0.5372,1.1054,False,inf,NOT-DETECTABLE
RAC1,39,1.6436,0.5357,1.0578,False,inf,NOT-DETECTABLE
CCDC144NL,71,1.2718,0.5306,1.1003,False,inf,NOT-DETECTABLE
GAPDH,50,1.4683,0.5176,1.0686,False,inf,NOT-DETECTABLE
STXBP4,49,1.4806,0.5159,1.0669,False,inf,NOT-DETECTABLE
INO80E,26,1.9689,0.5154,1.0361,False,inf,NOT-DETECTABLE
FAM133B,28,1.9025,0.5147,1.0387,False,inf,NOT-DETECTABLE
NUBP2,51,1.4523,0.5076,1.0673,False,inf,NOT-DETECTABLE
CDK2,73,1.2476,0.5066,1.0943,False,inf,NOT-DETECTABLE
LPIN1,63,1.3264,0.5065,1.082,False,inf,NOT-DETECTABLE
SHQ1,156,0.9333,0.5015,1.1857,False,inf,NOT-DETECTABLE
NAA35,57,1.3803,0.4966,1.0718,False,inf,NOT-DETECTABLE
LRP5,45,1.5301,0.4958,1.057,False,inf,NOT-DETECTABLE
PELO,49,1.4737,0.4956,1.0618,False,inf,NOT-DETECTABLE
CFDP1,47,1.5005,0.4942,1.0591,False,inf,NOT-DETECTABLE
TBC1D28,53,1.4229,0.4921,1.0658,False,inf,NOT-DETECTABLE
EFR3A,67,1.2857,0.4887,1.0811,False,inf,NOT-DETECTABLE
PPP2CA,80,1.1934,0.486,1.0949,False,inf,NOT-DETECTABLE
PSMG1,59,1.3558,0.4848,1.0708,False,inf,NOT-DETECTABLE
CCNB1,41,1.5908,0.4827,1.0495,False,inf,NOT-DETECTABLE
CCNL1,29,1.8608,0.472,1.0338,False,inf,NOT-DETECTABLE
TBPL1,66,1.2854,0.4656,1.0728,False,inf,NOT-DETECTABLE
EMC3,95,1.1035,0.4624,1.1014,False,inf,NOT-DETECTABLE
ANKRD11,88,1.1372,0.4597,1.0933,False,inf,NOT-DETECTABLE
DPY19L4,82,1.1707,0.4594,1.0872,False,inf,NOT-DETECTABLE
ORC5,58,1.3541,0.4507,1.0605,False,inf,NOT-DETECTABLE
ARGFX,41,1.5809,0.4488,1.0429,False,inf,NOT-DETECTABLE
NOL7,46,1.4994,0.4448,1.0471,False,inf,NOT-DETECTABLE
ANKRD49,37,1.6552,0.4427,1.0378,False,inf,NOT-DETECTABLE
NUP35,46,1.4985,0.4418,1.0465,False,inf,NOT-DETECTABLE
CDK6,60,1.3306,0.44,1.0596,False,inf,NOT-DETECTABLE
HOXA3,54,1.3931,0.4369,1.0531,False,inf,NOT-DETECTABLE
CPAMD8,59,1.3369,0.4289,1.0558,False,inf,NOT-DETECTABLE
XRN2,29,1.8499,0.4271,1.0278,False,inf,NOT-DETECTABLE
SNX15,113,1.0139,0.4251,1.1015,False,inf,NOT-DETECTABLE
USP19,29,1.8485,0.4209,1.027,False,inf,NOT-DETECTABLE
GJA3,37,1.6495,0.4207,1.0342,False,inf,NOT-DETECTABLE
POGLUT3,345,0.6816,0.4156,1.2617,False,inf,NOT-DETECTABLE
UMPS,29,1.8465,0.4121,1.0259,False,inf,NOT-DETECTABLE
TFB2M,28,1.8769,0.4101,1.0248,False,inf,NOT-DETECTABLE
C1D,26,1.9436,0.408,1.0228,False,inf,NOT-DETECTABLE
FBXO42,247,0.7518,0.4075,1.19,False,inf,NOT-DETECTABLE
ZFP69B,75,1.1949,0.4024,1.0621,False,inf,NOT-DETECTABLE
DPH1,74,1.2007,0.3988,1.0602,False,inf,NOT-DETECTABLE
DNAJC8,76,1.1839,0.3902,1.0592,False,inf,NOT-DETECTABLE
EIF4H,46,1.4797,0.3731,1.0334,False,inf,NOT-DETECTABLE
DDX1,50,1.4221,0.3666,1.035,False,inf,NOT-DETECTABLE
ZNF492,26,1.9345,0.362,1.018,False,inf,NOT-DETECTABLE
ZNF674,52,1.3954,0.3617,1.0354,False,inf,NOT-DETECTABLE
EGLN2,48,1.4478,0.3608,1.0326,False,inf,NOT-DETECTABLE
SEPSECS,45,1.4918,0.3607,1.0306,False,inf,NOT-DETECTABLE
LSM10,38,1.6146,0.36,1.0258,False,inf,NOT-DETECTABLE
WBP1,32,1.7502,0.3539,1.0211,False,inf,NOT-DETECTABLE
OLFML3,68,1.2295,0.343,1.0414,False,inf,NOT-DETECTABLE
MAT2A,100,1.0327,0.3343,1.0569,False,inf,NOT-DETECTABLE
KLHL17,56,1.3404,0.3296,1.0317,False,inf,NOT-DETECTABLE
RNF123,51,1.3985,0.3231,1.0278,False,inf,NOT-DETECTABLE
QRSL1,39,1.5865,0.3201,1.021,False,inf,NOT-DETECTABLE
NBPF15,35,1.6697,0.316,1.0184,False,inf,NOT-DETECTABLE
ADAT3,107,0.9961,0.3139,1.0537,False,inf,NOT-DETECTABLE
C6orf15,46,1.4654,0.3114,1.0234,False,inf,NOT-DETECTABLE
PSMG2,31,1.7668,0.2994,1.0147,False,inf,NOT-DETECTABLE
C1orf109,70,1.2013,0.2972,1.0321,False,inf,NOT-DETECTABLE
TIGD1,36,1.6429,0.292,1.0162,False,inf,NOT-DETECTABLE
PLA2G10,37,1.6199,0.2831,1.0156,False,inf,NOT-DETECTABLE
BANP,48,1.4288,0.2751,1.0191,False,inf,NOT-DETECTABLE
BOD1L1,37,1.6173,0.2682,1.014,False,inf,NOT-DETECTABLE
NUDT15,32,1.7341,0.263,1.0117,False,inf,NOT-DETECTABLE
HAUS7,36,1.6373,0.2585,1.0127,False,inf,NOT-DETECTABLE
PSMD9,26,1.917,0.2525,1.0088,False,inf,NOT-DETECTABLE
C5orf30,41,1.5367,0.2524,1.0138,False,inf,NOT-DETECTABLE
NSMCE2,46,1.4519,0.24,1.014,False,inf,NOT-DETECTABLE
TUFM,40,1.5514,0.2284,1.011,False,inf,NOT-DETECTABLE
HIRA,114,0.9426,0.22,1.0284,False,inf,NOT-DETECTABLE
SOD2,40,1.5498,0.2174,1.01,False,inf,NOT-DETECTABLE
CMC4,25,1.9498,0.2169,1.0062,False,inf,NOT-DETECTABLE
LTB4R2,41,1.5312,0.2161,1.0101,False,inf,NOT-DETECTABLE
PCBP2,88,1.062,0.2141,1.021,False,inf,NOT-DETECTABLE
BUB1B,91,1.0436,0.2054,1.02,False,inf,NOT-DETECTABLE
SRSF11,105,0.9755,0.2034,1.0225,False,inf,NOT-DETECTABLE
HIST2H3D,40,1.5477,0.2016,1.0086,False,inf,NOT-DETECTABLE
INF2,37,1.6067,0.1942,1.0074,False,inf,NOT-DETECTABLE
RAB4A,71,1.1717,0.1922,1.0137,False,inf,NOT-DETECTABLE
KLF7,36,1.6272,0.1836,1.0064,False,inf,NOT-DETECTABLE
PPP1R37,253,0.6488,0.1752,1.0386,False,inf,NOT-DETECTABLE
ORC4,45,1.4563,0.1593,1.006,False,inf,NOT-DETECTABLE
SRCAP,56,1.3086,0.1563,1.0072,False,inf,NOT-DETECTABLE
SLC1A5,562,0.4581,0.1498,1.0582,False,inf,NOT-DETECTABLE
LTBP3,65,1.2156,0.1428,1.007,False,inf,NOT-DETECTABLE
NARS2,63,1.2299,0.0993,1.0033,False,inf,NOT-DETECTABLE
C16orf86,53,1.3365,0.063,1.0011,False,inf,NOT-DETECTABLE
PARN,84,1.0653,0.049,1.0011,False,inf,NOT-DETECTABLE
XRCC2,29,1.2786,0.0,0.7103,False,inf,NOT-DETECTABLE
XRCC1,33,1.2951,0.0,0.7672,False,inf,NOT-DETECTABLE
ZNF284,30,1.5332,0.0,0.8663,False,inf,NOT-DETECTABLE
BCAR1,312,0.542,0.0,0.9574,False,inf,NOT-DETECTABLE
ACTR3,30,1.7688,0.0,0.9994,False,inf,NOT-DETECTABLE
MRPL14,37,1.3694,0.0,0.8586,False,inf,NOT-DETECTABLE
ABHD11,32,1.3436,0.0,0.7839,False,inf,NOT-DETECTABLE
ZNF100,44,1.0282,0.0,0.7024,False,inf,NOT-DETECTABLE
MBIP,31,1.6214,0.0,0.9312,False,inf,NOT-DETECTABLE
KRTAP4-7,36,1.5887,0.0,0.9826,False,inf,NOT-DETECTABLE
KRT8,56,1.2688,0.0,0.9766,False,inf,NOT-DETECTABLE
KRTAP4-2,48,1.2259,0.0,0.8744,False,inf,NOT-DETECTABLE
WDR4,98,0.9593,0.0,0.9722,False,inf,NOT-DETECTABLE
WBP1L,29,1.7912,0.0,0.9951,False,inf,NOT-DETECTABLE
WDFY3,30,1.458,0.0,0.8238,False,inf,NOT-DETECTABLE
ANAPC15,179,0.6404,0.0,0.8693,False,inf,NOT-DETECTABLE
LRRC37A3,50,1.2811,0.0,0.9324,False,inf,NOT-DETECTABLE
ACTR2,71,1.0886,0.0,0.9419,False,inf,NOT-DETECTABLE
DYNC1H1,32,1.5342,0.0,0.8951,False,inf,NOT-DETECTABLE
ACTR1B,37,1.3769,0.0,0.8633,False,inf,NOT-DETECTABLE
DMRTA2,45,1.2353,0.0,0.8533,False,inf,NOT-DETECTABLE
DNAJA1,62,1.0928,0.0,0.8844,False,inf,NOT-DETECTABLE
FDXR,34,1.6174,0.0,0.9724,False,inf,NOT-DETECTABLE
DNLZ,30,1.3507,0.0,0.7632,False,inf,NOT-DETECTABLE
AASDHPPT,25,1.4331,0.0,0.7396,False,inf,NOT-DETECTABLE
RHOQ,133,0.8276,0.0,0.9732,False,inf,NOT-DETECTABLE
RHPN1,58,1.1326,0.0,0.887,False,inf,NOT-DETECTABLE
RNF14,57,0.9585,0.0,0.7442,False,inf,NOT-DETECTABLE
RNF8,102,0.7845,0.0,0.8108,False,inf,NOT-DETECTABLE
MKRN1,62,1.1544,0.0,0.9343,False,inf,NOT-DETECTABLE
MLST8,25,1.6122,0.0,0.832,False,inf,NOT-DETECTABLE
TUBE1,45,1.0731,0.0,0.7413,False,inf,NOT-DETECTABLE
ZNF468,28,1.7853,0.0,0.9747,False,inf,NOT-DETECTABLE
TULP1,39,1.4337,0.0,0.9227,False,inf,NOT-DETECTABLE
YRDC,84,1.0217,0.0,0.9601,False,inf,NOT-DETECTABLE
ARHGAP11B,25,1.7729,0.0,0.9149,False,inf,NOT-DETECTABLE
ARL4D,36,1.5584,0.0,0.9639,False,inf,NOT-DETECTABLE
MANF,56,1.1098,0.0,0.8542,False,inf,NOT-DETECTABLE
UBE2H,40,1.4957,0.0,0.9747,False,inf,NOT-DETECTABLE
UBE2Z,27,1.8337,0.0,0.9832,False,inf,NOT-DETECTABLE
UBE3D,58,1.2459,0.0,0.9757,False,inf,NOT-DETECTABLE
KRT17,145,0.6588,0.0,0.8079,False,inf,NOT-DETECTABLE
UBTF,95,0.9133,0.0,0.9116,False,inf,NOT-DETECTABLE
ZNF317,26,1.8975,0.0,0.9985,False,inf,NOT-DETECTABLE
SNAPC3,74,1.0759,0.0,0.95,False,inf,NOT-DETECTABLE
ZNF506,31,1.5484,0.0,0.8892,False,inf,NOT-DETECTABLE
CHCHD2,31,1.4888,0.0,0.855,False,inf,NOT-DETECTABLE
GNPNAT1,77,0.9135,0.0,0.8225,False,inf,NOT-DETECTABLE
GOLGA6L1,34,1.5336,0.0,0.9221,False,inf,NOT-DETECTABLE
POTEI,26,1.7236,0.0,0.907,False,inf,NOT-DETECTABLE
NXF1,65,1.1952,0.0,0.9901,False,inf,NOT-DETECTABLE
OIP5,32,1.5571,0.0,0.9085,False,inf,NOT-DETECTABLE
OR1E2,67,1.1709,0.0,0.9846,False,inf,NOT-DETECTABLE
OR2T29,35,1.1664,0.0,0.7114,False,inf,NOT-DETECTABLE
OR4K1,38,1.3411,0.0,0.852,False,inf,NOT-DETECTABLE
OR4N2,31,1.4894,0.0,0.8553,False,inf,NOT-DETECTABLE
CCND3,38,1.0632,0.0,0.6755,False,inf,NOT-DETECTABLE
PGK1,55,1.1439,0.0,0.8726,False,inf,NOT-DETECTABLE
PDCD6IP,70,1.0497,0.0,0.9019,False,inf,NOT-DETECTABLE
PDPK1,26,1.3635,0.0,0.7175,False,inf,NOT-DETECTABLE
CCP110,36,1.3908,0.0,0.8602,False,inf,NOT-DETECTABLE
CD2BP2,27,1.4637,0.0,0.7848,False,inf,NOT-DETECTABLE
CD8B,69,0.8903,0.0,0.7595,False,inf,NOT-DETECTABLE
CDC37,40,1.5213,0.0,0.9914,False,inf,NOT-DETECTABLE
SPTSSA,43,1.0922,0.0,0.7377,False,inf,NOT-DETECTABLE
CENPA,42,1.3578,0.0,0.9065,False,inf,NOT-DETECTABLE
GRWD1,51,1.0685,0.0,0.7853,False,inf,NOT-DETECTABLE
GTF2H2,29,1.7404,0.0,0.9669,False,inf,NOT-DETECTABLE
PLEKHN1,29,1.63,0.0,0.9056,False,inf,NOT-DETECTABLE
GTF3C5,27,1.8017,0.0,0.9661,False,inf,NOT-DETECTABLE
GUK1,32,1.6881,0.0,0.9849,False,inf,NOT-DETECTABLE
HIST2H2BF,26,1.3344,0.0,0.7022,False,inf,NOT-DETECTABLE
HIST2H3A,28,1.6742,0.0,0.9141,False,inf,NOT-DETECTABLE
PDCD6,33,1.5998,0.0,0.9477,False,inf,NOT-DETECTABLE
TFB1M,36,1.6022,0.0,0.991,False,inf,NOT-DETECTABLE
TBCC,41,1.4423,0.0,0.9515,False,inf,NOT-DETECTABLE
OTX1,44,1.1711,0.0,0.8001,False,inf,NOT-DETECTABLE
OTOP1,48,1.0698,0.0,0.763,False,inf,NOT-DETECTABLE
OVCA2,45,1.2302,0.0,0.8498,False,inf,NOT-DETECTABLE
STAT5A,28,1.564,0.0,0.8539,False,inf,NOT-DETECTABLE
STT3B,52,1.3203,0.0,0.9797,False,inf,NOT-DETECTABLE
HSCB,162,0.7381,0.0,0.9549,False,inf,NOT-DETECTABLE
COQ5,30,1.446,0.0,0.817,False,inf,NOT-DETECTABLE
LCE1E,48,1.3832,0.0,0.9866,False,inf,NOT-DETECTABLE
LIMS1,36,1.5332,0.0,0.9483,False,inf,NOT-DETECTABLE
ELOVL1,59,1.2342,0.0,0.9747,False,inf,NOT-DETECTABLE
RAD51D,37,1.2262,0.0,0.7688,False,inf,NOT-DETECTABLE
TWF1,222,0.5284,0.0,0.795,False,inf,NOT-DETECTABLE
TXNL4B,68,0.927,0.0,0.7852,False,inf,NOT-DETECTABLE
COQ2,61,1.1494,0.0,0.9228,False,inf,NOT-DETECTABLE
PSAT1,64,1.1124,0.0,0.9145,False,inf,NOT-DETECTABLE
PC,59,1.0493,0.0,0.8287,False,inf,NOT-DETECTABLE
F8A1,32,1.1257,0.0,0.6568,False,inf,NOT-DETECTABLE
PCNX3,58,1.2377,0.0,0.9693,False,inf,NOT-DETECTABLE
POLG2,28,1.4289,0.0,0.7802,False,inf,NOT-DETECTABLE
SGPP1,27,1.5414,0.0,0.8265,False,inf,NOT-DETECTABLE
SHC1,52,1.0035,0.0,0.7446,False,inf,NOT-DETECTABLE
PRSS50,69,0.9904,0.0,0.845,False,inf,NOT-DETECTABLE
GAB2,312,0.4922,0.0,0.8695,False,inf,NOT-DETECTABLE
GCLC,64,0.9958,0.0,0.8187,False,inf,NOT-DETECTABLE
GGPS1,37,1.5458,0.0,0.9692,False,inf,NOT-DETECTABLE
SLC35G2,152,0.7341,0.0,0.921,False,inf,NOT-DETECTABLE
SLC4A5,45,1.2946,0.0,0.8944,False,inf,NOT-DETECTABLE
SMAGP,42,1.0275,0.0,0.686,False,inf,NOT-DETECTABLE
SMC5,65,1.1271,0.0,0.9337,False,inf,NOT-DETECTABLE
HIST1H2BE,28,1.7574,0.0,0.9595,False,inf,NOT-DETECTABLE
HIST1H2BL,38,1.2678,0.0,0.8055,False,inf,NOT-DETECTABLE
ORC3,31,1.5925,0.0,0.9146,False,inf,NOT-DETECTABLE
NSUN4,42,1.243,0.0,0.8298,False,inf,NOT-DETECTABLE
NUP43,64,1.0377,0.0,0.8531,False,inf,NOT-DETECTABLE
NUS1,32,1.619,0.0,0.9446,False,inf,NOT-DETECTABLE
SNAPC5,52,1.1403,0.0,0.8461,False,inf,NOT-DETECTABLE
NASP,28,1.4753,0.0,0.8055,False,inf,NOT-DETECTABLE
NBEAL1,67,0.8935,0.0,0.7513,False,inf,NOT-DETECTABLE
CCDC144A,28,1.6727,0.0,0.9133,False,inf,NOT-DETECTABLE
TIMM8A,48,1.3045,0.0,0.9304,False,inf,NOT-DETECTABLE
CMPK1,60,0.9403,0.0,0.7488,False,inf,NOT-DETECTABLE
CNN2,66,0.8444,0.0,0.7048,False,inf,NOT-DETECTABLE
COASY,28,1.6932,0.0,0.9245,False,inf,NOT-DETECTABLE
CHMP5,29,1.5152,0.0,0.8418,False,inf,NOT-DETECTABLE
CHTF18,81,1.0628,0.0,0.9811,False,inf,NOT-DETECTABLE
CHTOP,38,1.5357,0.0,0.9757,False,inf,NOT-DETECTABLE
CLPB,35,1.519,0.0,0.9265,False,inf,NOT-DETECTABLE
PRKRIP1,77,0.9853,0.0,0.8872,False,inf,NOT-DETECTABLE
PRODH,98,0.8114,0.0,0.8222,False,inf,NOT-DETECTABLE
PPP1CA,31,1.3348,0.0,0.7666,False,inf,NOT-DETECTABLE
PPY,39,1.5185,0.0,0.9772,False,inf,NOT-DETECTABLE
PRC1,59,0.9117,0.0,0.7201,False,inf,NOT-DETECTABLE
TLN1,28,1.6823,0.0,0.9185,False,inf,NOT-DETECTABLE
NAGLU,79,0.9658,0.0,0.8806,False,inf,NOT-DETECTABLE
RTTN,32,1.5366,0.0,0.8965,False,inf,NOT-DETECTABLE
SAP18,32,1.5073,0.0,0.8794,False,inf,NOT-DETECTABLE
SAP30BP,29,1.4372,0.0,0.7985,False,inf,NOT-DETECTABLE
SCNM1,25,1.4995,0.0,0.7738,False,inf,NOT-DETECTABLE
DPH6,34,1.4967,0.0,0.8999,False,inf,NOT-DETECTABLE
DPM2,28,1.7329,0.0,0.9461,False,inf,NOT-DETECTABLE
DPPA2,30,1.3793,0.0,0.7793,False,inf,NOT-DETECTABLE
RPL26L1,26,1.5619,0.0,0.8219,False,inf,NOT-DETECTABLE
PTK2,29,1.7717,0.0,0.9843,False,inf,NOT-DETECTABLE
PTPN11,46,1.2152,0.0,0.8486,False,inf,NOT-DETECTABLE
CTBP2,41,1.4724,0.0,0.9714,False,inf,NOT-DETECTABLE
DDX19A,154,0.5952,0.0,0.7515,False,inf,NOT-DETECTABLE
DDX19B,125,0.5076,0.0,0.5792,False,inf,NOT-DETECTABLE
DHODH,39,1.1919,0.0,0.767,False,inf,NOT-DETECTABLE
DPH3,34,1.4253,0.0,0.8569,False,inf,NOT-DETECTABLE
NOP9,41,1.3621,0.0,0.8986,False,inf,NOT-DETECTABLE
NPB,66,1.0644,0.0,0.8884,False,inf,NOT-DETECTABLE
NPEPPS,32,1.3492,0.0,0.7871,False,inf,NOT-DETECTABLE
HUS1,51,1.3499,0.0,0.9921,False,inf,NOT-DETECTABLE
TKT,83,0.9217,0.0,0.8611,False,inf,NOT-DETECTABLE
C9orf16,66,0.8498,0.0,0.7093,False,inf,NOT-DETECTABLE
CA5A,58,1.1003,0.0,0.8617,False,inf,NOT-DETECTABLE
CACNB3,67,0.9836,0.0,0.8271,False,inf,NOT-DETECTABLE
CADM4,66,1.0033,0.0,0.8374,False,inf,NOT-DETECTABLE
CBFA2T3,36,1.6154,0.0,0.9991,False,inf,NOT-DETECTABLE
CBX1,47,1.1967,0.0,0.8447,False,inf,NOT-DETECTABLE
TSEN34,59,0.9838,0.0,0.7769,False,inf,NOT-DETECTABLE
TSFM,34,1.5879,0.0,0.9547,False,inf,NOT-DETECTABLE
BRF2,38,1.5164,0.0,0.9634,False,inf,NOT-DETECTABLE
MSRB1,35,1.3824,0.0,0.8432,False,inf,NOT-DETECTABLE
MST1,29,1.3685,0.0,0.7603,False,inf,NOT-DETECTABLE
MVK,135,0.8136,0.0,0.9637,False,inf,NOT-DETECTABLE
JAZF1,139,0.7679,0.0,0.9225,False,inf,NOT-DETECTABLE
JMJD6,57,1.2151,0.0,0.9435,False,inf,NOT-DETECTABLE
KCNA10,27,1.6335,0.0,0.8759,False,inf,NOT-DETECTABLE
KDM8,28,1.1828,0.0,0.6458,False,inf,NOT-DETECTABLE
MYCBP,40,1.1291,0.0,0.7358,False,inf,NOT-DETECTABLE
MYO1H,42,1.2497,0.0,0.8343,False,inf,NOT-DETECTABLE
TNNT2,53,1.005,0.0,0.7528,False,inf,NOT-DETECTABLE
TOE1,34,1.3271,0.0,0.7979,False,inf,NOT-DETECTABLE
TOMM20,30,1.3565,0.0,0.7665,False,inf,NOT-DETECTABLE
NCKAP1,33,1.3682,0.0,0.8105,False,inf,NOT-DETECTABLE
DNAJC19,51,1.2913,0.0,0.949,False,inf,NOT-DETECTABLE
WAC,30,1.6181,0.0,0.9143,False,inf,NOT-DETECTABLE
MCL1,70,0.965,0.0,0.8291,False,inf,NOT-DETECTABLE
METTL16,26,1.716,0.0,0.903,False,inf,NOT-DETECTABLE
METTL23,31,1.7201,0.0,0.9878,False,inf,NOT-DETECTABLE
ARPC3,40,1.4673,0.0,0.9562,False,inf,NOT-DETECTABLE
ACOT12,65,1.1813,0.0,0.9786,False,inf,NOT-DETECTABLE
AAR2,36,1.5297,0.0,0.9461,False,inf,NOT-DETECTABLE
DPAGT1,30,1.6825,0.0,0.9506,False,inf,NOT-DETECTABLE
ALG1L,63,1.2152,0.0,0.9913,False,inf,NOT-DETECTABLE
ERCC3,35,1.3997,0.0,0.8537,False,inf,NOT-DETECTABLE
ERVW-1,51,1.2322,0.0,0.9056,False,inf,NOT-DETECTABLE
ESPN,125,0.6601,0.0,0.7532,False,inf,NOT-DETECTABLE
EWSR1,35,1.6022,0.0,0.9772,False,inf,NOT-DETECTABLE
SEPHS2,52,1.2963,0.0,0.9619,False,inf,NOT-DETECTABLE
CEP97,35,1.4398,0.0,0.8782,False,inf,NOT-DETECTABLE
CHCHD1,33,1.5636,0.0,0.9262,False,inf,NOT-DETECTABLE
EXOC3,37,1.1756,0.0,0.7371,False,inf,NOT-DETECTABLE
CYP4F11,31,1.6521,0.0,0.9488,False,inf,NOT-DETECTABLE
CYS1,44,1.2086,0.0,0.8257,False,inf,NOT-DETECTABLE
DCAF6,39,1.5388,0.0,0.9903,False,inf,NOT-DETECTABLE
DDN,87,0.8998,0.0,0.8602,False,inf,NOT-DETECTABLE
ENO1,38,1.5666,0.0,0.9953,False,inf,NOT-DETECTABLE
ERAL1,31,1.63,0.0,0.9361,False,inf,NOT-DETECTABLE
PSME2,36,1.6056,0.0,0.9931,False,inf,NOT-DETECTABLE
COPS8,60,1.1936,0.0,0.9505,False,inf,NOT-DETECTABLE
NEMF,39,0.9801,0.0,0.6307,False,inf,NOT-DETECTABLE
NFATC2IP,47,1.0339,0.0,0.7298,False,inf,NOT-DETECTABLE
NHLRC2,29,1.3718,0.0,0.7622,False,inf,NOT-DETECTABLE
MRPS7,39,1.3616,0.0,0.8763,False,inf,NOT-DETECTABLE
TOP3A,34,1.4336,0.0,0.8619,False,inf,NOT-DETECTABLE
TRIM49C,27,1.4637,0.0,0.7848,False,inf,NOT-DETECTABLE
MZF1,35,1.4601,0.0,0.8905,False,inf,NOT-DETECTABLE
HIST1H2BM,33,1.3417,0.0,0.7948,False,inf,NOT-DETECTABLE
TM7SF2,45,1.4138,0.0,0.9767,False,inf,NOT-DETECTABLE
TMEM127,35,1.3502,0.0,0.8235,False,inf,NOT-DETECTABLE
TMEM240,27,1.3906,0.0,0.7456,False,inf,NOT-DETECTABLE
UROD,46,1.2815,0.0,0.8949,False,inf,NOT-DETECTABLE
MASTL,42,1.116,0.0,0.745,False,inf,NOT-DETECTABLE
KIAA1143,49,1.123,0.0,0.8092,False,inf,NOT-DETECTABLE
LMO2,86,0.92,0.0,0.8746,False,inf,NOT-DETECTABLE
ADSL,26,1.5374,0.0,0.809,False,inf,NOT-DETECTABLE
FNTB,32,1.5093,0.0,0.8805,False,inf,NOT-DETECTABLE
FOXD4,27,1.7768,0.0,0.9527,False,inf,NOT-DETECTABLE
FAM229A,61,1.0537,0.0,0.846,False,inf,NOT-DETECTABLE
FAM72D,64,1.0161,0.0,0.8353,False,inf,NOT-DETECTABLE
FASTKD5,38,0.9958,0.0,0.6326,False,inf,NOT-DETECTABLE
FBLIM1,53,0.919,0.0,0.6884,False,inf,NOT-DETECTABLE
MYB,31,1.6214,0.0,0.9312,False,inf,NOT-DETECTABLE
LURAP1,26,1.6542,0.0,0.8705,False,inf,NOT-DETECTABLE
REV3L,30,1.7302,0.0,0.9776,False,inf,NOT-DETECTABLE
ANKS6,55,1.245,0.0,0.9498,False,inf,NOT-DETECTABLE
AQP7,50,1.319,0.0,0.96,False,inf,NOT-DETECTABLE
ARFRP1,33,1.4004,0.0,0.8296,False,inf,NOT-DETECTABLE
BCL2L1,106,0.7679,0.0,0.8086,False,inf,NOT-DETECTABLE
VPS13D,31,1.4309,0.0,0.8218,False,inf,NOT-DETECTABLE
VPS54,90,1.0136,0.0,0.9853,False,inf,NOT-DETECTABLE
ZNF687,41,1.1304,0.0,0.7457,False,inf,NOT-DETECTABLE
ZNF706,76,0.8576,0.0,0.7672,False,inf,NOT-DETECTABLE
ZNF718,146,0.6453,0.0,0.794,False,inf,NOT-DETECTABLE
ZNF253,69,1.0302,0.0,0.8789,False,inf,NOT-DETECTABLE
WDR54,67,1.1768,0.0,0.9896,False,inf,NOT-DETECTABLE
