gene_target,n_cells,m_raw,m_corr,snr,detectable,n_star,regime
EXOSC2,113,10.3764,10.3441,12.6851,True,68.28469307967706,OVER
EXOSC8,88,10.0742,10.0316,10.88,True,72.18999419947535,OVER
EXOSC3,129,9.5931,9.5625,12.5217,True,79.20113049870264,OVER
EXOSC4,183,9.4787,9.4567,14.702,True,81.06855353758782,OVER
EXOSC5,165,9.345,9.3203,13.774,True,83.90394332127525,OVER
SLU7,52,9.1706,9.0914,7.6252,True,87.065926030248,UNDER
EXOSC7,73,9.1353,9.0786,8.9917,True,88.74349784412163,UNDER
EXOSC9,52,9.0292,8.9488,7.5077,True,90.01234384690176,UNDER
BUD13,40,8.638,8.5286,6.3026,True,97.04040790097244,UNDER
RNF113A,59,8.2068,8.1287,7.2664,True,107.23872951072552,UNDER
MED27,35,8.2361,8.1048,5.6225,True,103.37317109240495,UNDER
MED21,58,7.9791,7.8974,7.005,True,111.88646208334305,UNDER
DIS3,49,7.8803,7.7823,6.3613,True,121.69239324303268,UNDER
SMC1A,58,7.8539,7.7709,6.8951,True,112.14026403900168,UNDER
EIF2B3,69,7.8211,7.751,7.4856,True,112.70475521561019,UNDER
PHB,54,7.7429,7.6524,6.5602,True,124.26157673206006,UNDER
EIF4E,52,7.7296,7.6354,6.427,True,116.14228792742098,UNDER
EIF3A,56,7.6507,7.5624,6.6004,True,118.52883335938394,UNDER
MED30,96,7.4392,7.3861,8.3886,True,128.87326192773403,UNDER
RPS18,105,7.3429,7.2937,8.656,True,131.1038240697592,UNDER
ELL,88,7.3334,7.2747,7.92,True,132.3310373512896,UNDER
PAM16,73,7.3435,7.2729,7.2281,True,139.31104957965695,UNDER
RPS27A,185,7.2641,7.2357,11.3275,True,133.47817806055392,OVER
DDX18,84,7.1718,7.1089,7.5686,True,139.10912664806364,UNDER
MED7,45,7.1969,7.0799,5.5685,True,140.8288353510834,UNDER
SMN2,301,7.0044,6.9862,13.8638,True,144.3142703911206,OVER
MED17,34,7.0999,6.9426,4.7773,True,144.14412444958134,UNDER
RPS15A,73,7.0105,6.9365,6.9003,True,145.79409129270928,UNDER
QARS,112,6.8814,6.8322,8.3756,True,147.61603410328067,UNDER
RPS13,285,6.8333,6.8136,13.1696,True,151.68868084740558,OVER
DDX47,267,6.8159,6.7948,12.7242,True,152.7341791907047,OVER
RPS9,121,6.8022,6.7561,8.6021,True,153.01863168328876,UNDER
HARS,124,6.714,6.6684,8.594,True,154.21531024871499,UNDER
MED11,94,6.7183,6.6583,7.497,True,159.4947229006719,UNDER
RPS23,68,6.7352,6.6525,6.3997,True,159.39935162962692,UNDER
EIF3I,66,6.7278,6.6425,6.2985,True,155.67160931754742,UNDER
RPS19,138,6.6798,6.6386,9.0146,True,160.52050170158742,UNDER
EIF2B2,199,6.6025,6.5734,10.6719,True,157.97077275228008,OVER
EPRS,67,6.6508,6.5657,6.2731,True,156.53453550590663,UNDER
TAF12,90,6.606,6.5423,7.2144,True,169.16329713599703,UNDER
RPL23A,59,6.6306,6.5338,5.8709,True,169.72121587849034,UNDER
MED4,214,6.5437,6.5164,10.9613,True,167.15230020403058,OVER
POLR3F,41,6.6512,6.512,4.913,True,158.44516133157413,UNDER
RPS7,82,6.5773,6.507,6.8587,True,166.02542819040912,UNDER
YARS,82,6.5741,6.5038,6.8554,True,161.91683233975672,UNDER
POLR3D,37,6.6506,6.4962,4.6676,True,160.51833341967688,UNDER
GRPEL1,120,6.5368,6.4884,8.2326,True,175.6399533390158,UNDER
RPL37A,66,6.5631,6.4756,6.1443,True,174.37921862613538,UNDER
RPL10A,111,6.5241,6.4717,7.9055,True,172.71492657377865,UNDER
MAU2,71,6.5444,6.4629,6.3533,True,169.6971625987529,UNDER
RPSA,72,6.5404,6.4599,6.3936,True,169.63648827100067,UNDER
EIF3CL,368,6.4457,6.4294,14.0667,True,166.0208093393289,OVER
LAMB1,49,6.4955,6.3763,5.2434,True,175.38991336089362,UNDER
PHB2,41,6.513,6.3707,4.8109,True,181.7546709333527,UNDER
RPS6,134,6.3944,6.35,8.5049,True,176.65541202782407,UNDER
AARS,56,6.4387,6.3335,5.5548,True,170.57664098970432,UNDER
POLRMT,189,6.3472,6.3154,10.0025,True,187.22217251046496,OVER
XRCC5,75,6.3791,6.2998,6.3637,True,172.63646658118986,UNDER
HSPA9,63,6.3831,6.2888,5.8391,True,186.6680512428442,UNDER
EIF2S1,45,6.4143,6.2827,4.9629,True,170.1592294992606,UNDER
FAU,131,6.3251,6.2792,8.3191,True,179.08104894665635,UNDER
LARS,64,6.3546,6.2613,5.8587,True,174.36278913046672,UNDER
RPS26,53,6.3708,6.2584,5.3476,True,178.9521922143221,UNDER
EIF3B,163,6.2406,6.2031,9.1432,True,176.18311944167627,UNDER
RPL5,59,6.2641,6.1614,5.5463,True,191.32501145332648,UNDER
TARS,70,6.2473,6.1606,6.0222,True,177.61960932845977,UNDER
FBL,49,6.2433,6.1191,5.0398,True,190.65082820523347,UNDER
VARS,120,6.1699,6.1185,7.7704,True,186.1464556291509,UNDER
RPS20,105,6.1676,6.109,7.2706,True,187.70812905929583,UNDER
RPS11,64,6.2025,6.1069,5.7185,True,191.14212653199354,UNDER
UBAP1,34,6.2625,6.0836,4.2138,True,189.28602744443202,UNDER
MED9,70,6.1535,6.0655,5.9318,True,191.71332551269197,UNDER
TIMM23B,256,6.0744,6.0498,11.1091,True,201.97679681567797,OVER
TIMM44,97,6.1133,6.0493,6.929,True,200.7913295245759,UNDER
DNAJC17,77,6.1098,6.0292,6.1752,True,199.1029150873921,UNDER
TAF5,80,6.0977,6.02,6.2812,True,201.08324999869728,UNDER
DNTTIP2,70,6.1007,6.0119,5.8809,True,192.77006109615456,UNDER
EIF2B5,136,6.0575,6.0113,8.116,True,189.47973931833408,UNDER
GTF3C1,63,6.1074,6.0088,5.5869,True,187.12063442718218,UNDER
RPS12,67,6.0931,6.0002,5.7471,True,193.8488056458701,UNDER
RPL17,50,6.115,5.9907,4.9862,True,202.89654444867645,UNDER
MYC,119,6.0331,5.9802,7.5668,True,200.7274565799408,UNDER
UHRF1,74,6.0209,5.9357,5.9664,True,205.54903358422723,UNDER
SLC16A5,61,6.0294,5.9262,5.4278,True,205.85725982354904,UNDER
MED6,52,6.0268,5.9056,5.0112,True,201.41251297839597,UNDER
TAF8,174,5.9293,5.8923,8.9711,True,208.1088633844847,UNDER
UTP15,173,5.8999,5.8625,8.9014,True,206.91084281995856,UNDER
RPL34,49,5.9714,5.8415,4.8204,True,212.3937088833207,UNDER
SMARCE1,70,5.9315,5.8401,5.7177,True,204.60258437324765,UNDER
SNIP1,35,6.0081,5.8268,4.1015,True,210.85912993440087,UNDER
CNOT2,149,5.8169,5.773,8.1531,True,214.0943060917508,UNDER
RPS5,44,5.9185,5.7724,4.5284,True,207.27124902962598,UNDER
RPS3,98,5.8385,5.7722,6.6513,True,213.02668012414364,UNDER
GUCD1,33,5.9615,5.7675,3.952,True,210.42812576576358,UNDER
RRS1,154,5.7915,5.7488,8.2507,True,220.74428215121665,UNDER
ICE1,48,5.8423,5.7067,4.668,True,218.3750345091743,UNDER
EIF3D,56,5.7871,5.6699,4.9927,True,216.08535008481712,UNDER
MED10,44,5.8172,5.6685,4.4509,True,220.25201836835626,UNDER
SUPT5H,56,5.7755,5.6579,4.9826,True,222.79028933961703,UNDER
DHX16,82,5.7134,5.6324,5.9579,True,223.01122710781397,UNDER
EIF2B4,66,5.7266,5.6261,5.3612,True,215.4892881667935,UNDER
EIF3M,98,5.6867,5.6185,6.4783,True,221.0248505923774,UNDER
FARSB,63,5.7154,5.6099,5.2283,True,222.11174704859286,UNDER
NACA,75,5.6929,5.6039,5.6791,True,209.28909029835725,UNDER
RPL10,58,5.7171,5.6025,5.0191,True,233.40868817691884,UNDER
UPF2,57,5.7141,5.5974,4.9733,True,238.67999929625603,UNDER
DNMT1,168,5.6199,5.5795,8.3573,True,233.7484524421628,UNDER
TRRAP,48,5.7129,5.5742,4.5646,True,233.84564803984256,UNDER
TSEN2,117,5.6221,5.5643,6.9924,True,221.80105763195007,UNDER
ETV4,32,5.7296,5.5211,3.7405,True,228.355536951487,UNDER
RPS2,124,5.5673,5.5123,7.1263,True,233.1420605929372,UNDER
TWISTNB,71,5.6068,5.5113,5.443,True,236.3236225701708,UNDER
WDR75,147,5.5455,5.4988,7.721,True,233.36069082519242,UNDER
RPS24,86,5.5723,5.493,5.9497,True,236.86122261847717,UNDER
SMG5,206,5.4994,5.4657,9.0412,True,249.21312045741283,UNDER
SRRT,94,5.5315,5.4585,6.1727,True,247.58328766880123,UNDER
PDCD11,162,5.4923,5.4495,8.0225,True,242.81305155095174,UNDER
EP400,88,5.521,5.4428,5.9626,True,244.24851133083675,UNDER
MARS,75,5.5294,5.4378,5.5161,True,237.53420656195283,UNDER
NEDD8,48,5.5725,5.4301,4.4524,True,240.66576375584776,UNDER
RPL23,88,5.501,5.4225,5.941,True,249.064926908406,UNDER
CNOT3,146,5.463,5.4152,7.5805,True,247.56717089526165,UNDER
LONP1,63,5.522,5.4127,5.0513,True,252.82586275304914,UNDER
SNAPC2,39,5.5675,5.3917,4.0113,True,244.13294222121056,UNDER
SUPT16H,62,5.4951,5.3835,4.987,True,253.84972067054264,UNDER
RPL19,27,5.635,5.3827,3.3798,True,250.28087989012664,UNDER
POLR1A,68,5.4823,5.3804,5.2092,True,248.44422565694435,UNDER
PFDN2,55,5.4869,5.3608,4.6914,True,249.64716929003077,UNDER
HGS,28,5.5988,5.3541,3.4196,True,255.5233004304829,UNDER
RPS3A,119,5.4086,5.3495,6.7835,True,248.97896463646885,UNDER
CHAF1B,45,5.5017,5.3477,4.2568,True,255.55013748031385,UNDER
RPL14,36,5.5317,5.3398,3.8297,True,254.29773607709072,UNDER
RPL8,74,5.4295,5.3349,5.3804,True,257.6826157482706,UNDER
IARS,62,5.4449,5.3322,4.9414,True,247.57367450679058,UNDER
NOP2,27,5.583,5.3283,3.3487,True,261.4807992662146,UNDER
XAB2,26,5.5896,5.3251,3.2901,True,248.41933948881797,UNDER
SF3A3,37,5.5065,5.319,3.8647,True,249.18610356140022,UNDER
RARS,100,5.382,5.3114,6.193,True,244.75622519054497,UNDER
PRELID3B,37,5.4941,5.3061,3.8559,True,262.71744285315157,UNDER
RPS27,63,5.4077,5.2961,4.9469,True,252.7954856506683,UNDER
NKAP,86,5.3754,5.2931,5.7395,True,254.8787945987073,UNDER
EEF1G,58,5.4075,5.2862,4.7474,True,251.25853605427574,UNDER
RPS28,67,5.3756,5.27,5.0703,True,252.576486324788,UNDER
CCDC86,50,5.3937,5.2525,4.3981,True,264.06994382334915,UNDER
RPAP1,105,5.3172,5.2491,6.268,True,266.4431714111482,UNDER
NCBP2,55,5.3736,5.2447,4.5945,True,269.10439590434146,UNDER
RPS8,126,5.2982,5.2412,6.8356,True,259.1361081190839,UNDER
FARSA,134,5.2935,5.2399,7.0407,True,254.7473739341927,UNDER
TAF10,119,5.2865,5.226,6.6304,True,270.4961379271939,UNDER
SF3B4,45,5.3821,5.2246,4.1643,True,256.4203418547635,UNDER
HYOU1,54,5.3527,5.221,4.5351,True,258.0296635384589,UNDER
CHMP6,135,5.2477,5.194,7.0055,True,266.26624407785096,UNDER
RBMX2,147,5.2087,5.1589,7.252,True,267.7323950712219,UNDER
RPL31,36,5.3559,5.1574,3.7079,True,275.8439261047232,UNDER
U2AF1,30,5.3889,5.1514,3.4066,True,277.8784451407166,UNDER
RRP12,124,5.1995,5.1405,6.6554,True,270.8751401054726,UNDER
NOP58,77,5.2347,5.1403,5.2907,True,272.4677374383735,UNDER
SYMPK,66,5.2355,5.1253,4.9013,True,271.81871094701074,UNDER
ZC3H3,89,5.188,5.1057,5.6345,True,285.9521044806933,UNDER
HARS2,27,5.3609,5.095,3.2154,True,259.66005065749556,UNDER
NPLOC4,133,5.1366,5.0809,6.8068,True,267.5605535774701,UNDER
CDC123,45,5.2406,5.0787,4.0548,True,269.75408394117244,UNDER
FUNDC2,76,5.1639,5.067,5.1855,True,284.24061523479276,UNDER
RPL35A,137,5.1209,5.0666,6.886,True,283.72172046467,UNDER
TANGO6,35,5.2538,5.0455,3.5866,True,292.11504732189854,UNDER
ATP2A2,130,5.102,5.0446,6.6851,True,287.5554373661664,UNDER
WDR12,103,5.1114,5.0391,5.9683,True,292.1118082123108,UNDER
GTF2A1,92,5.1193,5.0385,5.652,True,290.05474222839086,UNDER
HEATR1,82,5.1207,5.0301,5.3398,True,287.5129738141343,UNDER
GPN1,51,5.1687,5.0241,4.2564,True,290.83260788666774,UNDER
MED22,58,5.1317,5.0037,4.5052,True,289.02535775230905,UNDER
DDX10,126,5.0558,4.996,6.5229,True,286.21282504308806,UNDER
TAF2,109,5.05,4.9809,6.0644,True,293.1057152314082,UNDER
SLC25A42,46,5.1394,4.9778,4.0202,True,272.8053222540078,UNDER
AP2A1,60,5.0958,4.9712,4.5498,True,280.79032882650847,UNDER
NEPRO,42,5.1479,4.9711,3.8485,True,291.87872588053204,UNDER
DHDDS,106,5.039,4.9678,5.9681,True,293.06684673375844,UNDER
TIMM13,51,5.0917,4.9448,4.1929,True,297.7739282564812,UNDER
TAF7,102,5.0126,4.9382,5.8248,True,304.33119790437286,UNDER
DDX6,114,5.0003,4.9335,6.1396,True,292.64072617675606,UNDER
BRIX1,150,4.9829,4.9319,7.0073,True,301.9840985060566,UNDER
USP8,25,5.2236,4.9279,3.015,True,299.4680225727984,UNDER
WDR43,137,4.9705,4.9145,6.6837,True,298.5783780310768,UNDER
MBNL1,239,4.9406,4.9081,8.7367,True,308.59783454095907,UNDER
TOMM22,96,4.9807,4.9011,5.6163,True,311.4364447033704,UNDER
SNRPF,48,5.0575,4.9001,4.0409,True,304.35204430925575,UNDER
MED14,265,4.9258,4.8963,9.1619,True,299.4578704191644,UNDER
NIFK,159,4.9438,4.8953,7.155,True,308.35918325834433,UNDER
BMS1,178,4.926,4.8825,7.5371,True,302.6095999438616,UNDER
MTPAP,38,5.0786,4.8801,3.612,True,317.42070082262654,UNDER
UTP20,97,4.9528,4.8736,5.6137,True,303.4317340756004,UNDER
PRELID1,62,4.9959,4.8728,4.5339,True,287.05299434778243,UNDER
GNL2,94,4.941,4.859,5.5137,True,313.9067626302461,UNDER
ABCE1,59,4.9776,4.8477,4.4072,True,308.4530364071607,UNDER
NOP16,106,4.9147,4.8416,5.8208,True,315.7851559319973,UNDER
MED29,39,5.0357,4.8406,3.6282,True,314.80605702047194,UNDER
RPL26,149,4.8764,4.824,6.8349,True,317.6001820222008,UNDER
ZFC3H1,88,4.9077,4.8195,5.3002,True,322.5461206079344,UNDER
HNRNPU,39,5.0098,4.8137,3.6095,True,311.3320874419128,UNDER
DDX56,87,4.8937,4.8043,5.2552,True,319.81858750324915,UNDER
C1orf131,60,4.926,4.797,4.3981,True,313.6359935225694,UNDER
RRN3,85,4.8833,4.7916,5.1839,True,318.946172765595,UNDER
RPL7,144,4.8446,4.79,6.6769,True,321.9971698527302,UNDER
SNRPE,45,4.9515,4.7798,3.8311,True,313.79942325073193,UNDER
POLR3B,65,4.8959,4.7761,4.5488,True,310.3600212196824,UNDER
SEC61G,108,4.847,4.7743,5.7941,True,311.1373536265458,UNDER
MAK16,54,4.9156,4.7718,4.1647,True,327.59759034483375,UNDER
XRN1,47,4.9356,4.7708,3.9024,True,315.0868932302335,UNDER
NAT10,34,4.9957,4.7695,3.3614,True,309.677381823321,UNDER
PTCD3,31,5.0139,4.7663,3.2218,True,329.1084568797024,UNDER
FCF1,84,4.8595,4.7662,5.1284,True,319.64154504544086,UNDER
RPF1,77,4.8642,4.7625,4.9163,True,326.1954498141709,UNDER
SEH1L,93,4.8351,4.7504,5.3669,True,300.2110484511754,UNDER
RPL18,61,4.8738,4.7456,4.3875,True,329.131083888525,UNDER
UTP6,71,4.8517,4.7411,4.71,True,319.68935028773245,UNDER
SMG7,49,4.8826,4.7229,3.9415,True,338.4644328812169,UNDER
MCM3AP,28,4.9975,4.7217,3.0523,True,318.77660836207986,UNDER
DHX37,131,4.7786,4.7177,6.285,True,326.0455314885444,UNDER
ZCCHC9,95,4.7988,4.7153,5.3832,True,325.520664747784,UNDER
RPL30,42,4.9008,4.7147,3.6638,True,329.90859998801733,UNDER
RPLP0,75,4.8197,4.7143,4.808,True,331.26702663755066,UNDER
CASC3,55,4.8546,4.7116,4.1508,True,335.21852741948163,UNDER
EIF4G1,73,4.8147,4.7063,4.739,True,316.66644757071913,UNDER
RPTOR,53,4.8539,4.7055,4.0744,True,314.10385969389034,UNDER
IMP4,93,4.7874,4.7019,5.314,True,329.169154433046,UNDER
RPL11,45,4.875,4.7006,3.7719,True,333.9350917872154,UNDER
NUMA1,69,4.799,4.6839,4.5932,True,327.1397234562216,UNDER
PRKCA,38,4.8889,4.6823,3.4771,True,317.1986465912332,UNDER
RCL1,198,4.719,4.6781,7.6087,True,329.9608077364169,UNDER
DHX29,39,4.8659,4.6637,3.5058,True,311.0388751166918,UNDER
NSA2,88,4.7504,4.6593,5.1304,True,343.8717625260554,UNDER
OGFOD1,68,4.7703,4.6528,4.5327,True,322.70360266593605,UNDER
RPL36,108,4.7242,4.6495,5.6473,True,344.0956474722516,UNDER
CACTIN,43,4.8271,4.6425,3.6512,True,330.81432294671947,UNDER
NEDD8-MDP1,47,4.8081,4.6388,3.8016,True,344.3457052594557,UNDER
EIF3E,52,4.7919,4.6385,3.9844,True,312.66728220297574,UNDER
RPL7L1,76,4.7406,4.6348,4.7603,True,347.3191886957347,UNDER
RPL9,43,4.8068,4.6214,3.6359,True,341.37920871806426,UNDER
SNRPA1,30,4.8606,4.5959,3.0726,True,328.12934729206495,UNDER
NOC2L,49,4.7573,4.5932,3.8403,True,340.68920754581615,UNDER
NOL6,94,4.6718,4.585,5.2132,True,348.92872283021654,UNDER
ZBTB14,41,4.7755,4.5795,3.5275,True,353.54401381793974,UNDER
LTV1,136,4.6352,4.5747,6.2104,True,347.11358449624316,UNDER
MPHOSPH10,146,4.629,4.5725,6.4232,True,348.31888792905454,UNDER
LSM6,61,4.7032,4.5701,4.2339,True,349.72685657545594,UNDER
NARS,98,4.6353,4.5514,5.2806,True,343.61318930842083,UNDER
SNRPD3,35,4.7733,4.543,3.2586,True,347.64683658834645,UNDER
UTP11,36,4.7561,4.5314,3.2927,True,355.450375850309,UNDER
LRPPRC,50,4.69,4.5268,3.8242,True,370.41875141466556,UNDER
SDAD1,132,4.5883,4.5254,6.0576,True,366.3813328996403,UNDER
INTS8,135,4.5822,4.5206,6.117,True,356.132127002766,UNDER
NMD3,120,4.5866,4.5173,5.7764,True,361.6667382996975,UNDER
RPS15,116,4.587,4.5153,5.6808,True,352.0264942900672,UNDER
NUP54,28,4.8026,4.5149,2.9333,True,336.88593948841617,UNDER
PABPN1,36,4.7397,4.5142,3.2814,True,335.93146869198733,UNDER
SNRPD1,36,4.733,4.5072,3.2767,True,337.6759779224045,UNDER
NOL11,148,4.5601,4.5035,6.3703,True,363.03415515933034,UNDER
DDX27,128,4.5647,4.4994,5.9353,True,365.4890993816256,UNDER
PWP2,106,4.5691,4.4904,5.4116,True,358.44005882439205,UNDER
RPL3,59,4.6282,4.4883,4.0979,True,369.2267896906247,UNDER
ISY1,33,4.7254,4.4781,3.1326,True,357.4893392656757,UNDER
RACK1,32,4.7324,4.4777,3.0895,True,350.08280271924787,UNDER
GTF2H1,44,4.6639,4.477,3.5684,True,360.6958775685641,UNDER
DMAP1,34,4.7153,4.475,3.1728,True,366.30946746599403,UNDER
RPL38,35,4.7066,4.4729,3.213,True,370.18872297872196,UNDER
C12orf45,110,4.521,4.4444,5.4538,True,375.4330939950282,UNDER
NAA10,119,4.4947,4.4234,5.6372,True,337.7956316540558,UNDER
TSG101,31,4.6827,4.4165,3.009,True,371.1917244917924,UNDER
RPS21,64,4.5468,4.4155,4.192,True,364.6252162854033,UNDER
RBX1,86,4.5026,4.4042,4.8076,True,365.3042629997101,UNDER
SNRPD2,43,4.5954,4.4011,3.476,True,369.8065597316188,UNDER
PNO1,116,4.4622,4.3885,5.5263,True,373.9776344566526,UNDER
XRCC6,90,4.4793,4.3847,4.8918,True,366.3535465975174,UNDER
RAD21,27,4.6843,4.3775,2.8096,True,357.712442926539,UNDER
GEMIN5,89,4.4697,4.3738,4.8543,True,380.2101001072633,UNDER
RPL6,90,4.4677,4.3728,4.8791,True,388.3521629394411,UNDER
NCBP1,51,4.5305,4.3647,3.7308,True,387.6924509702771,UNDER
PES1,136,4.4244,4.361,5.9279,True,389.6601318095768,UNDER
KIN,68,4.4856,4.3604,4.2621,True,387.45757565823885,UNDER
SEC61B,51,4.5238,4.3578,3.7253,True,379.31058343627916,UNDER
RPL4,60,4.4913,4.3494,4.01,True,387.81127654610754,UNDER
TEX10,180,4.3902,4.3418,6.7543,True,397.4041432962096,UNDER
HSPE1,159,4.3907,4.336,6.3546,True,392.1688179268413,UNDER
SMG1,26,4.6534,4.3322,2.739,True,392.3267253473981,UNDER
PPAN,140,4.3919,4.3299,5.9693,True,397.4056103884746,UNDER
RPL27A,39,4.5444,4.3273,3.2742,True,401.08581216276883,UNDER
CDC5L,35,4.5627,4.3212,3.1148,True,397.80985682922096,UNDER
CCNC,76,4.4331,4.3198,4.4516,True,377.3287980478214,UNDER
BUD23,38,4.5428,4.3198,3.231,True,394.8233946066086,UNDER
TYK2,37,4.5483,4.3193,3.1921,True,395.89917908285497,UNDER
RPLP1,25,4.6504,4.3156,2.6842,True,391.19827738315985,UNDER
PAF1,54,4.4681,4.3094,3.7856,True,389.69175338887413,UNDER
MLLT6,233,4.3455,4.3076,7.5892,True,392.26313390046244,UNDER
MED31,49,4.4753,4.3004,3.6126,True,385.03188439312834,UNDER
INTS4,66,4.4269,4.2961,4.1444,True,396.67049473817343,UNDER
FOXO1,69,4.4214,4.2961,4.2317,True,380.8654274175411,UNDER
RIOK2,64,4.4304,4.2955,4.0847,True,400.7477986790183,UNDER
MEIS3,186,4.3378,4.2904,6.7822,True,403.4697073983055,UNDER
DARS,37,4.5181,4.2876,3.171,True,371.0918748855126,UNDER
EBNA1BP2,46,4.4722,4.2856,3.4984,True,390.73704786989373,UNDER
WDR3,136,4.3497,4.2851,5.8278,True,399.1274200063618,UNDER
RPL24,51,4.4465,4.2774,3.6616,True,409.12713068750185,UNDER
TBP,85,4.3757,4.2731,4.6451,True,404.9619761112213,UNDER
RPAP3,66,4.4003,4.2687,4.1195,True,412.7920665882506,UNDER
RPL32,126,4.3292,4.2593,5.5855,True,409.07612621988494,UNDER
NOC3L,184,4.3073,4.259,6.6988,True,410.2774574345285,UNDER
EIF6,119,4.3316,4.2576,5.4327,True,413.36086732595874,UNDER
NOL8,193,4.2991,4.253,6.845,True,414.5118920316913,UNDER
DGCR8,36,4.4905,4.2519,3.1089,True,396.69244692940543,UNDER
URI1,161,4.3016,4.2464,6.2641,True,412.64292313911017,UNDER
WDTC1,59,4.3938,4.2462,3.8904,True,416.58762613930435,UNDER
WDR46,105,4.3293,4.2453,5.1035,True,411.8295620376324,UNDER
POLR1D,75,4.3589,4.242,4.3483,True,405.98737393635685,UNDER
MED19,266,4.2735,4.2397,7.9634,True,407.06700125765343,UNDER
SLC7A6OS,56,4.3951,4.2395,3.7917,True,409.47275832260294,UNDER
RPL35,82,4.3457,4.2386,4.5316,True,408.6113920812328,UNDER
CPSF4,108,4.3193,4.2375,5.1633,True,385.76573727509617,UNDER
PRPF19,49,4.4142,4.2368,3.5634,True,405.963763645209,UNDER
EMG1,47,4.4205,4.2357,3.4951,True,414.8995663915439,UNDER
NLE1,181,4.2793,4.23,6.6017,True,419.81436114159266,UNDER
RBM28,146,4.2875,4.2265,5.9495,True,417.790438335651,UNDER
CNOT1,42,4.4306,4.2239,3.3123,True,400.3821543606159,UNDER
SURF6,130,4.292,4.2236,5.6237,True,416.83811181096195,UNDER
PMPCA,98,4.3108,4.2205,4.9109,True,426.3788579719012,UNDER
RSL24D1,55,4.3634,4.2038,3.7308,True,415.23762000920397,UNDER
AATF,108,4.2845,4.202,5.1217,True,417.56136356817956,UNDER
C18orf21,66,4.3265,4.1926,4.0504,True,408.5772472934597,UNDER
UTP3,49,4.3712,4.192,3.5286,True,419.63909951429247,UNDER
MCEE,36,4.433,4.1911,3.069,True,416.33330249201197,UNDER
RPL13,70,4.3147,4.1881,4.1592,True,423.9672217649237,UNDER
ATP6V1A,26,4.5171,4.1854,2.6588,True,421.4392074438401,UNDER
RPL15,27,4.5049,4.1851,2.702,True,426.97144205004804,UNDER
PAXBP1,125,4.2528,4.1811,5.4654,True,417.58225401475653,UNDER
HSPD1,90,4.2799,4.1808,4.6741,True,431.84336218940535,UNDER
GNL3L,71,4.3054,4.1803,4.1796,True,426.59618582002315,UNDER
GTF2E2,728,4.1892,4.1762,12.6683,True,418.2313316422123,OVER
TPP2,60,4.322,4.1744,3.8589,True,426.18693499039114,UNDER
EIF2B1,252,4.2061,4.1698,7.6331,True,418.34469137815904,UNDER
ELP4,50,4.3453,4.1686,3.5432,True,394.04161528693476,UNDER
CTDP1,102,4.2555,4.1675,4.945,True,424.0062418722394,UNDER
DHX8,115,4.2308,4.1524,5.2173,True,423.4372719374792,UNDER
TOP1,109,4.2313,4.1485,5.0812,True,421.51995989407453,UNDER
ISG20L2,84,4.2529,4.146,4.4882,True,434.7075922987494,UNDER
GNL3,143,4.2079,4.1444,5.7794,True,436.660296099388,UNDER
POLR1B,50,4.3154,4.1375,3.5188,True,431.86123480787666,UNDER
SERPINB1,90,4.2356,4.1355,4.6257,True,396.8487226497797,UNDER
TEFM,78,4.2456,4.1302,4.3187,True,444.12321810683835,UNDER
GTF2F2,118,4.2069,4.13,5.2544,True,438.2062233465292,UNDER
RPS14,115,4.2087,4.1299,5.1901,True,432.23357269677405,UNDER
TSR2,279,4.1616,4.1284,7.9376,True,435.2603172161696,UNDER
CEBPZ,154,4.1803,4.121,5.9555,True,441.6202021022746,UNDER
MRPS14,29,4.4214,4.1183,2.7482,True,436.9100637576604,UNDER
GSPT1,168,4.1721,4.1175,6.2042,True,418.6907478238692,UNDER
RPS17,63,4.2573,4.1145,3.8944,True,433.86267453946806,UNDER
EIF2S3,37,4.3507,4.1108,3.0535,True,430.90025226355345,UNDER
MYBBP1A,100,4.1974,4.1064,4.8298,True,443.67967595535185,UNDER
THOC3,57,4.2496,4.0913,3.6986,True,430.0778639244217,UNDER
NOL9,53,4.2566,4.0865,3.573,True,446.5872692350273,UNDER
LSM4,41,4.296,4.0771,3.1733,True,439.7583351933371,UNDER
PPP4R2,81,4.1842,4.0715,4.3368,True,447.2545184090906,UNDER
SH3KBP1,58,4.2217,4.0651,3.7063,True,452.113678758426,UNDER
TOMM20,71,4.1869,4.0582,4.0646,True,460.73796968848177,UNDER
TFAP4,25,4.409,4.0544,2.5449,True,448.3844680710614,UNDER
GPN3,178,4.1021,4.0497,6.2764,True,452.66703912900186,UNDER
MED20,171,4.1024,4.0479,6.1542,True,454.1272038978281,UNDER
RNF20,124,4.1146,4.0398,5.2668,True,446.18185992262386,UNDER
MDN1,81,4.1473,4.0335,4.2985,True,461.63272814354445,UNDER
ARHGAP6,66,4.1725,4.0334,3.9062,True,458.6576974652429,UNDER
ARIH1,36,4.2827,4.0318,2.965,True,455.0394144626408,UNDER
MRPL49,55,4.1942,4.0278,3.5861,True,453.41170483979863,UNDER
SMARCC1,27,4.357,4.0254,2.6133,True,449.8689941007038,UNDER
CUL1,51,4.2018,4.0225,3.4601,True,437.7481087476605,UNDER
UBA3,32,4.2986,4.0165,2.8063,True,457.4890110004407,UNDER
COG8,47,4.2104,4.016,3.329,True,463.5983369210783,UNDER
ABT1,167,4.0655,4.0092,6.0281,True,462.36059595632133,UNDER
MTOR,129,4.0804,4.0079,5.3261,True,444.37295167977095,UNDER
PFDN6,34,4.2729,4.0062,2.8751,True,465.90660324767043,UNDER
CHERP,64,4.1464,4.0021,3.8229,True,463.22310262410315,UNDER
WDR70,82,4.114,4.0007,4.29,True,450.77917214604645,UNDER
POP4,129,4.0699,3.9971,5.3123,True,463.73520660461503,UNDER
LSM7,87,4.0991,3.9919,4.4019,True,451.1465060380802,UNDER
HMGCS1,132,4.0595,3.9882,5.3593,True,469.41737581974087,UNDER
BYSL,101,4.0738,3.981,4.7108,True,466.97246947039343,UNDER
NIP7,84,4.0908,3.9795,4.3172,True,472.4184154851684,UNDER
TFAM,2550,3.9798,3.9753,21.0144,True,484.3745743474274,OVER
RRP7A,127,4.0389,3.9644,5.2313,True,466.7153807042369,UNDER
PSMD13,68,4.097,3.9596,3.8929,True,480.1674896543797,UNDER
WDR36,82,4.0723,3.9577,4.2465,True,477.2327289952155,UNDER
PTPN23,51,4.1327,3.9502,3.4032,True,477.8240100873501,UNDER
DDX24,45,4.1546,3.9485,3.2145,True,476.7714096723826,UNDER
EIF3H,49,4.1332,3.9431,3.3365,True,452.00709298534565,UNDER
ALDOA,75,4.0612,3.9355,4.0514,True,475.9136401960386,UNDER
ATP5MD,41,4.1573,3.9307,3.0709,True,476.7140189079815,UNDER
SRFBP1,90,4.028,3.9226,4.399,True,485.13534790278266,UNDER
MRPL34,778,3.9314,3.9183,12.2649,True,474.1803580684104,OVER
EHMT2,123,3.9832,3.9052,5.0781,True,473.8801629206427,UNDER
ALG11,74,4.0295,3.9011,3.9931,True,486.3764049290188,UNDER
CSTF3,46,4.0997,3.8953,3.2069,True,491.2699528143788,UNDER
NOM1,291,3.9007,3.8667,7.5945,True,494.5935494082532,UNDER
MAX,76,3.9794,3.8528,3.996,True,502.48312525758587,UNDER
NVL,148,3.9144,3.8484,5.4683,True,511.02743106837767,UNDER
RPL39,164,3.906,3.8463,5.74,True,507.35334906227587,UNDER
IARS2,88,3.9543,3.8444,4.2706,True,503.04419724103565,UNDER
SF3B3,124,3.9225,3.8439,5.0209,True,486.5597126039522,UNDER
CARF,77,3.9683,3.843,4.0109,True,508.82794724334195,UNDER
GTF2B,45,4.0537,3.8422,3.1365,True,487.96068704005495,UNDER
POLD3,71,3.9731,3.8372,3.857,True,508.48684956917265,UNDER
RNF40,49,4.0222,3.8267,3.2469,True,506.6488620022041,UNDER
POP1,82,3.9444,3.8261,4.1132,True,508.976651350011,UNDER
LAS1L,157,3.8851,3.8224,5.5878,True,516.0262555640137,UNDER
AAMP,43,4.0337,3.8109,3.0511,True,521.6079448515968,UNDER
KANSL2,79,3.9278,3.8044,4.0208,True,516.2495582350396,UNDER
CSNK2B,147,3.8679,3.8007,5.3853,True,506.9465917595429,UNDER
RPP30,141,3.8637,3.7935,5.2699,True,514.6275773414229,UNDER
PI4KA,166,3.8448,3.7848,5.6839,True,517.3175643462049,UNDER
ZC3H13,102,3.8802,3.7835,4.5088,True,523.230845646418,UNDER
RBM25,60,3.9446,3.7822,3.5219,True,523.461314464598,UNDER
GTPBP4,138,3.8469,3.7749,5.1915,True,523.1346725104025,UNDER
WDR82,35,4.049,3.7747,2.7641,True,519.5190292289088,UNDER
COPS5,54,3.954,3.7738,3.35,True,505.839822434231,UNDER
RBBP5,128,3.8505,3.7729,5.0067,True,527.0752401086735,UNDER
UTP25,41,4.0067,3.7711,2.9597,True,513.2218428607504,UNDER
NOL10,65,3.9162,3.7654,3.6386,True,522.366178354417,UNDER
CAST,86,3.8784,3.7636,4.1411,True,543.8357458552725,UNDER
RPL37,44,3.9694,3.748,3.037,True,540.8893363323909,UNDER
DROSHA,36,4.0129,3.744,2.7782,True,524.6601841095115,UNDER
RPS19BP1,106,3.8311,3.7369,4.5374,True,532.7125067463656,UNDER
DHX36,106,3.8281,3.7339,4.534,True,533.0380954587566,UNDER
MED8,107,3.826,3.7325,4.5526,True,536.5147929304648,UNDER
C14orf178,107,3.8246,3.7311,4.5509,True,536.5054350497696,UNDER
POLR2F,48,3.9257,3.7208,3.1366,True,539.5457545448284,UNDER
RPP40,90,3.8291,3.718,4.1817,True,545.7000225746168,UNDER
RPP14,222,3.7589,3.7129,6.4109,True,536.6187293675147,UNDER
POLL,82,3.8345,3.7127,3.9986,True,509.3816708382909,UNDER
DBR1,152,3.7783,3.7116,5.3481,True,519.5136880911036,UNDER
POLR2I,126,3.79,3.7099,4.8897,True,524.5982402000833,UNDER
RPS29,164,3.7694,3.7075,5.5393,True,533.0014490964079,UNDER
SLC39A7,118,3.7872,3.7016,4.7301,True,557.9810678777649,UNDER
GTF2H2C,61,3.86,3.6967,3.4748,True,534.2161887412468,UNDER
PDRG1,35,3.9746,3.6948,2.7133,True,548.9815588692218,UNDER
RNMT,80,3.8164,3.6908,3.9311,True,531.6802076003664,UNDER
RPLP2,79,3.816,3.6888,3.9063,True,555.5748162803062,UNDER
RIOK1,171,3.7473,3.6875,5.6214,True,555.7656411031973,UNDER
SLBP,95,3.7913,3.685,4.253,True,541.958102506298,UNDER
GTF3C2,75,3.8189,3.685,3.8096,True,513.0398699933561,UNDER
IPO7,127,3.7583,3.6782,4.8679,True,554.1748208748761,UNDER
PMPCB,291,3.7102,3.6744,7.2235,True,565.1977014403586,UNDER
GTF3A,56,3.8441,3.6651,3.3164,True,547.0747893107338,UNDER
SETD1A,65,3.8078,3.6525,3.5378,True,535.4771401107726,UNDER
COPS2,62,3.8069,3.644,3.4549,True,530.0754090884656,UNDER
SRP54,167,3.7049,3.643,5.4934,True,571.1750372331759,UNDER
UTP23,172,3.6995,3.6393,5.5656,True,556.924454241565,UNDER
UTP18,91,3.7506,3.6384,4.1186,True,557.3687086148742,UNDER
THG1L,59,3.8095,3.6383,3.373,True,569.7316771768795,UNDER
RPS4X,84,3.7592,3.6378,3.9672,True,569.7003870833473,UNDER
MTBP,202,3.6885,3.637,6.0059,True,561.1798918114331,UNDER
AURKAIP1,100,3.7382,3.6358,4.3015,True,550.7924853502045,UNDER
SF3B2,35,3.9028,3.6175,2.6643,True,566.1964830956547,UNDER
DIMT1,186,3.672,3.6159,5.7413,True,573.9333054463837,UNDER
CDC73,31,3.9291,3.6078,2.5248,True,580.3560065556408,UNDER
TBC1D1,40,3.8561,3.6043,2.8135,True,580.3371980615373,UNDER
INTS9,144,3.6761,3.6038,5.0664,True,568.7486980067704,UNDER
VMP1,32,3.9116,3.5992,2.5536,True,550.1246495562244,UNDER
SNRNP27,63,3.7615,3.5992,3.4409,True,569.8827804465807,UNDER
RPL21,62,3.7639,3.599,3.4158,True,585.1568306649004,UNDER
CUL2,105,3.6958,3.5972,4.3568,True,578.7938617502492,UNDER
PTCD1,72,3.7394,3.5967,3.6554,True,549.9516419410451,UNDER
PSMD4,65,3.7513,3.5935,3.4853,True,566.9927879501088,UNDER
KRR1,90,3.6989,3.5838,4.0396,True,582.0443786210515,UNDER
TAF6,94,3.6918,3.5814,4.1197,True,596.3557517795439,UNDER
TARDBP,802,3.5811,3.5672,11.3323,True,562.4751747622727,OVER
ERCC2,86,3.6753,3.554,3.9242,True,589.5184520386765,UNDER
RPIA,38,3.8188,3.5506,2.716,True,581.7864868981903,UNDER
INTS3,90,3.6618,3.5454,3.999,True,591.9333063134483,UNDER
PRPF4B,40,3.8001,3.5443,2.7727,True,549.8275267532217,UNDER
SLC35B1,65,3.7033,3.5435,3.4408,True,592.8343313578384,UNDER
SPAG7,31,3.8691,3.5424,2.4862,True,588.6461062943813,UNDER
DDX23,60,3.7077,3.5345,3.3104,True,553.9295835303498,UNDER
DHX15,41,3.7828,3.5322,2.7942,True,600.3328348214425,UNDER
DDX20,61,3.6969,3.526,3.328,True,588.9412002451951,UNDER
MNAT1,139,3.5952,3.5185,4.8691,True,590.1307094730971,UNDER
PPIL4,82,3.6404,3.5118,3.7961,True,595.9846039211426,UNDER
COTL1,98,3.6188,3.5107,4.1226,True,616.4140107718914,UNDER
DKC1,97,3.6161,3.5068,4.0986,True,616.3391689186096,UNDER
TCOF1,34,3.8005,3.4979,2.5573,True,590.8169785455591,UNDER
PGD,76,3.6343,3.4952,3.6495,True,591.3839301190386,UNDER
LSG1,165,3.5529,3.4876,5.2368,True,629.4127474327579,UNDER
GINS1,186,3.537,3.4787,5.5302,True,613.6634017076867,UNDER
PTGR2,94,3.591,3.4774,4.0073,True,607.6244389127174,UNDER
SEM1,109,3.5743,3.476,4.2923,True,615.5811737115331,UNDER
SNRNP48,68,3.6303,3.4744,3.4495,True,619.2435341085601,UNDER
SRRM1,86,3.597,3.473,3.8407,True,614.6789402003795,UNDER
DPH2,66,3.6246,3.4636,3.3933,True,628.394566930249,UNDER
HMBOX1,63,3.6267,3.458,3.3176,True,632.0191258469299,UNDER
MED28,38,3.7314,3.4564,2.6539,True,596.4616719667654,UNDER
CTPS1,27,3.8247,3.4422,2.294,True,628.0157046782795,UNDER
GINS4,155,3.5123,3.4419,5.0197,True,611.4477819710086,UNDER
DDX52,217,3.4925,3.4418,5.8903,True,637.1139683625435,UNDER
NOC4L,145,3.5134,3.4381,4.8587,True,638.7576998895101,UNDER
ATP6V1D,53,3.6385,3.4379,3.0541,True,649.5059893024779,UNDER
AP2S1,25,3.8492,3.4373,2.2218,True,627.5729929255363,UNDER
RPP38,42,3.6882,3.437,2.7572,True,639.110262655046,UNDER
TMX2,214,3.4862,3.4347,5.8396,True,641.2797940255988,UNDER
RPS10-NUDT3,104,3.53,3.4256,4.1416,True,616.9294393716,UNDER
ZNHIT6,89,3.5454,3.4238,3.8505,True,645.969907981262,UNDER
MRPL32,28,3.795,3.4236,2.3179,True,604.735441024179,UNDER
RBM42,30,3.7713,3.4235,2.3841,True,621.1648197464184,UNDER
UXT,55,3.607,3.4121,3.0841,True,656.2096904663764,UNDER
POU3F1,243,3.4488,3.4029,6.1484,True,649.5570233517963,UNDER
DDX21,198,3.4566,3.4005,5.5733,True,661.040869297648,UNDER
CPSF6,51,3.6103,3.4,2.973,True,632.603803135242,UNDER
WDR7,43,3.6453,3.3971,2.7573,True,640.6261319986481,UNDER
ALG2,79,3.5328,3.3951,3.6164,True,635.6147174765606,UNDER
TMSB10,30,3.7456,3.3951,2.3678,True,661.7208296321845,UNDER
CWC15,35,3.6916,3.3885,2.5201,True,623.5977248342172,UNDER
PPIH,73,3.5307,3.3813,3.4752,True,612.1390790824868,UNDER
GMPS,40,3.6445,3.377,2.6592,True,651.4270463142864,UNDER
BDP1,62,3.5394,3.3635,3.2121,True,652.6089648012301,UNDER
SRP68,214,3.4147,3.3622,5.72,True,678.5383482813755,UNDER
TTI1,117,3.4537,3.3588,4.2955,True,669.0220135831788,UNDER
NOP10,48,3.584,3.3583,2.8636,True,683.6671761285819,UNDER
POLR3C,73,3.5083,3.358,3.4531,True,650.5112811483351,UNDER
LRP5,87,3.48,3.3531,3.7371,True,670.8120142847915,UNDER
THOC7,96,3.465,3.3496,3.9072,True,651.2008323232781,UNDER
TRMT112,232,3.392,3.3431,5.9114,True,677.8310982815228,UNDER
SART3,183,3.4041,3.3424,5.2799,True,669.8004570269671,UNDER
GARS,112,3.4398,3.3402,4.1866,True,667.4679565576469,UNDER
RTF1,44,3.5852,3.3385,2.7431,True,671.1047924243687,UNDER
KLHL17,70,3.4893,3.3316,3.3636,True,658.474831402909,UNDER
SAP130,32,3.6628,3.3272,2.3912,True,669.7396124539968,UNDER
RRP9,160,3.3975,3.327,4.9324,True,686.9670579613249,UNDER
TBCB,45,3.5686,3.3263,2.7611,True,662.4275729834983,UNDER
MAD2L1,70,3.4836,3.3255,3.3581,True,647.5592190305633,UNDER
RPL12,74,3.4741,3.3244,3.4427,True,656.1549691273271,UNDER
POP7,117,3.4197,3.3238,4.2531,True,690.4642843040776,UNDER
MAT2A,42,3.5826,3.3235,2.6783,True,679.9528389804102,UNDER
SNTB2,68,3.4834,3.3206,3.3099,True,667.1743179089309,UNDER
SUDS3,65,3.4866,3.3163,3.2394,True,704.569640139594,UNDER
YAE1,42,3.5758,3.3162,2.6732,True,696.1984719981928,UNDER
KRI1,169,3.381,3.3139,5.0426,True,689.9888373681467,UNDER
MTHFD1,69,3.4723,3.3114,3.3233,True,691.8567140952293,UNDER
PPRC1,74,3.4605,3.3101,3.4292,True,703.5825789872939,UNDER
WDR25,56,3.5065,3.3093,3.0251,True,667.3696737566908,UNDER
GPN2,53,3.5152,3.3071,2.9506,True,698.4029836945548,UNDER
TFPT,25,3.7322,3.3057,2.1542,True,683.7013045364624,UNDER
NAE1,44,3.5529,3.3038,2.7184,True,674.5760234291006,UNDER
ACTB,133,3.3834,3.2982,4.4835,True,686.3943878737429,UNDER
PEX1,34,3.6074,3.2871,2.4273,True,697.8062630834755,UNDER
COPS4,76,3.4313,3.2836,3.4456,True,666.776946923343,UNDER
POLD2,79,3.4224,3.28,3.5034,True,693.2896500168766,UNDER
ZMAT2,76,3.4231,3.275,3.4373,True,686.4078689674456,UNDER
NOL12,128,3.3635,3.2744,4.3735,True,716.9989230863307,UNDER
RELL2,39,3.5548,3.2726,2.5612,True,717.2275574598519,UNDER
DERL2,74,3.4244,3.2724,3.3935,True,704.7598018756756,UNDER
ZNHIT2,37,3.5673,3.2704,2.5037,True,696.5310200104472,UNDER
NOP14,218,3.3223,3.2692,5.6159,True,708.4680095777553,UNDER
ZC3H18,53,3.4706,3.2597,2.9132,True,716.9657858392058,UNDER
RAMAC,90,3.3826,3.2563,3.6941,True,705.4958427226703,UNDER
MCM4,39,3.5331,3.249,2.5455,True,694.2581697944743,UNDER
RNF31,85,3.3813,3.2474,3.5894,True,720.724281854193,UNDER
PCM1,37,3.5413,3.242,2.4854,True,725.579784039818,UNDER
ABCB7,72,3.3963,3.2386,3.3201,True,710.0735824777744,UNDER
FAM102B,118,3.336,3.2385,4.1666,True,714.4835109361925,UNDER
CHD4,96,3.3559,3.2366,3.7842,True,730.5586445599563,UNDER
RBM12,31,3.5892,3.2343,2.3063,True,719.6549234975342,UNDER
NDUFAF5,30,3.5994,3.2331,2.2754,True,734.9676987111079,UNDER
METTL21A,53,3.4423,3.2296,2.8895,True,729.4243296507717,UNDER
GTF2E1,63,3.4084,3.2283,3.1179,True,723.1146363297357,UNDER
SPOUT1,89,3.3567,3.228,3.6456,True,742.015498591499,UNDER
CPSF3,339,3.2581,3.223,6.8327,True,742.2545788465379,UNDER
CLOCK,416,3.2509,3.222,7.5278,True,750.8738850112725,UNDER
ZBTB4,61,3.4044,3.2181,3.0647,True,739.931285154378,UNDER
GLB1,108,3.3164,3.2092,3.9645,True,741.7403033507538,UNDER
MRTO4,61,3.396,3.2092,3.0571,True,748.9589304462166,UNDER
GLE1,30,3.5775,3.2087,2.2615,True,648.1707840598843,UNDER
SNRPB,40,3.4876,3.2071,2.5447,True,712.8728041155485,UNDER
GNPAT,35,3.5233,3.2044,2.4052,True,738.421626809201,UNDER
NELFE,132,3.2914,3.2031,4.3453,True,733.1021799737048,UNDER
CHMP1A,38,3.4959,3.2007,2.4864,True,743.5508717377646,UNDER
ETF1,65,3.3753,3.1991,3.136,True,715.365342578549,UNDER
SYNGR3,35,3.5183,3.1988,2.4018,True,714.344624392024,UNDER
MCM2,96,3.3125,3.1916,3.7352,True,728.5829001109818,UNDER
WARS,57,3.3896,3.1889,2.9501,True,751.4451423562145,UNDER
CD3EAP,174,3.2541,3.1863,4.9236,True,757.7214687445389,UNDER
TXN,45,3.438,3.1858,2.6601,True,744.067246667571,UNDER
SDC1,154,3.2571,3.1805,4.6401,True,743.8053367384205,UNDER
URB1,134,3.2647,3.177,4.3422,True,767.9746250953422,UNDER
CTCF,43,3.4299,3.1648,2.5944,True,754.5208076631569,UNDER
POLR1E,257,3.2105,3.1638,5.8827,True,771.3176362385328,UNDER
WDR26,70,3.329,3.1632,3.209,True,745.4342647281933,UNDER
PRPF40A,48,3.4008,3.1622,2.7173,True,765.0418137941075,UNDER
ITGB1BP1,72,3.3197,3.1582,3.2452,True,744.4802865886205,UNDER
EXOC7,89,3.286,3.1544,3.5688,True,763.2409447515528,UNDER
RAE1,28,3.5523,3.1525,2.1696,True,733.1960654443255,UNDER
BTF3,248,3.1977,3.1491,5.758,True,710.7708032496488,UNDER
LYRM4,41,3.4266,3.1479,2.5311,True,735.9595515775471,UNDER
ZNF787,78,3.2958,3.1458,3.3526,True,780.7461532246646,UNDER
BRF1,101,3.2616,3.1449,3.7716,True,733.0722799488557,UNDER
ZWINT,26,3.5742,3.1446,2.1038,True,747.9127186422626,UNDER
DNAJA3,99,3.2624,3.1433,3.7353,True,770.3838875277023,UNDER
GEMIN7,33,3.4829,3.1393,2.3089,True,728.3329091180601,UNDER
CCNH,212,3.1909,3.1341,5.3205,True,775.7261575293668,UNDER
NOB1,172,3.1984,3.1285,4.8117,True,777.7363372251612,UNDER
CWF19L2,101,3.2443,3.127,3.7516,True,773.266703862368,UNDER
PELP1,169,3.1976,3.1265,4.7691,True,792.2048410675637,UNDER
HPS5,60,3.3194,3.1247,2.9637,True,778.9085657088912,UNDER
SNRPC,35,3.4447,3.1177,2.3516,True,750.2989289863407,UNDER
CMTR1,87,3.2537,3.1176,3.4941,True,758.8003133343142,UNDER
BMP2K,38,3.4169,3.1142,2.4302,True,792.6676367994957,UNDER
SSU72,268,3.1578,3.1122,5.9059,True,759.4812441541867,UNDER
TCERG1,61,3.3017,3.1093,2.9723,True,782.3214618244548,UNDER
GTF2H4,121,3.2072,3.1082,4.0558,True,786.924976821506,UNDER
MCM3,263,3.1547,3.1082,5.846,True,766.1563733298167,UNDER
EMC4,52,3.3292,3.1044,2.7682,True,797.4117906474314,UNDER
CENPP,77,3.2581,3.1042,3.293,True,802.7107920035323,UNDER
NDUFAF7,43,3.3709,3.1009,2.5498,True,802.9898179813639,UNDER
UBL5,36,3.415,3.0944,2.3642,True,775.5268962364934,UNDER
CSE1L,52,3.3196,3.0941,2.7602,True,769.3366684168294,UNDER
VPS13D,107,3.2051,3.093,3.8138,True,768.7239746262203,UNDER
ZDHHC7,611,3.113,3.0922,8.6656,True,799.3159741284542,UNDER
UQCRFS1,66,3.2622,3.0824,3.054,True,782.8413816053146,UNDER
MCM6,292,3.124,3.0816,6.0925,True,773.62349364137,UNDER
SF3B1,49,3.3213,3.0816,2.6811,True,799.3376640197692,UNDER
TELO2,94,3.2084,3.0807,3.5802,True,798.7028515090342,UNDER
SPCS2,56,3.2913,3.0805,2.8395,True,820.4776615639821,UNDER
DDX49,37,3.3891,3.0751,2.3786,True,811.1631456834218,UNDER
TAF1A,35,3.4045,3.0733,2.3241,True,801.9994323582856,UNDER
PMF1,138,3.1608,3.0727,4.2656,True,797.0364065723415,UNDER
PAK1IP1,49,3.3034,3.0623,2.6666,True,813.3250521094153,UNDER
ASCC3,100,3.1823,3.0613,3.6618,True,837.0381195237331,UNDER
CCNL1,71,3.2215,3.0524,3.1274,True,808.9706318789541,UNDER
MRM1,93,3.1806,3.0503,3.5305,True,828.2227437521228,UNDER
ERCC3,85,3.1917,3.0495,3.3881,True,826.8205614264948,UNDER
PRPF6,37,3.3621,3.0453,2.3597,True,787.1849640216042,UNDER
BRD2,95,3.1716,3.0438,3.5579,True,829.0408667053805,UNDER
PSMB7,27,3.4653,3.0379,2.0785,True,808.5712536530594,UNDER
ZBTB11,29,3.4367,3.0368,2.1361,True,794.6035364920518,UNDER
NAA25,181,3.0992,3.0307,4.7812,True,816.6919286293278,UNDER
GTF3C3,48,3.2782,3.0299,2.6193,True,806.2005016873226,UNDER
RRP15,82,3.1739,3.0256,3.3097,True,844.9220077005763,UNDER
WDR55,53,3.2513,3.0251,2.7291,True,850.1665767561855,UNDER
CDK9,87,3.1648,3.0247,3.3987,True,846.1087829245845,UNDER
EEFSEC,51,3.2593,3.0246,2.684,True,797.6970770688215,UNDER
RBM48,122,3.1236,3.0227,3.9662,True,852.0746266501773,UNDER
CCDC59,196,3.0809,3.0172,4.9427,True,849.5023131329167,UNDER
BOP1,313,3.0511,3.0105,6.1551,True,856.4964837546821,UNDER
RRP1,114,3.1174,3.0092,3.8277,True,845.4444206064679,UNDER
TAF3,101,3.1304,3.0086,3.6199,True,846.2918542358514,UNDER
SERF2,48,3.2574,3.0074,2.6027,True,822.1154693369901,UNDER
CDC42,42,3.2886,3.0043,2.4585,True,802.029898584221,UNDER
SSBP1,41,3.2942,3.0032,2.4333,True,873.0099205986432,UNDER
SPCS3,122,3.102,3.0004,3.9388,True,874.6032016602262,UNDER
VPS37A,88,3.1383,2.9986,3.3894,True,823.7572301498121,UNDER
RBM19,50,3.2381,2.9969,2.6404,True,824.5011827487275,UNDER
TPR,30,3.3887,2.9968,2.1422,True,831.6292737207904,UNDER
FBXL14,301,3.033,2.9906,6.0032,True,861.8983444993876,UNDER
ZNRD1,122,3.0885,2.9864,3.9216,True,869.1087597487,UNDER
RFC4,32,3.3523,2.9819,2.1885,True,841.5743164897071,UNDER
DDX55,390,3.0137,2.9806,6.7644,True,883.6328964136181,UNDER
IMPA2,75,3.1412,2.9769,3.1336,True,835.9703547328257,UNDER
RNPC3,33,3.33,2.9687,2.2075,True,855.549487429507,UNDER
ZC3H8,40,3.2689,2.9678,2.3851,True,861.3207791845333,UNDER
TSEN54,80,3.1225,2.9677,3.2164,True,855.0234957432643,UNDER
CDAN1,67,3.1512,2.9674,2.9722,True,862.8520819545,UNDER
CENPJ,115,3.0747,2.9659,3.7917,True,858.6856289501898,UNDER
CCT7,43,3.2427,2.961,2.4528,True,864.9955874222412,UNDER
ELP3,205,3.014,2.9517,4.9433,True,859.3781748168198,UNDER
KAT7,83,3.1004,2.9502,3.2525,True,882.7931845809154,UNDER
TTC1,168,3.0237,2.948,4.4965,True,885.2979472629727,UNDER
INTS11,72,3.1199,2.9474,3.0499,True,895.5379736304762,UNDER
TOPBP1,81,3.0991,2.9451,3.2121,True,865.5036394903674,UNDER
TBL3,48,3.1963,2.9411,2.5539,True,903.2198294623565,UNDER
CPNE1,36,3.2747,2.939,2.2671,True,880.6545828243143,UNDER
MCMBP,171,3.0081,2.9333,4.5125,True,867.77878002329,UNDER
SART1,66,3.1205,2.932,2.9213,True,832.4637571749612,UNDER
WDR92,33,3.2946,2.9289,2.184,True,908.1596256686945,UNDER
RBM14-RBM4,226,2.9818,2.9246,5.1303,True,879.8164042534706,UNDER
SAE1,52,3.1576,2.9196,2.6255,True,920.7694840853686,UNDER
CLP1,27,3.3604,2.9176,2.0156,True,899.6466308097487,UNDER
ESF1,233,2.9729,2.9172,5.192,True,895.4387084723396,UNDER
GMPPB,83,3.0667,2.9148,3.2172,True,898.8655979506509,UNDER
ATP6V0D1,40,3.2208,2.9147,2.35,True,885.9259629157281,UNDER
CHCHD4,160,2.9949,2.9146,4.3478,True,898.6901291473348,UNDER
U2SURP,27,3.3482,2.9035,2.0082,True,905.8865953668854,UNDER
CTNNBL1,82,3.057,2.9027,3.1878,True,886.8693696170146,UNDER
AAR2,47,3.166,2.9024,2.5033,True,926.5189898444229,UNDER
TERF2,95,3.0351,2.9012,3.4047,True,933.0243260264524,UNDER
POLR2M,101,3.026,2.8998,3.4992,True,912.3271035573044,UNDER
WAC,53,3.1319,2.8965,2.6289,True,907.2517742958345,UNDER
TWSG1,62,3.0945,2.8917,2.8084,True,903.7977908704079,UNDER
ZNF236,465,2.9199,2.891,7.1338,True,927.5311032662831,UNDER
NAA38,51,3.1283,2.883,2.5761,True,918.8267064907631,UNDER
EPB41L2,77,3.0454,2.8802,3.078,True,924.984590665716,UNDER
PHF5A,126,2.9792,2.8767,3.8438,True,874.8464822201739,UNDER
BNIP1,105,2.9959,2.8733,3.5316,True,959.0790158571168,UNDER
SIRT7,265,2.9199,2.87,5.431,True,901.0432554051632,UNDER
COPS3,69,3.0514,2.8669,2.9205,True,917.806647598724,UNDER
SMNDC1,30,3.2661,2.8574,2.0647,True,917.3343671826035,UNDER
GTF2H2,72,3.0335,2.8558,2.9654,True,926.8303802456525,UNDER
HBS1L,50,3.1077,2.8554,2.534,True,918.6604749933746,UNDER
MCM5,75,3.0253,2.8545,3.018,True,912.2932171148257,UNDER
PABPC1,76,3.0225,2.8537,3.0351,True,898.6654137374326,UNDER
PIP4K2C,52,3.0937,2.8504,2.5724,True,920.311590271556,UNDER
CPSF1,122,2.9507,2.8436,3.7467,True,903.6773054644088,UNDER
INTS1,86,2.9904,2.8399,3.1929,True,951.7926797982237,UNDER
ARL6IP6,59,3.0554,2.839,2.7053,True,960.1441676722357,UNDER
CDC37,55,3.0694,2.8379,2.6244,True,961.0624689249847,UNDER
ZNF559,69,3.0172,2.8305,2.8878,True,959.8954482118119,UNDER
NCAPH,26,3.2996,2.8286,1.9422,True,927.7502235486953,UNDER
SUPT6H,40,3.1432,2.8286,2.2934,True,971.5813641551109,UNDER
ATP6V1B2,37,3.1649,2.826,2.2212,True,986.1625487473692,UNDER
HNRNPK,39,3.1408,2.8174,2.2629,True,984.2663034486711,UNDER
AFG3L2,107,2.939,2.8163,3.4972,True,975.0797628379875,UNDER
DUT,32,3.2059,2.8162,2.0929,True,979.7202302139972,UNDER
EXOSC10,54,3.0518,2.8143,2.5856,True,936.2249725898157,UNDER
FAM32A,37,3.1516,2.8111,2.2119,True,934.224297956749,UNDER
SFPQ,47,3.081,2.8095,2.4361,True,924.4359913811269,UNDER
SAP18,61,3.0109,2.7985,2.7105,True,928.6408339052277,UNDER
CARS,68,2.9836,2.7918,2.835,True,997.6544790395976,UNDER
NRF1,78,2.9588,2.7907,3.0097,True,990.9540054273618,UNDER
BUB3,25,3.2824,2.788,1.8946,True,991.6417391611192,UNDER
PPP4C,47,3.0578,2.784,2.4177,True,979.997660563951,UNDER
TOP3A,83,2.9422,2.7835,3.0866,True,1007.3304873084049,UNDER
ZNHIT1,92,2.9248,2.781,3.2291,True,978.3578043472758,UNDER
KAT5,34,3.1497,2.7771,2.1193,True,984.165923490989,UNDER
GFER,111,2.8961,2.7761,3.5094,True,1011.8085956255617,UNDER
TAF1D,175,2.8531,2.776,4.3291,True,1018.3487951405184,UNDER
KARS,42,3.0774,2.7715,2.3007,True,1003.7342976690143,UNDER
NELFA,129,2.875,2.771,3.7526,True,1035.5707378623076,UNDER
CAPZB,89,2.9192,2.7702,3.1704,True,960.2345334846126,UNDER
BUB1B,45,3.0522,2.7651,2.3616,True,977.5694036279052,UNDER
MEMO1,55,3.0017,2.7645,2.5665,True,1041.8322212247133,UNDER
NELFB,223,2.8229,2.7616,4.8251,True,1039.0990986306435,UNDER
ATP6V1F,28,3.2086,2.7594,1.9597,True,1015.6491920635641,UNDER
EMC7,66,2.9589,2.7593,2.77,True,1039.589226097888,UNDER
TNRC6A,162,2.8426,2.7589,4.1521,True,965.1213113907502,UNDER
MRPL13,43,3.0514,2.7502,2.3081,True,991.1180031524717,UNDER
PABPC4,129,2.8431,2.7379,3.711,True,1019.8145184670365,UNDER
USPL1,35,3.1036,2.7361,2.1187,True,1013.2847502346783,UNDER
VPS72,78,2.9067,2.7354,2.9567,True,1022.6340322651956,UNDER
CCT4,56,2.9578,2.7212,2.5517,True,1017.6161779063403,UNDER
POLR2K,29,3.1607,2.7205,1.9645,True,1025.1297869902212,UNDER
GINS2,141,2.8173,2.7203,3.8427,True,1021.4883305231012,UNDER
EIF2S2,53,2.9683,2.7188,2.4916,True,1023.3285348806635,UNDER
KIAA0586,63,2.9253,2.7134,2.676,True,1077.481190394737,UNDER
RFC2,41,3.0304,2.7112,2.2385,True,1067.6188267623318,UNDER
SRP19,76,2.8865,2.7093,2.8986,True,1080.8829651821154,UNDER
SDR39U1,45,3.0018,2.7093,2.3225,True,1075.7917149939847,UNDER
WTAP,238,2.7649,2.7062,4.8793,True,1082.235947823087,UNDER
PGAM5,90,2.8542,2.7033,3.1171,True,1056.801163113254,UNDER
ANAPC10,37,3.0556,2.703,2.1445,True,1035.2540536534298,UNDER
NHP2,129,2.8047,2.698,3.6609,True,1083.2205992770027,UNDER
DDX51,289,2.7445,2.6957,5.3255,True,1077.1143825623096,UNDER
GTF3C6,97,2.8364,2.6957,3.2149,True,1008.4612817676284,UNDER
NBAS,102,2.824,2.6897,3.2816,True,1113.383271849904,UNDER
TOMM40,109,2.8095,2.6832,3.3738,True,1115.0544800111031,UNDER
COG4,54,2.9303,2.682,2.4827,True,1088.7159241059073,UNDER
ARGLU1,62,2.8985,2.6809,2.6305,True,1079.1179943544646,UNDER
CIAPIN1,140,2.7788,2.6796,3.7768,True,1076.6879887002178,UNDER
PRPF18,57,2.9086,2.6721,2.5315,True,1051.7141840172092,UNDER
URB2,211,2.7309,2.664,4.543,True,1122.8080435524894,UNDER
TSR1,412,2.6858,2.6505,6.1904,True,1115.0122637422708,UNDER
CHMP4B,69,2.8486,2.6501,2.7264,True,1078.0863667536175,UNDER
ZNF143,79,2.8214,2.6469,2.8881,True,1132.6713466729016,UNDER
RINT1,119,2.7573,2.6395,3.4583,True,1140.1554243438836,UNDER
PRMT1,50,2.9094,2.6383,2.3724,True,1090.8731560506699,UNDER
NUF2,32,3.0505,2.638,1.9914,True,1019.0846618679168,UNDER
NAA50,66,2.841,2.6325,2.6597,True,1084.7179649709826,UNDER
PNPT1,131,2.7367,2.629,3.5995,True,1142.2849104169468,UNDER
ATP11B,190,2.7008,2.6256,4.2673,True,1126.1133146203724,UNDER
UBA2,94,2.7734,2.6246,3.0949,True,1130.1568905072077,UNDER
ATP6V1G1,75,2.8061,2.6209,2.7993,True,1157.488671865469,UNDER
STX18,83,2.788,2.62,2.9248,True,1159.7556969497607,UNDER
GTF2H3,91,2.7724,2.6185,3.0443,True,1153.2545293990295,UNDER
POP5,203,2.6864,2.6157,4.3849,True,1152.7041718079402,UNDER
PSMG1,50,2.8807,2.6066,2.3489,True,1136.046428691038,UNDER
DAD1,70,2.8003,2.601,2.6994,True,1197.7342686615946,UNDER
RABGGTA,166,2.6871,2.6006,3.9725,True,1121.3984825959863,UNDER
PNN,91,2.7474,2.5921,3.0169,True,1160.6438005395,UNDER
LSM3,126,2.6978,2.5841,3.4807,True,1176.3061653471868,UNDER
DDX46,240,2.6337,2.5725,4.6668,True,1143.5471583109575,UNDER
METTL14,85,2.7375,2.5703,2.906,True,1204.9144617786642,UNDER
SNRPA,74,2.7612,2.5701,2.7362,True,1141.5955847932182,UNDER
PPP2CB,163,2.6585,2.5694,3.895,True,1162.885498116319,UNDER
EEF2,179,2.6482,2.5667,4.0631,True,1146.9788832716943,UNDER
MALSU1,91,2.7231,2.5663,2.9903,True,1175.4841293035822,UNDER
UBR4,30,3.0132,2.5646,1.9048,True,1200.057340233854,UNDER
WDHD1,54,2.819,2.56,2.3884,True,1196.456637189142,UNDER
PCBP1,203,2.6319,2.5596,4.2959,True,1184.887386483071,UNDER
C19orf25,42,2.8864,2.5577,2.1578,True,1213.9639952345926,UNDER
ESYT2,58,2.7985,2.5562,2.4568,True,1216.0041937615044,UNDER
PCF11,34,2.9568,2.5562,1.9895,True,1209.7900548721293,UNDER
CHMP3,41,2.8918,2.5553,2.1361,True,1173.4057802579973,UNDER
POLR3E,84,2.7231,2.553,2.8738,True,1181.5698164552882,UNDER
TNPO3,83,2.7249,2.5527,2.8586,True,1226.7378692329773,UNDER
TMA16,79,2.7311,2.5504,2.7957,True,1244.3337297502287,UNDER
TRMT5,79,2.73,2.5492,2.7946,True,1193.4570029501303,UNDER
MMP17,60,2.7814,2.5459,2.4834,True,1224.581169023744,UNDER
FAM50A,43,2.8664,2.5433,2.1681,True,1245.8494015567296,UNDER
CCT3,30,2.9897,2.537,1.89,True,1185.228275988729,UNDER
HSF1,32,2.9596,2.5323,1.9321,True,1206.1610018621461,UNDER
SP2,26,3.0493,2.5322,1.7949,True,1173.3526238366092,UNDER
GTF2A2,66,2.7468,2.5306,2.5715,True,1242.847202524455,UNDER
MRPS24,51,2.8043,2.5277,2.3093,True,1202.2152218320678,UNDER
CENPK,29,2.995,2.5262,1.8616,True,1216.9648966459113,UNDER
ATL2,61,2.7576,2.5239,2.4824,True,1194.9813084306186,UNDER
PHAX,186,2.5993,2.5194,4.0641,True,1235.0134948697455,UNDER
GPKOW,118,2.6422,2.518,3.3001,True,1183.37893763349,UNDER
CTBP2,56,2.7692,2.5149,2.389,True,1240.1950571260847,UNDER
SEC61A1,158,2.6036,2.5097,3.7565,True,1250.6948312583895,UNDER
TXNL4B,130,2.623,2.5096,3.4369,True,1218.2912332605583,UNDER
POLR2B,39,2.8604,2.5011,2.0609,True,1242.7400096610022,UNDER
MIOS,129,2.6121,2.4972,3.4095,True,1270.3462235464556,UNDER
HDAC3,114,2.6244,2.4948,3.2223,True,1290.636853925055,UNDER
YY1,64,2.7202,2.4946,2.5079,True,1276.5188701826721,UNDER
PPP1R15B,32,2.9242,2.4909,1.909,True,1308.506627549542,UNDER
YKT6,67,2.7071,2.4908,2.5533,True,1278.130755304331,UNDER
SNAPC3,191,2.5662,2.4874,4.0651,True,1252.6530709652725,UNDER
ABCB10,94,2.6394,2.4827,2.9454,True,1268.2905484559105,UNDER
MRGBP,168,2.5718,2.4823,3.8245,True,1316.7607800318285,UNDER
RPN1,104,2.6151,2.4723,3.0682,True,1339.1509641714438,UNDER
COQ4,82,2.6502,2.4706,2.7636,True,1223.460411551511,UNDER
GPS1,358,2.5076,2.4643,5.3999,True,1243.5739437385917,UNDER
GAR1,110,2.5989,2.4631,3.1351,True,1333.4814019381006,UNDER
SAMM50,52,2.7408,2.4628,2.2789,True,1325.9306556311067,UNDER
RNGTT,60,2.7053,2.4625,2.4154,True,1336.2869682088901,UNDER
CINP,63,2.6927,2.4608,2.4632,True,1341.1845989189312,UNDER
COPS6,55,2.723,2.459,2.3282,True,1333.6364826753295,UNDER
SETD2,78,2.6473,2.458,2.6929,True,1254.1903177879444,UNDER
PPIE,42,2.7966,2.456,2.0907,True,1266.470265682727,UNDER
CCDC84,54,2.7239,2.455,2.3079,True,1352.6808486815476,UNDER
XRN2,43,2.7883,2.4549,2.1091,True,1325.5066815960088,UNDER
HSPA5,26,2.9854,2.4548,1.7572,True,1309.4431185327053,UNDER
THOC5,32,2.8934,2.4547,1.8889,True,1292.3060530948967,UNDER
HERC1,135,2.5644,2.4526,3.4234,True,1345.7713195911708,UNDER
DICER1,90,2.6166,2.4511,2.8576,True,1267.805162420232,UNDER
UMPS,49,2.7458,2.4505,2.2165,True,1273.014803837734,UNDER
SRSF1,54,2.7178,2.4481,2.3026,True,1281.2427492732857,UNDER
PRPF8,45,2.7669,2.4465,2.1409,True,1299.0701800022798,UNDER
EXOC5,98,2.5986,2.4458,2.9603,True,1334.3312464743879,UNDER
NKX6-1,79,2.6297,2.4415,2.6919,True,1295.3376600275253,UNDER
RFC5,51,2.7236,2.4378,2.2428,True,1327.4472286206912,UNDER
JAZF1,255,2.4973,2.4365,4.5584,True,1338.4124535520218,UNDER
SYF2,58,2.6875,2.4342,2.3594,True,1324.244160865166,UNDER
PXN,85,2.6075,2.4314,2.768,True,1315.6231402764581,UNDER
HUWE1,79,2.6188,2.4298,2.6808,True,1385.2710627090016,UNDER
GINS3,63,2.6621,2.4273,2.4352,True,1312.2615744240245,UNDER
TIMELESS,76,2.6228,2.4264,2.6337,True,1295.4239450432322,UNDER
MRPL55,55,2.6907,2.4232,2.3006,True,1262.634148801959,UNDER
MED24,44,2.7525,2.4224,2.106,True,1367.5264280164856,UNDER
IMPDH2,96,2.5795,2.4222,2.9087,True,1378.9788516122749,UNDER
DENR,58,2.6765,2.422,2.3497,True,1263.5561578364,UNDER
ILF2,88,2.5912,2.4201,2.7984,True,1338.6663845421256,UNDER
TBPL1,101,2.5695,2.4196,2.9713,True,1380.908301372903,UNDER
PIGH,55,2.6857,2.4177,2.2964,True,1372.1179096363921,UNDER
RSL1D1,266,2.4764,2.4176,4.6146,True,1386.380054222487,UNDER
MPHOSPH6,254,2.4784,2.4169,4.5153,True,1383.089552944804,UNDER
MBTPS2,143,2.524,2.4167,3.4666,True,1394.5696741566142,UNDER
PPP1R8,79,2.6047,2.4146,2.6664,True,1359.089371563072,UNDER
NELFCD,114,2.5483,2.4146,3.1289,True,1412.9612040642048,UNDER
KIF18B,87,2.5848,2.4112,2.7757,True,1396.6071754628867,UNDER
KANSL3,119,2.5392,2.4107,3.1846,True,1409.3167662742587,UNDER
CCT6A,35,2.8195,2.4091,1.9247,True,1296.628226609687,UNDER
VPS28,50,2.6864,2.3901,2.1905,True,1209.4391840158216,UNDER
PPIL2,44,2.7235,2.3894,2.0838,True,1390.0127606547073,UNDER
EIF1,112,2.5246,2.3871,3.0727,True,1410.6568742782015,UNDER
RPS25,72,2.5936,2.3833,2.5354,True,1431.0637818184919,UNDER
MEN1,86,2.5567,2.379,2.7298,True,1424.5794141386439,UNDER
ATP6V0B,40,2.745,2.3783,2.0028,True,1393.9909786207681,UNDER
ATF4,51,2.6701,2.3779,2.1988,True,1390.0175586391133,UNDER
INTS5,42,2.7281,2.3776,2.0395,True,1375.3999087660277,UNDER
WDR61,55,2.6449,2.3723,2.2615,True,1463.0785477375114,UNDER
SPEN,69,2.5921,2.3722,2.4809,True,1401.2560056837017,UNDER
SMG6,93,2.5369,2.3715,2.8159,True,1458.8518979535188,UNDER
EMC1,80,2.5596,2.3683,2.6365,True,1444.5308455433888,UNDER
NRBP1,82,2.5527,2.3658,2.662,True,1422.4697746445474,UNDER
CSNK1A1,100,2.5197,2.3651,2.8993,True,1406.5033379509255,UNDER
ATRIP,54,2.6419,2.3636,2.2384,True,1420.8755431260695,UNDER
VPS35,126,2.4869,2.363,3.2086,True,1430.4035898441114,UNDER
SNRNP35,31,2.8279,2.3612,1.8172,True,1448.388154098745,UNDER
CDK12,36,2.7637,2.3562,1.9133,True,1414.049353701014,UNDER
DAXX,61,2.6023,2.3533,2.3426,True,1470.5072290245328,UNDER
ELOF1,158,2.4519,2.3519,3.5376,True,1454.3016766945373,UNDER
BAG6,90,2.5237,2.3517,2.7561,True,1458.0620294171017,UNDER
TXNL4A,26,2.8972,2.3467,1.7053,True,1457.0547729667437,UNDER
SIN3A,95,2.5047,2.3407,2.8097,True,1413.2114244277716,UNDER
YEATS4,110,2.4687,2.3253,2.978,True,1472.7635854410148,UNDER
NAA20,102,2.4763,2.3219,2.8775,True,1465.3423233013232,UNDER
SFSWAP,58,2.5835,2.3188,2.2681,True,1488.5470878835758,UNDER
PRRC2A,98,2.4788,2.3182,2.8239,True,1381.0047276361825,UNDER
PYURF,79,2.5154,2.3179,2.5749,True,1529.7761804203844,UNDER
HECTD1,105,2.4636,2.313,2.9042,True,1494.9325469820558,UNDER
CPEB1,165,2.4098,2.3123,3.552,True,1527.5212457265982,UNDER
CHTF8,36,2.7255,2.3113,1.8869,True,1520.3748041888853,UNDER
WDR33,49,2.6141,2.302,2.1102,True,1452.7479900844396,UNDER
TAF1C,84,2.4852,2.2975,2.6227,True,1555.6875782290813,UNDER
PRPF4,27,2.8377,2.2962,1.702,True,1533.2547587628612,UNDER
CCT2,25,2.8759,2.2955,1.66,True,1496.9788897451347,UNDER
NDUFV2,56,2.5631,2.286,2.2112,True,1477.0341429808725,UNDER
OXA1L,51,2.5877,2.2851,2.1309,True,1543.8341983056916,UNDER
USP36,42,2.6473,2.2845,1.9791,True,1513.0925416509428,UNDER
MMGT1,64,2.5288,2.2844,2.3315,True,1527.3154419993512,UNDER
HINFP,88,2.4647,2.2841,2.6618,True,1579.2637192501913,UNDER
NOLC1,123,2.4098,2.2786,3.0723,True,1528.444781576346,UNDER
GTF3C5,84,2.4647,2.2752,2.601,True,1492.1619991867058,UNDER
KANSL1,96,2.4393,2.2724,2.7506,True,1596.5984844955074,UNDER
SNAPC5,131,2.3945,2.2706,3.1494,True,1564.7474595639696,UNDER
DDOST,80,2.466,2.2669,2.5402,True,1613.390648896841,UNDER
HMGB3,72,2.4863,2.2661,2.4305,True,1532.75246293664,UNDER
URM1,92,2.4375,2.2629,2.6911,True,1452.5748860963236,UNDER
MVK,286,2.3128,2.2541,4.4651,True,1645.312923418664,UNDER
EDC4,135,2.3749,2.2537,3.1704,True,1482.774194988691,UNDER
RPS10,88,2.4365,2.2537,2.6314,True,1607.0389808478606,UNDER
DESI1,97,2.4143,2.2474,2.7365,True,1587.0941362214103,UNDER
HSPH1,69,2.4783,2.2473,2.372,True,1674.7068282948992,UNDER
MIS12,29,2.763,2.2463,1.7174,True,1551.1976372485065,UNDER
RPL18A,61,2.5042,2.2443,2.2543,True,1645.7807176613796,UNDER
DCUN1D5,77,2.4522,2.2438,2.4785,True,1591.5636890405826,UNDER
INTS2,38,2.6423,2.2371,1.8792,True,1605.3228851003942,UNDER
NCL,188,2.3258,2.2371,3.6557,True,1650.857300607087,UNDER
COX15,63,2.4883,2.2353,2.2762,True,1619.5043946908438,UNDER
MAP2K7,34,2.6838,2.2348,1.8058,True,1579.8638678777568,UNDER
MRPL19,69,2.4669,2.2347,2.361,True,1622.1033568676467,UNDER
LETM1,158,2.3377,2.2326,3.3728,True,1657.2444044764325,UNDER
PRPF38A,71,2.4568,2.2304,2.385,True,1590.2138348756314,UNDER
TARS2,124,2.3632,2.2303,3.0249,True,1562.8414254341997,UNDER
ATR,121,2.3656,2.2295,2.9915,True,1628.1838161433152,UNDER
LDB1,142,2.3449,2.2282,3.2095,True,1638.4547287338316,UNDER
CCDC115,97,2.3942,2.2257,2.7137,True,1660.5855260323451,UNDER
SNRPG,35,2.6642,2.2253,1.8187,True,1650.5687745015798,UNDER
SNRNP200,48,2.553,2.2252,2.0399,True,1600.0290083044654,UNDER
MVD,122,2.3599,2.2246,2.9965,True,1637.658069338991,UNDER
UBR5,90,2.4045,2.2234,2.626,True,1637.900443005685,UNDER
COG3,40,2.6089,2.2199,1.9036,True,1685.6246880898734,UNDER
ORC6,42,2.5912,2.2192,1.9371,True,1609.4321218891978,UNDER
WDR74,134,2.342,2.218,3.1149,True,1697.626464569986,UNDER
NUP133,31,2.7087,2.217,1.7405,True,1495.0092179292933,UNDER
HNRNPL,212,2.2903,2.2104,3.8189,True,1652.9565425353446,UNDER
GFOD2,210,2.2895,2.2087,3.7997,True,1647.9325235945323,UNDER
NUP43,70,2.4401,2.2086,2.3522,True,1581.5779275543462,UNDER
MBTPS1,186,2.2951,2.2042,3.5884,True,1663.6131206113548,UNDER
RBBP8,45,2.5534,2.2022,1.9756,True,1669.8958340442277,UNDER
CDK1,81,2.4017,2.1994,2.4893,True,1629.605860326378,UNDER
EIF3J,84,2.3921,2.1964,2.5245,True,1707.4043600820132,UNDER
TIMM9,106,2.3519,2.1951,2.7855,True,1738.1551884801559,UNDER
CUL3,87,2.38,2.1903,2.5559,True,1714.9979830445745,UNDER
EIF4A1,75,2.4064,2.1877,2.4006,True,1636.3025958705261,UNDER
CTU2,103,2.3473,2.1855,2.7408,True,1706.4852016642667,UNDER
SKP2,71,2.4155,2.1848,2.3449,True,1621.4483507566629,UNDER
PDAP1,62,2.4468,2.1846,2.2205,True,1677.4022407137227,UNDER
PPP1R10,45,2.5375,2.1837,1.9634,True,1684.682534356715,UNDER
THUMPD1,71,2.4109,2.1797,2.3405,True,1768.5471827218123,UNDER
RPL28,105,2.3358,2.1763,2.7536,True,1696.123200524647,UNDER
ENY2,98,2.3455,2.175,2.672,True,1743.3389942187052,UNDER
BTAF1,92,2.3551,2.174,2.6002,True,1752.2040059923809,UNDER
MED18,80,2.3806,2.1736,2.4522,True,1764.6877094825818,UNDER
SUGP1,68,2.4147,2.1733,2.2944,True,1732.6589250741522,UNDER
PIAS4,30,2.688,2.1732,1.6992,True,1573.4486834227846,UNDER
RNPS1,70,2.4056,2.1704,2.3189,True,1704.6371708312352,UNDER
ELP5,148,2.2854,2.1704,3.1926,True,1638.8105842905254,UNDER
MED26,81,2.3747,2.1699,2.4613,True,1799.067478238703,UNDER
MPG,66,2.4108,2.1613,2.257,True,1781.5974235671895,UNDER
XRCC3,60,2.4324,2.1592,2.1718,True,1747.946746431982,UNDER
RPUSD3,74,2.383,2.1588,2.3615,True,1794.7700442186099,UNDER
HAUS4,47,2.5016,2.1583,1.9779,True,1691.1602986216894,UNDER
FXN,48,2.4938,2.157,1.9926,True,1740.0373926628695,UNDER
PWP1,65,2.4076,2.1537,2.2369,True,1789.0328720036123,UNDER
AQR,28,2.704,2.152,1.6515,True,1782.398829810741,UNDER
TPT1,236,2.2154,2.1411,3.8935,True,1763.0627074934537,UNDER
FAM133B,51,2.4603,2.1397,2.026,True,1706.8113848867138,UNDER
GART,25,2.7506,2.1365,1.5877,True,1829.6172509716746,UNDER
FNTA,58,2.4211,2.1365,2.1256,True,1745.415471248021,UNDER
AKIRIN2,63,2.3963,2.1325,2.1921,True,1821.1700130818529,UNDER
RCCD1,55,2.432,2.1323,2.0794,True,1750.5020042912145,UNDER
ANKRD39,32,2.6243,2.1309,1.7133,True,1781.9856847996555,UNDER
ATIC,36,2.5742,2.1308,1.7822,True,1768.1793745373698,UNDER
HAUS5,30,2.6483,2.1239,1.6741,True,1728.110336185162,UNDER
KEAP1,133,2.248,2.1176,2.979,True,1839.1883579178516,UNDER
EFTUD2,32,2.6125,2.1163,1.7055,True,1814.5358188153446,UNDER
SNAPC1,71,2.3527,2.1152,2.284,True,1772.8689922057613,UNDER
ATP6AP2,45,2.4755,2.1113,1.9154,True,1888.6426519887661,UNDER
RPL13A,82,2.3149,2.1069,2.4139,True,1901.4298473278834,UNDER
C5orf30,86,2.2959,2.0962,2.4514,True,1863.9270625267445,UNDER
HEXIM1,65,2.3563,2.0961,2.1893,True,1895.086285401608,UNDER
TRAPPC4,105,2.2522,2.0863,2.6549,True,1916.8431741668228,UNDER
DHX33,113,2.2354,2.0803,2.7327,True,1970.4353758322147,UNDER
BAP1,190,2.1742,2.08,3.4352,True,1913.0951364731525,UNDER
TUBGCP4,37,2.5204,2.079,1.7689,True,1815.8215001493154,UNDER
RFC1,27,2.6631,2.0766,1.5973,True,1902.3896330126486,UNDER
NAF1,188,2.1658,2.0702,3.4041,True,1992.6439947597903,UNDER
NCAPH2,159,2.1787,2.0662,3.1532,True,1891.0364250133975,UNDER
MRPL24,140,2.1879,2.0605,2.9737,True,1772.4738913987758,UNDER
SLC35A4,36,2.5123,2.0555,1.7393,True,1981.707391544834,UNDER
MRPS28,85,2.2601,2.0545,2.3993,True,1914.6726784340408,UNDER
HNRNPDL,56,2.3568,2.0521,2.0333,True,2046.7022805322315,UNDER
ACTR6,101,2.2264,2.0516,2.5746,True,2058.5229221285786,UNDER
NFS1,29,2.6034,2.0468,1.6182,True,1827.5011071657166,UNDER
CENPC,40,2.4595,2.0422,1.7945,True,1896.8597265013916,UNDER
CNOT10,98,2.2191,2.0381,2.528,True,2038.5952009299187,UNDER
POLR3H,52,2.3664,2.038,1.9676,True,2006.4530187996331,UNDER
BET1,80,2.256,2.0364,2.3239,True,2054.0761211019603,UNDER
PHF12,81,2.2521,2.0349,2.3342,True,2005.8627603839527,UNDER
NDUFA3,147,2.1507,2.0272,2.9944,True,2072.57346378773,UNDER
CXXC1,148,2.1482,2.0254,3.001,True,2093.5795217226287,UNDER
DHX9,67,2.2855,2.0247,2.1557,True,2045.7671258035969,UNDER
DLD,52,2.3544,2.0241,1.9576,True,2019.2611879800104,UNDER
WDR18,219,2.1073,2.0229,3.5701,True,2099.0536118980754,UNDER
PSMC2,28,2.6007,2.0206,1.5884,True,1919.025521678565,UNDER
EMC3,81,2.2331,2.0139,2.3145,True,2079.0340821476807,UNDER
PRPF3,35,2.4902,2.0137,1.6999,True,2036.2404135113773,UNDER
DR1,56,2.3224,2.0125,2.0036,True,2099.239278276149,UNDER
INTS6,104,2.183,2.0097,2.5612,True,2087.2512242167436,UNDER
DRAP1,135,2.1426,2.0074,2.8603,True,2026.3510187537024,UNDER
PDCD7,43,2.4,2.003,1.8154,True,2087.379089768829,UNDER
SRRM2,65,2.2712,2.0,2.1102,True,2014.244730444017,UNDER
YPEL5,69,2.2556,1.999,2.1588,True,1964.5184541892106,UNDER
TMEM258,101,2.1766,1.9975,2.517,True,2174.349662982406,UNDER
CBLN1,172,2.1038,1.9961,3.1651,True,2133.3072901676956,UNDER
CBLL1,44,2.3856,1.9957,1.8253,True,2106.507687553379,UNDER
EIF1AD,69,2.2523,1.9953,2.1557,True,2116.5735347435234,UNDER
FASTKD5,116,2.1523,1.9951,2.6656,True,2058.1879390768318,UNDER
GSK3B,59,2.2922,1.9946,2.0295,True,2193.2531869750906,UNDER
UBQLN4,68,2.2531,1.9922,2.1409,True,2147.9241414068956,UNDER
PCID2,118,2.143,1.9879,2.6766,True,2088.4597858316674,UNDER
MCRS1,29,2.5556,1.9856,1.5884,True,2080.595613173714,UNDER
AC118549.1,122,2.1335,1.9828,2.709,True,2136.5412349491353,UNDER
MED16,55,2.3019,1.9827,1.9682,True,2142.3423561896648,UNDER
MRPL41,145,2.1102,1.9825,2.9183,True,2155.88464869759,UNDER
GEMIN4,111,2.1465,1.9815,2.601,True,2116.653111953171,UNDER
VPS29,80,2.2062,1.9811,2.2726,True,2136.248722577319,UNDER
RAB4B,144,2.1083,1.9796,2.9057,True,2153.685489101849,UNDER
CCDC78,501,2.0186,1.9796,5.1116,True,2155.2255036586994,UNDER
PPP1R2,91,2.1775,1.9779,2.3911,True,1940.4369704304163,UNDER
GEMIN8,56,2.292,1.9773,1.9774,True,1917.3091862990048,UNDER
SUPT20H,144,2.106,1.9771,2.9025,True,2134.956560607212,UNDER
ZBTB44,30,2.5316,1.9765,1.6004,True,2107.738784784798,UNDER
MRPL22,40,2.4012,1.9716,1.752,True,2119.406160409594,UNDER
ZFR,112,2.1275,1.9625,2.5895,True,2115.8133069625337,UNDER
CHMP5,65,2.2353,1.9591,2.0768,True,2147.876123127859,UNDER
SDE2,25,2.6144,1.958,1.5091,True,2160.984848830851,UNDER
SNAPC4,56,2.2751,1.9577,1.9628,True,2264.7503081966456,UNDER
METTL3,171,2.0677,1.9573,3.1018,True,2241.479951320357,UNDER
RCC1,139,2.0908,1.9561,2.8317,True,2154.3377380598886,UNDER
MRPL44,75,2.195,1.9528,2.1897,True,2169.260268068014,UNDER
AGBL5,36,2.4286,1.9524,1.6814,True,2166.3149519792773,UNDER
POLA2,35,2.4348,1.9449,1.6622,True,2301.2041803375155,UNDER
ZNF84,28,2.5365,1.9374,1.5493,True,2253.23893369191,UNDER
PPP1R37,469,1.9793,1.9369,4.8558,True,2156.038083419043,UNDER
BANF1,34,2.439,1.934,1.6411,True,2250.847172302755,UNDER
NUP107,42,2.3501,1.9323,1.7569,True,2147.1621140272046,UNDER
ELP2,97,2.1218,1.9297,2.4049,True,2289.9077800889168,UNDER
SMUG1,50,2.2864,1.9296,1.8643,True,2338.5768676763864,UNDER
CALR,77,2.1658,1.9266,2.189,True,2365.9814938418313,UNDER
NFKBIE,67,2.1957,1.9228,2.071,True,2192.320069346604,UNDER
EIF3L,133,2.0638,1.9209,2.7348,True,2362.5113754195363,UNDER
ACSS2,86,2.1369,1.9207,2.2817,True,2227.8153035029222,UNDER
ABCF1,141,2.0547,1.9194,2.8025,True,2330.307820977022,UNDER
KAT8,102,2.1026,1.9185,2.4433,True,2365.7106332357816,UNDER
TUFM,120,2.0737,1.9157,2.6117,True,2183.026778077324,UNDER
SLC25A10,128,2.0614,1.9126,2.6804,True,2330.37842722757,UNDER
PRPF31,44,2.3164,1.9125,1.7723,True,2387.4801875798285,UNDER
ARPC4,147,2.0382,1.9074,2.8377,True,2374.916514454373,UNDER
GFM1,1294,1.9241,1.9073,7.5841,True,2369.8772527567876,UNDER
TP53RK,116,2.0691,1.9051,2.5625,True,2350.8675517572774,UNDER
UBE2I,88,2.118,1.9049,2.2874,True,2355.959696889889,UNDER
ISCA2,130,2.0497,1.9023,2.6857,True,2333.4550841988175,UNDER
KIF20A,34,2.4117,1.8994,1.6228,True,2376.625849067782,UNDER
HAUS8,89,2.109,1.8974,2.2905,True,2251.635875848467,UNDER
NDUFB10,47,2.2752,1.8913,1.7989,True,2336.705702459391,UNDER
FBXW7,105,2.0724,1.8908,2.443,True,2394.404146891793,UNDER
GABPA,121,2.0493,1.8906,2.5916,True,2352.0054352503485,UNDER
MRPL35,946,1.9122,1.8897,6.5339,True,2366.773619066897,UNDER
TINF2,79,2.1256,1.8878,2.1759,True,2376.295169646907,UNDER
STRAP,90,2.0977,1.8873,2.2909,True,2416.5769718134557,UNDER
EIF4G2,118,2.0482,1.8852,2.5582,True,2347.733483344087,UNDER
MRPL2,83,2.1125,1.8852,2.2162,True,2333.271078439311,UNDER
DDB1,133,2.0261,1.8803,2.6848,True,2346.02643824058,UNDER
WDR5,151,2.0093,1.8801,2.8348,True,2431.74085801747,UNDER
FBRSL1,130,2.0274,1.8783,2.6565,True,2411.3434694541775,UNDER
UQCRQ,107,2.0558,1.8762,2.4463,True,2397.91654400732,UNDER
PPP6C,1131,1.8888,1.8695,7.0049,True,2441.5321356438853,UNDER
MRPL3,136,2.0123,1.8688,2.6961,True,2477.3615440790836,UNDER
YEATS2,99,2.058,1.8634,2.3563,True,2434.109055979716,UNDER
TADA2B,85,2.0873,1.8627,2.2158,True,2505.2431373075506,UNDER
NSF,56,2.1938,1.8626,1.8927,True,2503.5470138310625,UNDER
TMEM161B,99,2.0526,1.8575,2.3501,True,2535.020142666661,UNDER
ENO1,70,2.1273,1.8572,2.0506,True,2492.0695110531287,UNDER
CCDC130,175,1.9707,1.8572,2.9901,True,2565.533816205419,UNDER
UBA52,267,1.9277,1.8517,3.5986,True,2594.8339156742963,UNDER
RPUSD4,87,2.072,1.851,2.2251,True,2454.3225904584324,UNDER
ARMC7,164,1.9711,1.8499,2.8966,True,2614.9313060966815,UNDER
SRP72,428,1.8979,1.8495,4.4556,True,2599.8601422114784,UNDER
LSM11,28,2.4661,1.8442,1.5062,True,2369.778316218262,UNDER
MRPL15,86,2.0653,1.8407,2.2052,True,2480.967225921048,UNDER
RUVBL1,26,2.5047,1.8404,1.4743,False,2482.5523494903578,NOT-DETECTABLE
NAA30,71,2.1088,1.8401,2.0472,True,2583.0538970755742,UNDER
ATP5PD,147,1.9747,1.8394,2.7494,True,2485.9933756860423,UNDER
PREB,53,2.1907,1.8385,1.8389,True,2639.634617053579,UNDER
ATP5F1B,64,2.128,1.8309,1.962,True,2594.470140372119,UNDER
PSMG4,42,2.2661,1.8293,1.6941,True,2584.719705693509,UNDER
PGAM1,150,1.9596,1.8261,2.7558,True,2563.7727030779793,UNDER
SHOC2,91,2.0378,1.823,2.2377,True,2576.3695998885696,UNDER
ZRANB2,55,2.1639,1.8206,1.8502,True,2367.2096275582307,UNDER
NUFIP1,61,2.1322,1.8199,1.9194,True,2682.630967873546,UNDER
XPO5,126,1.9762,1.8179,2.5497,True,2534.2172653970506,UNDER
LTBP4,108,2.0007,1.8175,2.3917,True,2526.6767322789647,UNDER
ARID5B,149,1.9516,1.8165,2.7354,True,2687.02467340801,UNDER
RFC3,37,2.3066,1.8139,1.6189,True,2660.415532222477,UNDER
NDUFB8,84,2.0464,1.8138,2.1597,True,2495.0106262430286,UNDER
IGBP1,64,2.1109,1.811,1.9462,True,2645.081337917613,UNDER
USP14,165,1.9328,1.8098,2.8488,True,2674.683353352015,UNDER
TAF13,200,1.9106,1.8082,3.0958,True,2717.5936341772526,UNDER
PRDM4,88,2.0313,1.8079,2.1937,True,2644.0665696768956,UNDER
CEP192,27,2.458,1.8062,1.4743,False,2351.104767124817,NOT-DETECTABLE
TGS1,147,1.9421,1.8044,2.704,True,2570.758283984216,UNDER
CCT8,46,2.2113,1.8044,1.7298,True,2608.4570339580973,UNDER
LSM10,94,2.0127,1.8022,2.2459,True,2678.977779672254,UNDER
VPS18,94,2.0102,1.7994,2.2432,True,2701.8255329273525,UNDER
RBBP4,37,2.2948,1.7988,1.6105,True,2704.1888094164146,UNDER
PSMB2,38,2.2827,1.7983,1.6235,True,2472.1919882521706,UNDER
COQ2,136,1.9455,1.7967,2.6067,True,2576.782815983427,UNDER
COX11,252,1.8731,1.7902,3.3992,True,2569.4201584990565,UNDER
ATP5F1A,72,2.0616,1.7899,2.0153,True,2673.7616797117016,UNDER
FNBP4,250,1.8726,1.7891,3.3852,True,2758.1069089877356,UNDER
PPP2CA,280,1.8633,1.7883,3.5602,True,2766.4687471408024,UNDER
RPL29,79,2.0376,1.7882,2.0858,True,2748.956392809945,UNDER
HNRNPH1,59,2.1148,1.788,1.8725,True,2716.11024655637,UNDER
USF2,138,1.9346,1.7871,2.6108,True,2756.070740831967,UNDER
LSM5,119,1.9567,1.7869,2.4541,True,2635.175777686894,UNDER
FGFR1OP,32,2.3523,1.7852,1.5357,True,2699.5052589819757,UNDER
PDCD2,112,1.964,1.7839,2.3904,True,2803.223121565644,UNDER
EFR3A,98,1.988,1.7837,2.2647,True,2763.760582290842,UNDER
DDX3X,73,2.0516,1.7824,2.0194,True,2551.8122763648125,UNDER
RAC1,108,1.9663,1.7795,2.3505,True,2719.3145602406435,UNDER
TIMM22,70,2.0571,1.7764,1.983,True,2840.002699110136,UNDER
MRPS18A,80,2.0239,1.7759,2.0848,True,2878.5841401260477,UNDER
INTS10,91,1.9953,1.7754,2.191,True,2776.816849722915,UNDER
TRNT1,636,1.8096,1.775,5.1342,True,2903.722460328711,UNDER
CNOT9,28,2.4134,1.773,1.474,False,2893.9660986109125,NOT-DETECTABLE
NAPA,54,2.1291,1.772,1.8039,True,2654.604854049116,UNDER
MRPL27,156,1.9031,1.7706,2.7285,True,2807.4810823452685,UNDER
CNOT11,89,1.9945,1.7693,2.1661,True,2933.3868659449413,UNDER
HMX3,169,1.8901,1.7671,2.8189,True,2846.419897415351,UNDER
NDUFS3,90,1.99,1.7669,2.1733,True,2771.1658735569367,UNDER
COG1,115,1.9395,1.7619,2.3918,True,2867.7506654059207,UNDER
MED1,118,1.9338,1.7602,2.4153,True,2898.746727027889,UNDER
HIPK1,97,1.9662,1.7572,2.2286,True,2857.4457565464627,UNDER
MOB4,199,1.8602,1.7543,3.0068,True,2647.558377122613,UNDER
MRPL50,103,1.952,1.754,2.2792,True,2877.253806645196,UNDER
RAD51,32,2.3284,1.7537,1.5201,True,2777.9601394670544,UNDER
MRPL39,198,1.858,1.7514,2.9957,True,2915.9027401956655,UNDER
EIF5,69,2.0369,1.7485,1.9495,True,2739.323969830587,UNDER
COASY,87,1.9783,1.7455,2.1245,True,2969.6533111894973,UNDER
UBE2N,69,2.0341,1.7452,1.9468,True,2917.816643976337,UNDER
BRD8,51,2.1254,1.7444,1.7503,True,3047.674492069157,UNDER
THRAP3,71,2.0245,1.7428,1.9653,True,2907.7839072011184,UNDER
CYCS,76,2.0037,1.7387,2.0121,True,2849.386167413344,UNDER
NDUFAB1,187,1.8514,1.738,2.9023,True,2915.913766176457,UNDER
FKBP9,104,1.9357,1.7379,2.271,True,2712.84753743464,UNDER
MAGOH,153,1.8749,1.7376,2.6624,True,2859.579734773462,UNDER
BANP,50,2.1263,1.737,1.7338,True,2978.3520788216315,UNDER
MRPL43,48,2.1409,1.7369,1.7105,True,2945.084481052157,UNDER
SRSF10,62,2.055,1.7346,1.8649,True,3037.836197716912,UNDER
KDM1A,188,1.8473,1.7343,2.9036,True,3051.364310854525,UNDER
MRPL10,99,1.939,1.7312,2.2201,True,3034.0182763624534,UNDER
ACTR3,47,2.1433,1.7303,1.6946,True,2909.8330932277204,UNDER
EIF5A,35,2.2661,1.729,1.547,True,2986.469923495283,UNDER
MRPS30,74,2.0013,1.7283,1.9832,True,3028.788915434583,UNDER
CPSF2,27,2.4006,1.7272,1.4399,False,3135.1739070206336,NOT-DETECTABLE
IST1,112,1.9125,1.727,2.3277,True,3004.102458552014,UNDER
MRPL18,68,2.022,1.7265,1.9212,True,3032.115592088345,UNDER
MRPS6,148,1.8667,1.724,2.6078,True,3015.8911591124797,UNDER
MRPL28,115,1.9012,1.7196,2.3445,True,2848.0571108592458,UNDER
USP10,85,1.9564,1.7147,2.0769,True,2834.6530240166094,UNDER
CDC7,47,2.1292,1.7129,1.6835,True,2990.907958651494,UNDER
DYNC1I2,39,2.2041,1.7123,1.5881,True,2923.9188858002144,UNDER
MRPS27,107,1.9072,1.7121,2.2694,True,3173.6944364551346,UNDER
WDFY3,63,2.0309,1.7116,1.8578,True,3012.497232303502,UNDER
ZMAT5,35,2.2512,1.7094,1.5368,True,3116.463596680138,UNDER
DDX5,154,1.845,1.7063,2.6284,True,3143.87351268478,UNDER
SCAP,113,1.8874,1.7009,2.3073,True,3208.181062728188,UNDER
METAP2,74,1.9769,1.6999,1.959,True,3130.4072572167656,UNDER
TWNK,90,1.9257,1.694,2.103,True,3198.4985451051366,UNDER
TAF11,73,1.9739,1.6923,1.9428,True,3218.5393105959006,UNDER
MRPL38,126,1.861,1.6919,2.401,True,3159.6561267323077,UNDER
NUP85,41,2.1647,1.6892,1.599,True,3057.085303730464,UNDER
RPP21,190,1.8019,1.6871,2.8469,True,3298.603998814879,UNDER
VARS2,88,1.9227,1.6851,2.0765,True,3005.2085274316496,UNDER
LSM12,104,1.8829,1.679,2.2092,True,3163.591142495672,UNDER
PNISR,146,1.827,1.6789,2.5352,True,3217.753758875667,UNDER
CSDE1,64,1.9965,1.6762,1.8407,True,3355.7979321851035,UNDER
COX5B,54,2.0491,1.6751,1.7361,True,2998.4083749752162,UNDER
CYREN,79,1.9389,1.6748,1.9848,True,3063.0984362141057,UNDER
PIAS1,56,2.0367,1.6747,1.7571,True,3270.4021587480083,UNDER
CENPH,36,2.2102,1.6728,1.5301,True,3187.8733062478386,UNDER
PTMA,185,1.7899,1.6711,2.7911,True,3265.3022628237763,UNDER
NAA15,86,1.9152,1.6706,2.045,True,3195.91806225511,UNDER
COX7C,105,1.8713,1.6679,2.2059,True,3131.5917212275326,UNDER
WDR77,86,1.9128,1.6679,2.0424,True,3326.7861911782575,UNDER
DDX54,247,1.7574,1.667,3.1582,True,3376.8566652028358,UNDER
HOXA3,113,1.8562,1.6663,2.2692,True,3307.2812863236195,UNDER
HAUS6,29,2.3154,1.6652,1.4392,False,3148.615574086497,NOT-DETECTABLE
LARS2,108,1.8624,1.6639,2.2263,True,2969.9689097855685,UNDER
CHCHD3,64,1.9826,1.6596,1.8279,True,3328.8416069363866,UNDER
IPO13,220,1.7594,1.6579,2.9873,True,3412.9834057902535,UNDER
SCAF1,82,1.9152,1.6578,1.9971,True,3122.321746620822,UNDER
PDPK1,86,1.9032,1.6568,2.0321,True,3417.649306703218,UNDER
PRORP,97,1.877,1.6567,2.1274,True,3386.511804021203,UNDER
MRPL16,166,1.7882,1.6554,2.6436,True,3323.1757841559524,UNDER
SNRNP70,39,2.1597,1.6546,1.556,True,3223.3934922878493,UNDER
MRPL14,78,1.9218,1.6514,1.9549,True,3496.365499068224,UNDER
MRPL17,71,1.9462,1.6513,1.8894,True,3341.957735872579,UNDER
RAC3,280,1.7292,1.6481,3.3039,True,3515.0055733226213,UNDER
COA5,93,1.877,1.6467,2.0835,True,3276.9556092357775,UNDER
HSCB,301,1.722,1.6462,3.4083,True,3437.085595787614,UNDER
ATP5ME,125,1.8197,1.645,2.3386,True,3375.2815163233095,UNDER
YBX1,64,1.9673,1.6412,1.8137,True,3402.735278745295,UNDER
MRPL4,100,1.8556,1.6395,2.1352,True,3465.429525088493,UNDER
S100A1,63,1.9695,1.6383,1.8016,True,3463.8651774224613,UNDER
FAM136A,489,1.6857,1.6376,4.2191,True,3259.9001306860005,UNDER
IPO11,102,1.8499,1.6375,2.1496,True,3390.2326602090993,UNDER
TAZ,91,1.872,1.6355,2.0556,True,3491.850756221606,UNDER
DPY19L4,161,1.7728,1.6344,2.5816,True,3315.216262121518,UNDER
CASP8AP2,25,2.3816,1.6341,1.3747,False,3513.005790409717,NOT-DETECTABLE
COX10,142,1.7899,1.634,2.4499,True,3479.872945355708,UNDER
INO80,74,1.9205,1.634,1.9031,True,3480.805200353387,UNDER
ORC1,38,2.1523,1.6295,1.5308,True,3469.8673661607363,UNDER
TUT1,142,1.7837,1.6272,2.4414,True,3353.818854180933,UNDER
NUB1,128,1.7961,1.6231,2.3354,True,3552.569519477359,UNDER
HSPA8,151,1.769,1.6208,2.4958,True,3429.9221835297913,UNDER
CHTF18,125,1.7926,1.6148,2.3036,True,3611.894794239051,UNDER
TMEM214,440,1.6662,1.6123,3.964,True,3350.2849248702178,UNDER
TMEM199,61,1.9547,1.6084,1.7597,True,3432.527908153654,UNDER
DPAGT1,87,1.8567,1.6063,1.9939,True,3662.3033102031945,UNDER
SMG8,94,1.8308,1.5965,2.043,True,3728.791577076809,UNDER
SMG9,83,1.8454,1.5802,1.936,True,3932.7169969265615,UNDER
NASP,113,1.7793,1.5802,2.1752,True,3266.7852279005274,UNDER
KIF18A,44,2.0488,1.5778,1.5676,True,3229.4771849565027,UNDER
NDUFA11,80,1.8495,1.5742,1.9051,True,3715.8280774944214,UNDER
LENG8,33,2.1802,1.5741,1.4453,False,3863.789988559647,NOT-DETECTABLE
RABGGTB,139,1.7377,1.5731,2.3535,True,3922.7819786468804,UNDER
GEMIN6,67,1.893,1.5682,1.7855,True,3648.8354527379583,UNDER
MRPL9,100,1.7922,1.5674,2.0622,True,3883.354424176449,UNDER
DYNLL1,54,1.9615,1.5667,1.6619,True,3892.8256921057928,UNDER
HSP90B1,161,1.7102,1.5663,2.4905,True,3867.724802145088,UNDER
OSGEP,109,1.7712,1.5632,2.127,True,3779.463328364421,UNDER
ACTR2,87,1.8174,1.5608,1.9517,True,4060.8474517716368,UNDER
PPP1R11,88,1.8137,1.5595,1.9588,True,3828.30688338434,UNDER
ELOB,187,1.6825,1.5569,2.6376,True,4013.757009932287,UNDER
RBM33,143,1.7178,1.5559,2.3594,True,3939.030331634754,UNDER
MRPL51,37,2.1094,1.5554,1.4804,False,3944.730974677315,NOT-DETECTABLE
TUBGCP5,135,1.7239,1.5527,2.3014,True,3904.555488117744,UNDER
HNRNPM,146,1.7116,1.5525,2.3751,True,3894.2036811779612,UNDER
MBIP,68,1.8717,1.5478,1.7785,True,3818.7417742752596,UNDER
KCMF1,89,1.7976,1.5439,1.9523,True,3962.0949803659105,UNDER
POLD1,27,2.2721,1.5436,1.3628,False,4185.595497829746,NOT-DETECTABLE
SRSF3,46,2.0038,1.5431,1.5675,True,3927.850654907283,UNDER
NDUFB4,129,1.7218,1.542,2.2475,True,3726.721766079695,UNDER
TAF6L,87,1.7996,1.5399,1.9325,True,4172.598548995108,UNDER
UBE2D3,103,1.7599,1.5375,2.055,True,4046.7604394880104,UNDER
PSME1,65,1.8763,1.537,1.7433,True,4214.616128939397,UNDER
CABIN1,156,1.6869,1.536,2.4186,True,4185.284841255216,UNDER
BRCA2,154,1.6867,1.5337,2.4029,True,3674.8447405352726,UNDER
RAD51C,94,1.7762,1.5336,1.9821,True,4246.850709388785,UNDER
GRSF1,107,1.7461,1.5306,2.0777,True,4078.4866787468004,UNDER
COPS8,151,1.686,1.5298,2.3788,True,4250.187924886118,UNDER
PCBP2,318,1.6068,1.5297,3.2666,True,3788.10635886084,UNDER
HYPK,102,1.7507,1.5246,2.0343,True,4119.855158598288,UNDER
BRF2,54,1.9278,1.5242,1.6333,True,4082.585792952672,UNDER
MRPL42,87,1.7852,1.5231,1.9171,True,4246.422793741057,UNDER
EXOSC1,82,1.7996,1.5228,1.8766,True,4170.623861652885,UNDER
STIL,151,1.678,1.521,2.3675,True,4138.8695500111335,UNDER
SEC63,103,1.7448,1.5201,2.0373,True,4355.400856783359,UNDER
CLNS1A,62,1.8772,1.5197,1.7036,True,4057.3625796656847,UNDER
SLC35G2,339,1.5902,1.517,3.3349,True,4114.359527347267,UNDER
TBCE,176,1.651,1.5146,2.5121,True,3904.250527115131,UNDER
FTSJ3,65,1.8571,1.5134,1.7255,True,4313.863671465313,UNDER
PSMB6,108,1.7269,1.5107,2.0643,True,4418.558303609795,UNDER
MRPS31,56,1.904,1.5105,1.6426,True,4252.933509627829,UNDER
ATP5PO,77,1.8054,1.5102,1.8247,True,4308.135087886069,UNDER
HIRA,223,1.6192,1.5098,2.7676,True,4157.731243745634,UNDER
PCNA,26,2.271,1.507,1.3367,False,4162.012475960041,NOT-DETECTABLE
DAP3,106,1.7273,1.5069,2.0458,True,4175.645520987852,UNDER
CAD,45,1.9821,1.5028,1.5336,True,4330.399642880345,UNDER
HDAC7,53,1.9177,1.5028,1.6097,True,4177.953910935201,UNDER
E4F1,223,1.6074,1.4972,2.7475,True,4515.4438907554895,UNDER
SF3A2,162,1.643,1.4936,2.3999,True,4120.419965949456,UNDER
PRDM8,43,1.9915,1.4894,1.5064,True,4216.478487388293,UNDER
UQCRC2,70,1.8143,1.4885,1.749,True,4110.645441543621,UNDER
DYNC1H1,28,2.2125,1.4882,1.3514,False,4160.884510485761,NOT-DETECTABLE
ALG13,94,1.7367,1.4877,1.938,True,4497.551458159135,UNDER
RNF4,63,1.8456,1.487,1.6883,True,4369.980533518867,UNDER
ELAC2,102,1.7152,1.4837,1.9931,True,4266.455932038373,UNDER
SPATA5,61,1.8535,1.4837,1.6685,True,4384.14188286631,UNDER
TREX2,105,1.7028,1.4765,2.0074,True,4371.408670828667,UNDER
ORC5,131,1.6606,1.4763,2.1841,True,4341.940828995622,UNDER
MRPS11,100,1.713,1.4762,1.9711,True,4291.277779333248,UNDER
IPO9,138,1.6515,1.4759,2.2287,True,4686.26762213516,UNDER
PFDN5,46,1.9523,1.4755,1.5271,True,4101.02995121996,UNDER
PARS2,165,1.6237,1.4751,2.3932,True,4510.325995676139,UNDER
EIF1AX,72,1.7943,1.4742,1.7541,True,4561.238249184913,UNDER
GABPB1,96,1.72,1.4737,1.9395,True,4569.8946934794285,UNDER
MOCS3,74,1.7858,1.4733,1.7696,True,4257.077239263463,UNDER
MLST8,62,1.8397,1.4731,1.6695,True,4506.786340422039,UNDER
BRCA1,134,1.6537,1.4729,2.1995,True,4474.158827964769,UNDER
ZNF292,153,1.6325,1.4728,2.3183,True,4691.14850107623,UNDER
DDX59,42,1.9888,1.4717,1.4868,False,4585.389935803392,NOT-DETECTABLE
COPE,62,1.8374,1.4703,1.6675,True,4769.584962197797,UNDER
CLPB,81,1.7572,1.4686,1.8213,True,4406.631431168233,UNDER
DHX30,140,1.6382,1.4637,2.2266,True,4797.990137452601,UNDER
COX17,74,1.7747,1.4599,1.7586,True,4370.147890996624,UNDER
KDM2A,56,1.8637,1.4593,1.6078,True,4424.0450722078995,UNDER
NR2C2AP,59,1.8388,1.451,1.6281,True,4665.924144206066,UNDER
LTBP3,153,1.6098,1.4476,2.286,True,4767.19371182199,UNDER
U2AF2,53,1.8735,1.4459,1.5726,True,4892.4353842830205,UNDER
THAP11,173,1.5896,1.4448,2.3982,True,4684.564769889441,UNDER
CDC16,33,2.0871,1.4424,1.3836,False,4616.010427310461,NOT-DETECTABLE
PSMG3,267,1.5384,1.4421,2.872,True,4731.060182478096,UNDER
MEX3A,58,1.8352,1.4389,1.6112,True,4924.022681291915,UNDER
SRBD1,38,2.0116,1.4386,1.4307,False,4842.937324342529,NOT-DETECTABLE
ESYT1,111,1.6581,1.4381,2.0092,True,4910.608243603699,UNDER
SUMO2,80,1.732,1.4343,1.7841,True,4977.603936273028,UNDER
SRPRB,160,1.5908,1.4339,2.3094,True,4800.285372136725,UNDER
TIMM10,152,1.5957,1.4308,2.2587,True,5100.5768122903155,UNDER
CAP1,40,1.9811,1.4306,1.4455,False,5027.222609012989,NOT-DETECTABLE
OPA1,89,1.7008,1.43,1.8472,True,5126.020410273529,UNDER
FARS2,43,1.9474,1.4298,1.473,False,4886.192605225817,NOT-DETECTABLE
RNASEH2C,271,1.5223,1.4264,2.8627,True,4828.030216077057,UNDER
MRPL37,74,1.747,1.4261,1.7312,True,4973.5349820507545,UNDER
POLR2L,38,2.0026,1.426,1.4243,False,5199.65051078975,NOT-DETECTABLE
EIF4B,440,1.4843,1.4235,3.5313,True,4851.155792422169,UNDER
MRPS21,183,1.5625,1.4233,2.4235,True,5038.337938051398,UNDER
MMS19,109,1.6485,1.4227,1.9796,True,5221.696152291892,UNDER
OSTC,96,1.6753,1.4214,1.8891,True,5013.738893661474,UNDER
ZC3H4,87,1.6929,1.4137,1.8179,True,5342.099304252455,UNDER
FYN,228,1.5264,1.4124,2.6376,True,4987.30075106246,UNDER
SRF,81,1.7061,1.407,1.7683,True,5397.108228213604,UNDER
SMARCB1,192,1.5392,1.4045,2.4445,True,5288.762632424931,UNDER
CENPN,47,1.8892,1.4034,1.4937,False,5097.094758274813,NOT-DETECTABLE
LIN54,257,1.5053,1.4029,2.7582,True,4962.109937272096,UNDER
LAMTOR3,78,1.7115,1.401,1.741,True,5242.146672559137,UNDER
SHC1,99,1.6505,1.4005,1.8898,True,4885.587321412893,UNDER
POLR1C,296,1.4836,1.3934,2.9127,True,5395.472101349357,UNDER
NMT1,48,1.8711,1.3909,1.495,False,5111.20095198592,NOT-DETECTABLE
DNAJC9,65,1.7585,1.3906,1.6338,True,5221.9289106643955,UNDER
DEPDC5,93,1.6558,1.3893,1.838,True,5488.318242683025,UNDER
INO80B,125,1.5872,1.3833,2.0397,True,5532.108545850088,UNDER
TPI1,93,1.6503,1.3826,1.8318,True,5576.863084957818,UNDER
INF2,101,1.6304,1.3822,1.8854,True,5251.559406991072,UNDER
RBM10,84,1.6752,1.3815,1.7679,True,5670.789831080368,UNDER
FEN1,77,1.6968,1.3784,1.7149,True,5623.475639994425,UNDER
SMC5,63,1.7591,1.3782,1.6092,True,5415.938842144253,UNDER
RPRD1B,96,1.6383,1.3775,1.8474,True,5444.011779954255,UNDER
CEP85,45,1.8877,1.3758,1.4605,False,5449.638955849238,NOT-DETECTABLE
PYROXD1,142,1.5559,1.3737,2.1295,True,5604.154117394507,UNDER
SBDS,84,1.6682,1.3729,1.7605,True,5585.2864454556575,UNDER
MSL1,81,1.6768,1.3714,1.7379,True,5406.954539869035,UNDER
ACTR5,97,1.6301,1.3707,1.8476,True,5499.531452843025,UNDER
TBX1,330,1.4499,1.367,3.0012,True,5081.315401311962,UNDER
SUGT1,70,1.7157,1.3666,1.6539,True,5505.0366613002825,UNDER
PPIL1,106,1.6062,1.3664,1.9023,True,5602.017633158042,UNDER
ISCU,54,1.8054,1.3662,1.5296,True,5293.071848089157,UNDER
SDHC,67,1.7289,1.3657,1.6307,True,5598.5560049201995,UNDER
SRSF2,37,1.9709,1.3617,1.3832,False,5396.46302998606,NOT-DETECTABLE
TADA2A,120,1.5758,1.3612,1.9846,True,5864.57125208044,UNDER
CHMP7,74,1.6944,1.3612,1.6791,True,5760.130426606899,UNDER
USP37,37,1.9686,1.3584,1.3816,False,5678.330418669515,NOT-DETECTABLE
PSMB4,57,1.7777,1.3566,1.5473,True,5773.093698808396,UNDER
RBM4,28,2.1252,1.3549,1.298,False,5479.154963927113,NOT-DETECTABLE
INTS14,386,1.4268,1.3547,3.1866,True,5958.9293822126565,UNDER
ING3,223,1.4706,1.3492,2.5137,True,6193.748331901556,UNDER
MRPL36,1132,1.3734,1.3467,5.0954,True,6013.38281437525,UNDER
SENP6,50,1.8205,1.3455,1.4845,False,5383.736532254438,NOT-DETECTABLE
ARHGAP11B,76,1.6726,1.3438,1.6796,True,5950.922778112524,UNDER
UQCRB,86,1.6372,1.3428,1.7481,True,6078.365444207433,UNDER
ATP5MF,233,1.4574,1.3402,2.5453,True,5714.672482871909,UNDER
INTS13,320,1.4271,1.3402,2.9101,True,6177.528515758688,UNDER
NUDC,194,1.4789,1.3396,2.3606,True,6294.950854160983,UNDER
PFN1,123,1.5518,1.339,1.9784,True,6374.3126793228585,UNDER
NUP205,39,1.9275,1.3375,1.3887,False,5607.095230710163,NOT-DETECTABLE
SIGLEC14,153,1.5063,1.3316,2.1391,True,5512.697176284587,UNDER
HMGA1,59,1.7434,1.3281,1.5436,True,6351.207298175147,UNDER
MRPL20,69,1.6854,1.3225,1.6131,True,6119.451522751369,UNDER
LEO1,78,1.6468,1.3212,1.6752,True,6349.534527076171,UNDER
CFDP1,84,1.6253,1.3205,1.7152,True,6414.183144411445,UNDER
TRIAP1,50,1.8008,1.3187,1.4684,False,6098.810315188207,NOT-DETECTABLE
RBM15,129,1.5251,1.3187,1.9907,True,6427.24105410201,UNDER
MTCP1,49,1.8089,1.3182,1.4602,False,5861.664050007363,NOT-DETECTABLE
TFB2M,56,1.7529,1.315,1.5123,True,6577.766860776799,UNDER
COQ5,61,1.7195,1.3126,1.5479,True,6380.611673692191,UNDER
ELP6,95,1.5861,1.3119,1.7793,True,6189.014890278647,UNDER
CUL7,45,1.8406,1.3105,1.4241,False,6456.072476374647,NOT-DETECTABLE
NUBP2,123,1.5267,1.3098,1.9464,True,6317.839709863393,UNDER
MYBL2,39,1.9032,1.3022,1.3712,False,6239.389928979921,NOT-DETECTABLE
PSMD14,49,1.7955,1.2997,1.4494,False,6429.013161649376,NOT-DETECTABLE
VPS33A,71,1.6571,1.298,1.6086,True,6702.100964549565,UNDER
MRPL46,86,1.5974,1.294,1.7056,True,6842.662766143739,UNDER
FOXS1,27,2.1091,1.2918,1.265,False,6556.369889827025,NOT-DETECTABLE
SDHA,56,1.7348,1.2907,1.4967,False,6749.971604377075,NOT-DETECTABLE
PRDM10,86,1.594,1.2898,1.702,True,7118.27255869113,UNDER
ACD,37,1.9167,1.282,1.3452,False,6602.217998139494,NOT-DETECTABLE
SEC62,56,1.7251,1.2776,1.4883,False,6599.562154598509,NOT-DETECTABLE
ADAM10,279,1.3802,1.2768,2.6326,True,7062.760963979857,UNDER
GRWD1,116,1.5098,1.2758,1.8698,True,6910.913623875541,UNDER
MRPS22,70,1.6432,1.2744,1.584,True,6885.043598680195,UNDER
NCKAP1,98,1.5474,1.2744,1.7628,True,7232.5456022375165,UNDER
DNAJC8,130,1.4813,1.2696,1.941,True,6917.543182779272,UNDER
MRPS33,67,1.652,1.2669,1.5582,True,7262.857106351384,UNDER
ILF3,87,1.5626,1.2548,1.678,True,7752.902391645415,UNDER
NDUFB6,70,1.6271,1.2535,1.5685,True,7250.656180009255,UNDER
EPS8L1,478,1.3127,1.249,3.2499,True,7311.127922914188,UNDER
SPATA5L1,109,1.5003,1.248,1.8017,True,7866.450418600954,UNDER
WDR24,48,1.7671,1.2475,1.4119,False,6469.221784740729,NOT-DETECTABLE
SUPV3L1,75,1.5994,1.2463,1.5955,True,7697.287275132912,UNDER
NDUFA8,48,1.7649,1.2444,1.4102,False,7332.198191978212,NOT-DETECTABLE
TSFM,97,1.5251,1.244,1.7286,True,6875.675838446794,UNDER
GPS2,91,1.5412,1.2433,1.6924,True,7594.5283366723515,UNDER
POLR2D,106,1.5022,1.2425,1.7792,True,7679.190657607609,UNDER
PRMT5,252,1.3592,1.2425,2.4666,True,7835.9547571459425,UNDER
SETDB1,127,1.4624,1.242,1.8942,True,7904.187721076276,UNDER
TRA2B,107,1.4993,1.2417,1.7841,True,8029.278624205375,UNDER
COX7B,45,1.7921,1.2415,1.3866,False,7213.993140797916,NOT-DETECTABLE
MRPS18C,47,1.7723,1.2415,1.4013,False,7679.2635273965625,NOT-DETECTABLE
GMIP,112,1.4879,1.2405,1.811,True,7362.854870805891,UNDER
MRPS34,167,1.4095,1.2377,2.0899,True,8014.869832494029,UNDER
LZTR1,187,1.3906,1.2357,2.18,True,7851.3390609674425,UNDER
YARS2,125,1.4593,1.2345,1.8753,True,7239.963226699516,UNDER
GGPS1,68,1.6204,1.2321,1.5397,True,8041.1297281399875,UNDER
IRF2BP2,87,1.5423,1.2295,1.6563,True,7945.781883406983,UNDER
MRPS10,80,1.5665,1.2294,1.6136,True,7131.255483676213,UNDER
ACTR10,66,1.6233,1.2223,1.5197,True,7924.44778235531,UNDER
ZW10,73,1.589,1.2218,1.564,True,8484.526329529304,UNDER
PRPF39,143,1.4219,1.2213,1.9529,True,8141.2261894803905,UNDER
PUM1,100,1.4977,1.2197,1.7233,True,7413.338036731128,UNDER
NF1,58,1.6679,1.2184,1.4643,False,8119.336665633633,NOT-DETECTABLE
POLG2,89,1.5267,1.2178,1.6581,True,8148.993986397838,UNDER
HTATSF1,87,1.5308,1.215,1.6439,True,8380.29967367064,UNDER
NAA35,223,1.347,1.2134,2.3025,True,7878.075264431124,UNDER
DPH3,87,1.5293,1.2131,1.6423,True,8505.413722210827,UNDER
SS18L2,104,1.4823,1.2127,1.7391,True,8146.36133317439,UNDER
CDK2,165,1.3865,1.2091,2.0436,True,7673.496298385345,UNDER
CCAR1,65,1.6161,1.2055,1.5015,True,8699.78593362152,UNDER
GTF2F1,47,1.7439,1.2006,1.3788,False,8881.693532934649,NOT-DETECTABLE
EIF4H,130,1.421,1.1986,1.8619,True,9165.198159618569,UNDER
MRPL11,35,1.8924,1.1981,1.2919,False,8871.270976881631,NOT-DETECTABLE
NUDCD3,79,1.5442,1.1959,1.5807,True,8875.994953439165,UNDER
SNUPN,91,1.5025,1.1951,1.6499,True,8459.77576569892,UNDER
RTTN,70,1.5815,1.1937,1.5245,True,8250.257670837162,UNDER
MCM7,126,1.4232,1.1937,1.8363,True,8363.927905295612,UNDER
TRMT10C,79,1.5405,1.1912,1.577,True,8992.518412808307,UNDER
NUS1,78,1.5431,1.1895,1.5697,True,8171.427104825246,UNDER
UBA5,86,1.5135,1.1889,1.616,True,9018.399815699075,UNDER
PSMC1,33,1.92,1.1878,1.2728,False,7932.439676017026,NOT-DETECTABLE
ALG1L,205,1.3347,1.1872,2.189,True,8774.912287874544,UNDER
PITRM1,101,1.4672,1.1852,1.6966,True,9018.67910523413,UNDER
TBCD,40,1.8096,1.1817,1.3204,False,8522.910915354545,NOT-DETECTABLE
PTBP1,59,1.6337,1.1804,1.4465,False,8684.601030205255,NOT-DETECTABLE
ANAPC11,75,1.5478,1.1793,1.5441,True,8914.800180472439,UNDER
FDPS,68,1.5771,1.1745,1.4985,False,8834.876404735094,NOT-DETECTABLE
UNCX,80,1.5218,1.172,1.5676,True,9778.072599849429,UNDER
NOP9,161,1.3578,1.1714,1.9773,True,9325.248714747919,UNDER
EEF1B2,88,1.4919,1.1698,1.6112,True,9145.050293081053,UNDER
NDC1,109,1.4357,1.1696,1.7241,True,8978.853516679614,UNDER
ACTR8,116,1.4194,1.1674,1.7579,True,10002.449648006555,UNDER
MSTO1,42,1.7753,1.1672,1.3272,False,8340.798688860888,NOT-DETECTABLE
DPM2,80,1.5158,1.1641,1.5614,True,9019.90259943955,UNDER
EXOC4,43,1.7607,1.1629,1.3318,False,9467.037089146326,NOT-DETECTABLE
CLASRP,267,1.2791,1.1615,2.3878,True,10150.927836872757,UNDER
DNM1L,43,1.7592,1.1606,1.3307,False,8958.318140190964,NOT-DETECTABLE
NDUFA6,101,1.447,1.1601,1.6732,True,9694.253664247255,UNDER
BCS1L,77,1.5242,1.1594,1.5405,True,8885.000826583337,UNDER
CT45A5,74,1.5358,1.1577,1.5219,True,10212.701141577929,UNDER
NOMO1,123,1.3958,1.1545,1.7795,True,9746.108845456229,UNDER
WNK1,86,1.4839,1.151,1.5844,True,10125.83394624685,UNDER
TADA3,98,1.4435,1.1459,1.6444,True,10728.974993236408,UNDER
OR4F4,45,1.7258,1.1436,1.3353,False,9079.797591530902,NOT-DETECTABLE
NDUFB3,125,1.3824,1.1427,1.7766,True,9706.578164000215,UNDER
COX5A,144,1.3534,1.1425,1.8653,True,10344.632341433498,UNDER
KPNA6,88,1.4705,1.1423,1.5881,True,10449.534734918923,UNDER
RPL36A,234,1.2767,1.1417,2.2344,True,10725.9903869312,UNDER
ZNF687,92,1.4564,1.1405,1.608,True,9907.132189674649,UNDER
SKA3,87,1.4723,1.1404,1.5811,True,10630.138483493398,UNDER
COG2,71,1.5361,1.1395,1.4912,False,10008.01772078137,NOT-DETECTABLE
SRP14,128,1.3737,1.1383,1.7862,True,10755.220687923062,UNDER
MRPL23,63,1.5755,1.1345,1.4412,False,10873.2876744552,NOT-DETECTABLE
PGK1,100,1.4287,1.134,1.6439,True,10850.283201843382,UNDER
PDHA1,81,1.4881,1.1329,1.5423,True,10967.680837576341,UNDER
MYCBP,43,1.7403,1.1317,1.3164,False,10143.960623867153,NOT-DETECTABLE
PTPMT1,100,1.4217,1.1252,1.6359,True,10220.444967732541,UNDER
LAMTOR1,278,1.2418,1.1252,2.3644,True,9928.317057512615,UNDER
MZT1,26,2.0362,1.1223,1.1985,False,10809.598604175613,NOT-DETECTABLE
MARS2,82,1.4761,1.1222,1.5393,True,9713.886034712874,UNDER
STAG2,94,1.4353,1.1212,1.6016,True,9986.988541298193,UNDER
SERBP1,93,1.438,1.1209,1.5962,True,11474.960346446334,UNDER
PFDN1,54,1.627,1.1199,1.3785,False,10519.659587375034,NOT-DETECTABLE
MRPL53,69,1.528,1.1149,1.4624,False,11714.47986092242,NOT-DETECTABLE
BPTF,59,1.5814,1.1068,1.4002,False,12010.580361605811,NOT-DETECTABLE
HMGB1,127,1.3442,1.1003,1.741,True,10308.821087605007,UNDER
SRCAP,112,1.3731,1.1002,1.6713,True,12598.265115632154,UNDER
PSMC5,73,1.4971,1.0995,1.4735,False,12276.754143844979,NOT-DETECTABLE
PSMD6,25,2.0493,1.0946,1.1829,False,11899.377331432297,NOT-DETECTABLE
SMC6,35,1.8285,1.0943,1.2482,False,11551.591190214052,NOT-DETECTABLE
C1D,62,1.5527,1.094,1.4092,False,12075.74845223953,NOT-DETECTABLE
RPA2,39,1.7673,1.094,1.2733,False,12846.778982963144,NOT-DETECTABLE
RTEL1,149,1.3058,1.0936,1.8302,True,12561.668061998742,UNDER
TADA1,140,1.316,1.0912,1.7887,True,12049.678733579856,UNDER
MRPS16,152,1.2998,1.091,1.8398,True,12847.10642205763,UNDER
C7orf26,433,1.17,1.0906,2.7621,True,13159.97852264075,UNDER
DOHH,142,1.3119,1.0896,1.7956,True,12802.151666719714,UNDER
PNKP,78,1.4668,1.0885,1.492,False,10055.685171863146,NOT-DETECTABLE
DHODH,132,1.3256,1.0879,1.75,True,13002.848565281742,UNDER
RARS2,181,1.2652,1.0866,1.9519,True,12678.492507124136,UNDER
PELO,99,1.3912,1.0829,1.5929,True,11575.453354223555,UNDER
MRPS26,107,1.3696,1.0815,1.6297,True,12623.564526213204,UNDER
BRIP1,74,1.4781,1.08,1.4647,False,13184.130140932115,NOT-DETECTABLE
RAB4A,169,1.2711,1.0798,1.8957,True,13587.760278118714,UNDER
ZNF468,60,1.5552,1.079,1.3886,False,11821.017206231314,NOT-DETECTABLE
TMEM242,470,1.1515,1.0771,2.8279,True,12701.774372755326,UNDER
DYNLL2,156,1.282,1.0757,1.8381,True,13507.0034786907,UNDER
HIST2H3A,82,1.4403,1.0747,1.502,True,11096.841886326134,UNDER
MRPS9,108,1.3611,1.0737,1.6271,True,13148.489305569048,UNDER
TFDP1,325,1.1766,1.0713,2.4175,True,13309.409617093119,UNDER
SARS2,79,1.4494,1.0707,1.4837,False,12234.509135002905,NOT-DETECTABLE
YBX3,53,1.6017,1.0706,1.3444,False,12764.367584734096,NOT-DETECTABLE
CENPW,54,1.592,1.0684,1.3488,False,12959.526595386513,NOT-DETECTABLE
ZNF335,43,1.6979,1.0654,1.2843,False,13890.264518266342,NOT-DETECTABLE
GON4L,94,1.3866,1.0581,1.5473,True,14554.42927006873,UNDER
PPP2R3C,75,1.4574,1.0579,1.4539,False,14826.644237543096,NOT-DETECTABLE
KTI12,186,1.2337,1.0549,1.9289,True,13053.219111168697,UNDER
TRAPPC8,76,1.4497,1.0535,1.4558,False,13378.678996071389,NOT-DETECTABLE
BOD1L1,56,1.5663,1.0534,1.3512,False,14854.522398066465,NOT-DETECTABLE
ARL2,41,1.7149,1.0527,1.2667,False,14354.80861501692,NOT-DETECTABLE
SP1,189,1.2291,1.0526,1.9369,True,15070.211570561265,UNDER
NCOA4,61,1.5259,1.0461,1.3736,False,12732.361019077247,NOT-DETECTABLE
CCDC6,767,1.093,1.0443,3.3871,True,14884.01741826626,UNDER
MTG2,175,1.2331,1.0422,1.871,True,15873.615805358171,UNDER
PSMB3,50,1.6085,1.0407,1.3115,False,15450.758314392508,NOT-DETECTABLE
DNAJA1,155,1.252,1.0383,1.7894,True,16003.522294244334,UNDER
PSMB5,1192,1.0706,1.0378,4.0665,True,15089.780663811778,UNDER
MRPS25,101,1.3505,1.0374,1.5617,True,14835.184053964698,UNDER
TTC4,104,1.3417,1.0362,1.5742,True,15663.931910387517,UNDER
PKM,198,1.2064,1.0348,1.9451,True,14337.662862359095,UNDER
MRPS35,106,1.3282,1.0252,1.573,True,16053.935526128986,UNDER
MBD3,166,1.2274,1.0242,1.8146,True,17737.566919378136,UNDER
RTRAF,176,1.2168,1.0241,1.8515,True,16761.587703311627,UNDER
FAF2,76,1.4281,1.0236,1.4341,False,17018.818978482173,NOT-DETECTABLE
GUK1,91,1.3673,1.0199,1.5014,True,16025.558533028861,UNDER
PRXL2A,66,1.4752,1.0174,1.381,False,17614.31391628215,NOT-DETECTABLE
CHEK1,33,1.8185,1.0156,1.2055,False,17702.75418770347,NOT-DETECTABLE
ANAPC1,29,1.9025,1.0154,1.1825,False,16489.76269545639,NOT-DETECTABLE
ADRM1,107,1.3173,1.0144,1.5674,True,18047.540255244076,UNDER
VCP,25,2.0068,1.0127,1.1583,False,16864.82581511705,NOT-DETECTABLE
IWS1,145,1.244,1.0122,1.7203,True,18525.964586660037,UNDER
TP53I13,105,1.3187,1.0096,1.5545,True,16622.310557052595,UNDER
UFL1,130,1.265,1.0088,1.6575,True,18294.895450818112,UNDER
PRC1,43,1.6624,1.0078,1.2574,False,16200.464526047925,NOT-DETECTABLE
DCTN2,150,1.2322,1.0064,1.7328,True,16489.678907808157,UNDER
ABCG1,149,1.2324,1.0049,1.7274,True,18614.180419429587,UNDER
TUBB,81,1.3913,1.0023,1.442,False,17071.236610636715,NOT-DETECTABLE
VPS51,50,1.5838,1.0022,1.2914,False,17523.7222269386,NOT-DETECTABLE
RAN,51,1.5739,1.0012,1.2961,False,17654.231979910597,NOT-DETECTABLE
TSPYL5,86,1.369,0.9984,1.4617,False,19065.308660451385,NOT-DETECTABLE
GPR61,59,1.5063,0.9967,1.3337,False,16695.880261978233,NOT-DETECTABLE
COPA,34,1.7893,0.9965,1.204,False,19069.59960720246,NOT-DETECTABLE
NKAPD1,147,1.2274,0.9953,1.7089,True,15980.804761992587,UNDER
UFM1,57,1.5193,0.994,1.3223,False,19401.896350219035,NOT-DETECTABLE
POTEI,66,1.4576,0.9917,1.3645,False,18016.55177703448,NOT-DETECTABLE
CDCA5,83,1.3753,0.9914,1.4428,False,19020.741648956526,NOT-DETECTABLE
EIF4A3,43,1.6518,0.9902,1.2494,False,19737.764215316613,NOT-DETECTABLE
ZBTB17,398,1.0835,0.9896,2.456,True,21127.359003439433,UNDER
CCDC137,96,1.3288,0.9896,1.4984,False,19007.391721356656,NOT-DETECTABLE
SMU1,28,1.912,0.9874,1.1678,False,17870.978579305258,NOT-DETECTABLE
NOP56,56,1.5204,0.984,1.3117,False,19074.33731766577,NOT-DETECTABLE
ZCRB1,107,1.2938,0.9836,1.5394,True,20497.170540409406,UNDER
TTI2,34,1.7822,0.9835,1.1992,False,19215.70272428993,NOT-DETECTABLE
EXOC3,52,1.5532,0.9828,1.2914,False,21525.040014085003,NOT-DETECTABLE
AP2M1,139,1.2287,0.9821,1.6641,True,19211.702342121553,UNDER
PET117,144,1.2211,0.9821,1.6829,True,21888.654500249246,UNDER
COX6C,88,1.3494,0.9816,1.4574,False,20341.98164439576,NOT-DETECTABLE
C19orf53,93,1.3306,0.9792,1.4769,False,19630.5644437693,NOT-DETECTABLE
QRSL1,106,1.292,0.9779,1.5302,True,19652.907865594418,UNDER
NAPG,143,1.2182,0.9767,1.6731,True,20477.141226870364,UNDER
AARS2,95,1.3203,0.974,1.4811,False,20152.529425281224,NOT-DETECTABLE
ZNF317,59,1.4912,0.9737,1.3204,False,22498.745981276126,NOT-DETECTABLE
PPA1,131,1.2353,0.9736,1.6247,True,20627.384736246615,UNDER
MRPL54,148,1.2053,0.9696,1.6837,True,22876.011591597744,UNDER
SARNP,65,1.4471,0.9673,1.3445,False,17911.242013697996,NOT-DETECTABLE
SRP9,158,1.1891,0.9662,1.7155,True,23248.196385002906,UNDER
KXD1,40,1.6753,0.9635,1.2224,False,21373.85708004306,NOT-DETECTABLE
SAMD4B,112,1.2641,0.9607,1.5386,True,24868.14537084803,UNDER
SYS1,126,1.2328,0.9587,1.5906,True,25078.314899051256,UNDER
PPP1CA,139,1.21,0.9587,1.6388,True,23096.131986954308,UNDER
DSTYK,233,1.1152,0.957,1.9476,True,22320.46089425524,UNDER
POLG,82,1.3546,0.9568,1.4126,False,24630.391703958998,NOT-DETECTABLE
MASTL,54,1.5182,0.9549,1.2863,False,21485.084665106635,NOT-DETECTABLE
HNRNPA1,103,1.2826,0.9548,1.4977,False,23267.425779078883,NOT-DETECTABLE
HIST1H2AI,41,1.654,0.9502,1.2217,False,22484.952485832724,NOT-DETECTABLE
STAT5B,194,1.1374,0.9493,1.8155,True,23728.13227629105,UNDER
NUP35,93,1.3085,0.9489,1.4524,False,25747.569067788383,NOT-DETECTABLE
PPIA,135,1.204,0.9426,1.6073,True,21716.92594727932,UNDER
INO80C,176,1.1484,0.9418,1.7474,True,24446.3438350295,UNDER
HLA-C,93,1.3029,0.9412,1.4462,False,24228.693092747042,NOT-DETECTABLE
NFRKB,165,1.1595,0.9403,1.7091,True,28667.985993271934,UNDER
H2AFZ,217,1.1087,0.9369,1.87,True,29183.50645663587,UNDER
KPNB1,98,1.2833,0.9361,1.462,False,24649.70259715346,NOT-DETECTABLE
RAD17,29,1.8613,0.936,1.1569,False,26252.702742727128,NOT-DETECTABLE
TEAD3,147,1.1773,0.9329,1.6392,True,21674.524262533712,UNDER
MRPS17,95,1.2883,0.9301,1.4452,False,29534.3175749691,NOT-DETECTABLE
HIST1H2BE,64,1.4285,0.9297,1.3171,False,21687.015893483036,NOT-DETECTABLE
PFDN4,105,1.2579,0.9288,1.4828,False,23169.48746561832,NOT-DETECTABLE
MRPL1,91,1.3003,0.9282,1.4279,False,28770.655844916128,NOT-DETECTABLE
MRPS7,85,1.3214,0.9267,1.4027,False,28786.23933901142,NOT-DETECTABLE
GRB2,137,1.1858,0.9236,1.5945,True,25735.522275677467,UNDER
GYG1,174,1.1347,0.9224,1.7169,True,29913.594398482976,UNDER
ZNF720,117,1.2232,0.9218,1.5213,True,23494.527386796894,UNDER
UBE3C,68,1.3986,0.9212,1.329,False,32350.866168286888,NOT-DETECTABLE
CYFIP1,53,1.5055,0.9205,1.2637,False,25679.88050479113,NOT-DETECTABLE
NDUFB7,59,1.4566,0.9199,1.2897,False,30853.876780535484,NOT-DETECTABLE
EXOC1,79,1.3411,0.9188,1.3728,False,32425.74985991999,NOT-DETECTABLE
DCTN1,74,1.364,0.9178,1.3517,False,29670.187328873442,NOT-DETECTABLE
COPB1,39,1.6636,0.9172,1.1986,False,24795.56996442751,NOT-DETECTABLE
IFITM2,54,1.4941,0.9161,1.2659,False,24212.91543807609,NOT-DETECTABLE
ARMC6,77,1.3467,0.9136,1.3611,False,30213.650402902575,NOT-DETECTABLE
NBPF3,83,1.3181,0.9104,1.3828,False,24959.398704756386,NOT-DETECTABLE
CHMP2A,31,1.8027,0.9099,1.1584,False,28604.135321148526,NOT-DETECTABLE
TRAPPC1,99,1.2606,0.909,1.4434,False,31408.943770747617,NOT-DETECTABLE
FAM72D,32,1.7806,0.9079,1.1625,False,30592.02217282644,NOT-DETECTABLE
HSD17B10,661,0.9712,0.9074,2.8061,True,37125.60123778656,UNDER
SETX,144,1.1614,0.9069,1.6007,True,40510.62480166775,UNDER
EXOC2,81,1.3241,0.9068,1.3724,False,35461.85288844002,NOT-DETECTABLE
PTPN11,131,1.18,0.9024,1.552,True,33020.98013014535,UNDER
ANKRD11,240,1.0619,0.8996,1.8817,True,36674.44453850367,UNDER
TMEM127,107,1.2311,0.8996,1.4648,False,34028.57442069245,NOT-DETECTABLE
SETD5,171,1.1179,0.8974,1.677,True,41404.89027741399,UNDER
OLFML3,111,1.2184,0.8963,1.4764,False,34039.16315433207,NOT-DETECTABLE
SNRNP40,143,1.1548,0.8963,1.586,True,31034.136826941125,UNDER
UROD,169,1.1173,0.8938,1.6664,True,43824.350896005206,UNDER
AHCY,56,1.4636,0.8936,1.2627,False,45031.10300274712,NOT-DETECTABLE
PPP2R1A,513,0.9746,0.893,2.4961,True,37761.913626651505,UNDER
TUBGCP2,53,1.4887,0.8928,1.2497,False,38201.84886175033,NOT-DETECTABLE
ARPC3,119,1.1969,0.8927,1.5012,True,33648.295364935744,UNDER
EARS2,122,1.1904,0.8926,1.5115,True,28386.965181996155,UNDER
NOL7,97,1.2504,0.886,1.4172,False,47007.79708244993,NOT-DETECTABLE
ZNF207,80,1.3133,0.8845,1.3528,False,38287.96638502646,NOT-DETECTABLE
TOX4,112,1.2037,0.8797,1.4651,False,50146.84197262862,NOT-DETECTABLE
ADNP2,59,1.4316,0.8797,1.2675,False,41705.59415512435,NOT-DETECTABLE
INTS12,112,1.1993,0.8737,1.4597,False,51601.5477425954,NOT-DETECTABLE
FOLR3,179,1.0899,0.8736,1.6723,True,50466.522843105486,GHOST
CBX1,112,1.1989,0.8731,1.4592,False,43148.17915874611,NOT-DETECTABLE
NDUFA4,79,1.31,0.8728,1.341,False,41691.576462589226,NOT-DETECTABLE
SNF8,63,1.3982,0.8718,1.2791,False,41046.16177654717,NOT-DETECTABLE
GLRX5,188,1.0747,0.8661,1.6891,True,58340.14132842291,GHOST
BCLAF1,54,1.4621,0.863,1.2388,False,61809.877164664154,NOT-DETECTABLE
ZNF506,105,1.2084,0.8605,1.4245,False,56044.317244006335,NOT-DETECTABLE
CYS1,233,1.0334,0.8603,1.8048,True,62669.24476869867,GHOST
MRPS12,56,1.4433,0.8599,1.2452,False,61578.36223766348,NOT-DETECTABLE
TRAPPC11,404,0.9641,0.8589,2.2012,True,68064.39339553998,GHOST
NUDT15,103,1.2118,0.8573,1.4149,False,75552.12620403302,NOT-DETECTABLE
THOC6,96,1.2334,0.8572,1.3908,False,60246.9049229352,NOT-DETECTABLE
C9orf16,138,1.133,0.857,1.529,True,49344.51305330757,UNDER
MED12,136,1.1345,0.8545,1.5201,True,57927.86695805119,GHOST
TUBG1,27,1.8733,0.854,1.1236,False,41749.39352984458,NOT-DETECTABLE
COMTD1,85,1.2713,0.8538,1.3496,False,55570.575156322935,NOT-DETECTABLE
GAK,56,1.438,0.851,1.2406,False,63360.619658388845,NOT-DETECTABLE
MRPS5,126,1.1505,0.8502,1.4843,False,71363.2177905178,NOT-DETECTABLE
UQCRC1,131,1.1387,0.8477,1.4977,False,74796.67764122566,NOT-DETECTABLE
UBE2M,183,1.0643,0.8468,1.6509,True,89154.29910853262,GHOST
SBNO1,96,1.2257,0.8461,1.3821,False,83832.72626423441,NOT-DETECTABLE
ZNF24,55,1.4434,0.8459,1.2341,False,45743.68500542391,NOT-DETECTABLE
RGPD6,268,0.9977,0.8423,1.8659,True,70783.69738129845,GHOST
HAMP,82,1.2732,0.8375,1.3277,False,70633.07130051144,NOT-DETECTABLE
C9orf78,98,1.2127,0.8367,1.3815,False,81353.917974868,NOT-DETECTABLE
SPC25,86,1.2547,0.8349,1.3396,False,74357.40789672184,NOT-DETECTABLE
METTL16,55,1.437,0.8349,1.2287,False,55047.189671611566,NOT-DETECTABLE
SOD1,51,1.4732,0.834,1.2131,False,94280.54127300705,NOT-DETECTABLE
TOE1,114,1.1653,0.8335,1.4308,False,66480.29969114302,NOT-DETECTABLE
CRKL,39,1.6165,0.8286,1.1646,False,114119.01119960396,NOT-DETECTABLE
TRNP1,72,1.3155,0.8272,1.286,False,55885.297776175525,NOT-DETECTABLE
NSMCE2,75,1.2979,0.8245,1.2948,False,139121.71210427152,NOT-DETECTABLE
NOMO3,146,1.0939,0.8229,1.5179,True,96666.57877851013,GHOST
WEE1,37,1.6451,0.8222,1.1546,False,107767.31367826567,NOT-DETECTABLE
DCTN6,158,1.0752,0.822,1.5513,True,109180.11781059003,GHOST
RBMXL1,63,1.3674,0.8215,1.2509,False,89718.62218370635,NOT-DETECTABLE
CIAO1,155,1.0778,0.8198,1.5404,True,136278.8254498567,GHOST
CHORDC1,145,1.093,0.8197,1.5116,True,116118.72222847566,GHOST
DHPS,59,1.3941,0.8173,1.2344,False,85331.07090344011,NOT-DETECTABLE
DOLK,79,1.2731,0.8164,1.3032,False,233628.3613488067,NOT-DETECTABLE
DCLRE1B,56,1.4169,0.8148,1.2223,False,80482.09756216449,NOT-DETECTABLE
SRSF6,214,1.01,0.8146,1.6918,True,190800.7178930293,GHOST
GLRX3,58,1.3993,0.8128,1.2285,False,87325.32717210054,NOT-DETECTABLE
PAFAH1B1,74,1.2956,0.8126,1.2839,False,120404.79388815003,NOT-DETECTABLE
RPL41,222,0.9986,0.8084,1.7032,True,145564.36707411977,GHOST
TICRR,29,1.7994,0.8059,1.1184,False,201824.27720875843,NOT-DETECTABLE
TRMT6,109,1.1588,0.8058,1.3915,False,137427.08076570497,NOT-DETECTABLE
DRG1,88,1.2272,0.8054,1.3253,False,214090.53959496898,NOT-DETECTABLE
POGLUT3,955,0.8533,0.802,2.9284,True,473639.5549057945,GHOST
PHF10,123,1.1218,0.802,1.4302,False,365816.06417146826,NOT-DETECTABLE
HJURP,146,1.0773,0.8007,1.4948,False,369116.16230913694,NOT-DETECTABLE
DCTN4,226,0.9864,0.797,1.6971,True,227778.57494419118,GHOST
UBA1,122,1.1197,0.796,1.4218,False,379328.56537055643,NOT-DETECTABLE
MRPL45,25,1.9063,0.7952,1.1003,False,392964.6402102587,NOT-DETECTABLE
SLC35G6,66,1.3307,0.7936,1.2458,False,197331.4100970785,NOT-DETECTABLE
LAMTOR4,76,1.2729,0.7929,1.2783,False,174475.94169898063,NOT-DETECTABLE
PIK3R4,60,1.3715,0.7916,1.2245,False,1537304.470375494,NOT-DETECTABLE
KIF4A,64,1.3414,0.7892,1.2367,False,869222.7709061804,NOT-DETECTABLE
HUS1,192,1.0084,0.7877,1.6015,True,233378.5111744034,GHOST
FAM207A,133,1.0907,0.7875,1.4453,False,278697.6541015493,NOT-DETECTABLE
SPDYE2,82,1.2383,0.7834,1.2913,False,664495.1061584604,NOT-DETECTABLE
CPNE7,115,1.1263,0.7816,1.3889,False,inf,NOT-DETECTABLE
SPG7,161,1.0398,0.7808,1.5141,True,9160912.777009752,GHOST
RGP1,77,1.2603,0.7807,1.2738,False,1136888.2163141952,NOT-DETECTABLE
CDK11A,108,1.1435,0.7795,1.3669,False,inf,NOT-DETECTABLE
TEN1,103,1.1581,0.7795,1.3522,False,inf,NOT-DETECTABLE
RAD9A,124,1.1015,0.7765,1.4099,False,inf,NOT-DETECTABLE
CD2BP2,95,1.1809,0.7745,1.3247,False,inf,NOT-DETECTABLE
CYC1,100,1.1624,0.772,1.3376,False,inf,NOT-DETECTABLE
PPARGC1B,129,1.0871,0.7712,1.4189,False,inf,NOT-DETECTABLE
NEDD1,42,1.5436,0.7703,1.1539,False,493205.36694856477,NOT-DETECTABLE
CAMLG,119,1.1076,0.7688,1.3892,False,inf,NOT-DETECTABLE
SSX4,92,1.1872,0.7675,1.3107,False,inf,NOT-DETECTABLE
KDM8,57,1.3809,0.766,1.2018,False,inf,NOT-DETECTABLE
CKAP5,127,1.0853,0.7628,1.4057,False,inf,NOT-DETECTABLE
DPH1,211,0.9709,0.7624,1.6151,True,inf,POOL-LIMITED
SF3A1,85,1.2093,0.7583,1.2837,False,inf,NOT-DETECTABLE
AAAS,64,1.3229,0.7575,1.2197,False,inf,NOT-DETECTABLE
MFN2,171,1.0081,0.7563,1.5123,True,inf,POOL-LIMITED
PALB2,94,1.1722,0.7557,1.3081,False,inf,NOT-DETECTABLE
DDX17,117,1.1018,0.7534,1.3704,False,inf,NOT-DETECTABLE
ALG1,94,1.1698,0.752,1.3054,False,inf,NOT-DETECTABLE
MYSM1,113,1.1103,0.7508,1.3573,False,inf,NOT-DETECTABLE
SMAGP,112,1.1108,0.7476,1.352,False,inf,NOT-DETECTABLE
YRDC,213,0.956,0.7456,1.5978,True,inf,POOL-LIMITED
MIER1,115,1.1011,0.7448,1.3578,False,inf,NOT-DETECTABLE
CENPT,99,1.1477,0.7446,1.3141,False,inf,NOT-DETECTABLE
FOXL2,89,1.1825,0.742,1.2843,False,inf,NOT-DETECTABLE
ZNHIT3,363,0.8733,0.7415,1.8932,True,inf,POOL-LIMITED
MRPS23,69,1.2792,0.7381,1.2244,False,inf,NOT-DETECTABLE
EWSR1,82,1.2084,0.7352,1.2601,False,inf,NOT-DETECTABLE
UNC50,38,1.5863,0.7344,1.1282,False,inf,NOT-DETECTABLE
HIST2H3D,130,1.0592,0.7344,1.3878,False,inf,NOT-DETECTABLE
MRPL33,59,1.3465,0.7332,1.1922,False,inf,NOT-DETECTABLE
MON1A,154,1.0139,0.7316,1.4445,False,inf,NOT-DETECTABLE
WDR44,91,1.1673,0.7303,1.2818,False,inf,NOT-DETECTABLE
OVCA2,76,1.2349,0.7303,1.2401,False,inf,NOT-DETECTABLE
NCAPD2,54,1.3875,0.7293,1.1755,False,inf,NOT-DETECTABLE
CNIH4,78,1.2238,0.7289,1.2449,False,inf,NOT-DETECTABLE
GCLC,156,1.0088,0.7288,1.4464,False,inf,NOT-DETECTABLE
WBP1,64,1.3063,0.7281,1.2044,False,inf,NOT-DETECTABLE
HSPA14,148,1.0172,0.7226,1.4209,False,inf,NOT-DETECTABLE
BRD4,67,1.2822,0.7211,1.2094,False,inf,NOT-DETECTABLE
UPF3A,54,1.3827,0.7202,1.1715,False,inf,NOT-DETECTABLE
RPA3,74,1.2396,0.72,1.2284,False,inf,NOT-DETECTABLE
LCE1C,63,1.3073,0.7169,1.1959,False,inf,NOT-DETECTABLE
NANOG,92,1.1537,0.7146,1.2738,False,inf,NOT-DETECTABLE
WDR1,46,1.4638,0.713,1.145,False,inf,NOT-DETECTABLE
CDT1,68,1.2687,0.7085,1.2055,False,inf,NOT-DETECTABLE
ATP1A1,115,1.0762,0.7075,1.3271,False,inf,NOT-DETECTABLE
SCD,91,1.1515,0.7047,1.2644,False,inf,NOT-DETECTABLE
DNLZ,78,1.2095,0.7046,1.2303,False,inf,NOT-DETECTABLE
CHCHD1,58,1.3349,0.696,1.1719,False,inf,NOT-DETECTABLE
LRR1,58,1.3348,0.6958,1.1718,False,inf,NOT-DETECTABLE
TRIM49C,69,1.2533,0.6922,1.1996,False,inf,NOT-DETECTABLE
UXS1,155,0.9841,0.6921,1.4065,False,inf,NOT-DETECTABLE
UCHL5,103,1.1011,0.692,1.2857,False,inf,NOT-DETECTABLE
OTOP1,116,1.0633,0.6918,1.3169,False,inf,NOT-DETECTABLE
RTCB,79,1.1969,0.6916,1.2252,False,inf,NOT-DETECTABLE
ORC4,146,0.9972,0.6892,1.3837,False,inf,NOT-DETECTABLE
STARD7,81,1.1848,0.6876,1.228,False,inf,NOT-DETECTABLE
C6orf15,76,1.2097,0.6868,1.2147,False,inf,NOT-DETECTABLE
DCTN5,58,1.3293,0.6853,1.167,False,inf,NOT-DETECTABLE
PRKRA,34,1.6353,0.6823,1.1003,False,inf,NOT-DETECTABLE
NARS2,212,0.9079,0.6816,1.5138,True,inf,POOL-LIMITED
METTL23,97,1.1138,0.6799,1.2624,False,inf,NOT-DETECTABLE
RPN2,43,1.4854,0.6772,1.1235,False,inf,NOT-DETECTABLE
JMJD6,122,1.0356,0.6724,1.3149,False,inf,NOT-DETECTABLE
MAD2L2,143,0.991,0.6723,1.3611,False,inf,NOT-DETECTABLE
GAPDH,80,1.18,0.6707,1.2155,False,inf,NOT-DETECTABLE
PLK4,227,0.8866,0.6707,1.5288,True,inf,POOL-LIMITED
ACIN1,215,0.8946,0.6675,1.5019,True,inf,POOL-LIMITED
CWC25,48,1.4173,0.6651,1.1324,False,inf,NOT-DETECTABLE
SLC7A5,296,0.8376,0.6649,1.6444,True,inf,POOL-LIMITED
TM7SF2,114,1.0511,0.6644,1.2905,False,inf,NOT-DETECTABLE
TBC1D3,116,1.0444,0.6625,1.2935,False,inf,NOT-DETECTABLE
RPL26L1,69,1.2356,0.6597,1.1826,False,inf,NOT-DETECTABLE
DPPA2,97,1.1006,0.6579,1.2474,False,inf,NOT-DETECTABLE
DNAJC11,51,1.3807,0.657,1.137,False,inf,NOT-DETECTABLE
CS,124,1.0201,0.656,1.3058,False,inf,NOT-DETECTABLE
GOLGA6L1,118,1.035,0.6559,1.2927,False,inf,NOT-DETECTABLE
UBE3D,114,1.0448,0.6544,1.2828,False,inf,NOT-DETECTABLE
HIST1H2AB,73,1.2084,0.6543,1.1894,False,inf,NOT-DETECTABLE
MANF,140,0.9845,0.6542,1.3381,False,inf,NOT-DETECTABLE
ELOVL1,117,1.036,0.6534,1.2886,False,inf,NOT-DETECTABLE
AIFM1,96,1.1011,0.6526,1.2416,False,inf,NOT-DETECTABLE
GSDMA,94,1.1075,0.6508,1.2359,False,inf,NOT-DETECTABLE
KCNA10,76,1.187,0.646,1.192,False,inf,NOT-DETECTABLE
TBCA,129,1.0016,0.6452,1.3073,False,inf,NOT-DETECTABLE
USP9X,97,1.0922,0.6438,1.2379,False,inf,NOT-DETECTABLE
GNB1L,137,0.9828,0.6426,1.3216,False,inf,NOT-DETECTABLE
HIST1H2BL,89,1.1221,0.6413,1.2187,False,inf,NOT-DETECTABLE
GTF3C4,1234,0.691,0.6405,2.6658,True,inf,POOL-LIMITED
CRLS1,53,1.3522,0.6397,1.135,False,inf,NOT-DETECTABLE
CENPE,175,0.917,0.6376,1.3914,False,inf,NOT-DETECTABLE
MICOS10,136,0.9814,0.6373,1.3149,False,inf,NOT-DETECTABLE
SET,59,1.2967,0.6371,1.1481,False,inf,NOT-DETECTABLE
VPS41,155,0.9459,0.6365,1.3519,False,inf,NOT-DETECTABLE
PIK3C3,59,1.2962,0.636,1.1476,False,inf,NOT-DETECTABLE
SRA1,305,0.8082,0.6334,1.61,True,inf,POOL-LIMITED
NCAPD3,92,1.1043,0.6318,1.2192,False,inf,NOT-DETECTABLE
C16orf86,129,0.9929,0.6316,1.296,False,inf,NOT-DETECTABLE
METTL17,81,1.153,0.6313,1.195,False,inf,NOT-DETECTABLE
POGZ,103,1.0633,0.6302,1.2416,False,inf,NOT-DETECTABLE
TUBE1,94,1.0944,0.6282,1.2212,False,inf,NOT-DETECTABLE
PCNX3,139,0.9658,0.6226,1.308,False,inf,NOT-DETECTABLE
ADAT3,345,0.7776,0.6173,1.6446,True,inf,POOL-LIMITED
LAMTOR2,125,0.9914,0.6143,1.274,False,inf,NOT-DETECTABLE
ZNF674,149,0.9413,0.614,1.3193,False,inf,NOT-DETECTABLE
SASS6,84,1.1277,0.6115,1.1901,False,inf,NOT-DETECTABLE
SACM1L,88,1.1084,0.6093,1.1971,False,inf,NOT-DETECTABLE
C17orf58,145,0.9445,0.6077,1.3062,False,inf,NOT-DETECTABLE
NPM1,145,0.9444,0.6074,1.306,False,inf,NOT-DETECTABLE
OR7A10,42,1.4689,0.6069,1.0981,False,inf,NOT-DETECTABLE
RHOQ,302,0.7887,0.6064,1.5637,True,inf,POOL-LIMITED
SRSF11,247,0.8222,0.6053,1.4776,False,inf,NOT-DETECTABLE
PEF1,53,1.3358,0.6043,1.1213,False,inf,NOT-DETECTABLE
UBE2H,101,1.0544,0.6032,1.2193,False,inf,NOT-DETECTABLE
ARL4D,105,1.0406,0.6027,1.2267,False,inf,NOT-DETECTABLE
RAB6A,112,1.0186,0.6021,1.2398,False,inf,NOT-DETECTABLE
CDK6,174,0.8911,0.5977,1.3483,False,inf,NOT-DETECTABLE
VBP1,71,1.1899,0.5956,1.1551,False,inf,NOT-DETECTABLE
PSTK,293,0.7851,0.5953,1.5337,True,inf,POOL-LIMITED
KDM5C,101,1.0498,0.5953,1.214,False,inf,NOT-DETECTABLE
BARD1,58,1.2845,0.5937,1.1277,False,inf,NOT-DETECTABLE
NPB,115,1.0027,0.5897,1.2365,False,inf,NOT-DETECTABLE
PKMYT1,99,1.053,0.5883,1.2057,False,inf,NOT-DETECTABLE
STRIP1,113,1.0067,0.5867,1.2307,False,inf,NOT-DETECTABLE
OR4K1,78,1.1445,0.5861,1.1642,False,inf,NOT-DETECTABLE
RSRC2,41,1.4752,0.5861,1.0897,False,inf,NOT-DETECTABLE
TVP23C,75,1.1597,0.5832,1.1569,False,inf,NOT-DETECTABLE
SDHAF2,179,0.8745,0.5831,1.3418,False,inf,NOT-DETECTABLE
SNX15,187,0.8636,0.5821,1.3538,False,inf,NOT-DETECTABLE
HHEX,191,0.8585,0.5819,1.36,False,inf,NOT-DETECTABLE
NBEAL1,137,0.9427,0.5794,1.2677,False,inf,NOT-DETECTABLE
TACC3,141,0.9341,0.5788,1.274,False,inf,NOT-DETECTABLE
RMI1,85,1.1045,0.5767,1.1725,False,inf,NOT-DETECTABLE
NPM3,58,1.2763,0.5757,1.1205,False,inf,NOT-DETECTABLE
DDX1,114,0.9957,0.5729,1.2226,False,inf,NOT-DETECTABLE
WBP11,124,0.9685,0.5724,1.2397,False,inf,NOT-DETECTABLE
OTX1,80,1.1232,0.5649,1.157,False,inf,NOT-DETECTABLE
TUBB2A,188,0.8506,0.5646,1.337,False,inf,NOT-DETECTABLE
UBTF,221,0.813,0.5619,1.3836,False,inf,NOT-DETECTABLE
LRRC37B,91,1.0701,0.5619,1.175,False,inf,NOT-DETECTABLE
ZMYM4,53,1.3167,0.5607,1.1052,False,inf,NOT-DETECTABLE
CDC45,149,0.907,0.5601,1.2713,False,inf,NOT-DETECTABLE
SMC4,68,1.1915,0.5587,1.1322,False,inf,NOT-DETECTABLE
ARPC2,135,0.9337,0.5574,1.2465,False,inf,NOT-DETECTABLE
ANAPC13,120,0.9698,0.5567,1.2213,False,inf,NOT-DETECTABLE
RPA1,44,1.4201,0.5553,1.0865,False,inf,NOT-DETECTABLE
HNRNPR,61,1.2405,0.5522,1.1167,False,inf,NOT-DETECTABLE
HIST1H2BC,169,0.8682,0.5516,1.2949,False,inf,NOT-DETECTABLE
AHCTF1,29,1.7007,0.5514,1.0571,False,inf,NOT-DETECTABLE
TSSK3,118,0.972,0.5511,1.214,False,inf,NOT-DETECTABLE
UBE2L3,95,1.0479,0.5508,1.1755,False,inf,NOT-DETECTABLE
CHTOP,118,0.9717,0.5505,1.2136,False,inf,NOT-DETECTABLE
PLK1,49,1.3555,0.5503,1.0942,False,inf,NOT-DETECTABLE
PSMD8,47,1.379,0.5497,1.0904,False,inf,NOT-DETECTABLE
VPS54,263,0.7696,0.5487,1.4262,False,inf,NOT-DETECTABLE
USP39,96,1.0415,0.5462,1.1745,False,inf,NOT-DETECTABLE
TFB1M,82,1.1036,0.5461,1.1508,False,inf,NOT-DETECTABLE
CD8B,188,0.8381,0.5455,1.3172,False,inf,NOT-DETECTABLE
RRM2,39,1.4901,0.5421,1.0736,False,inf,NOT-DETECTABLE
NEMF,91,1.0597,0.5418,1.1636,False,inf,NOT-DETECTABLE
LTB4R2,97,1.032,0.5354,1.1697,False,inf,NOT-DETECTABLE
RCOR1,47,1.3731,0.5345,1.0856,False,inf,NOT-DETECTABLE
RAB18,99,1.0231,0.5329,1.1714,False,inf,NOT-DETECTABLE
PARN,185,0.8306,0.5279,1.2953,False,inf,NOT-DETECTABLE
LPIN1,163,0.8614,0.5256,1.2621,False,inf,NOT-DETECTABLE
MIS18BP1,331,0.7094,0.5201,1.4705,False,inf,NOT-DETECTABLE
ARCN1,124,0.9377,0.5185,1.2002,False,inf,NOT-DETECTABLE
REV3L,84,1.0793,0.5168,1.139,False,inf,NOT-DETECTABLE
PPME1,143,0.8928,0.5167,1.2262,False,inf,NOT-DETECTABLE
DCTN3,166,0.8511,0.5165,1.2582,False,inf,NOT-DETECTABLE
LURAP1,76,1.1216,0.516,1.1263,False,inf,NOT-DETECTABLE
FDXR,84,1.0772,0.5123,1.1368,False,inf,NOT-DETECTABLE
ERVW-1,160,0.8572,0.5103,1.2445,False,inf,NOT-DETECTABLE
NHLRC2,81,1.0889,0.5048,1.1286,False,inf,NOT-DETECTABLE
TLCD1,120,0.9409,0.5047,1.1849,False,inf,NOT-DETECTABLE
BCL2L1,89,1.0471,0.4985,1.1372,False,inf,NOT-DETECTABLE
STXBP4,179,0.8198,0.4973,1.2579,False,inf,NOT-DETECTABLE
ATXN10,56,1.2609,0.4963,1.0878,False,inf,NOT-DETECTABLE
CLCC1,58,1.2424,0.4961,1.0907,False,inf,NOT-DETECTABLE
GET1,110,0.9654,0.4947,1.1645,False,inf,NOT-DETECTABLE
KRTAP4-2,125,0.9213,0.4933,1.184,False,inf,NOT-DETECTABLE
SEPHS2,116,0.9454,0.4917,1.1708,False,inf,NOT-DETECTABLE
CCNK,231,0.7547,0.4888,1.3125,False,inf,NOT-DETECTABLE
TOR2A,73,1.1266,0.4869,1.1089,False,inf,NOT-DETECTABLE
GNPNAT1,175,0.8182,0.4848,1.2414,False,inf,NOT-DETECTABLE
PSMA4,47,1.3537,0.4826,1.0703,False,inf,NOT-DETECTABLE
MZF1,94,1.0141,0.4748,1.1317,False,inf,NOT-DETECTABLE
H2AFX,102,0.9823,0.4736,1.1414,False,inf,NOT-DETECTABLE
PDCD6IP,145,0.8633,0.4715,1.1938,False,inf,NOT-DETECTABLE
SLC39A10,123,0.9148,0.4708,1.1663,False,inf,NOT-DETECTABLE
ZNF253,123,0.9143,0.4698,1.1656,False,inf,NOT-DETECTABLE
ERAL1,138,0.8755,0.4663,1.1815,False,inf,NOT-DETECTABLE
MT2A,55,1.2579,0.4629,1.0755,False,inf,NOT-DETECTABLE
DHFR,59,1.2205,0.4628,1.0807,False,inf,NOT-DETECTABLE
THAP1,611,0.5848,0.4615,1.6279,True,inf,POOL-LIMITED
OR2A1,78,1.0828,0.4538,1.1014,False,inf,NOT-DETECTABLE
NISCH,118,0.9201,0.4533,1.1492,False,inf,NOT-DETECTABLE
SMC2,49,1.319,0.453,1.0648,False,inf,NOT-DETECTABLE
RNF103,82,1.0574,0.4455,1.1026,False,inf,NOT-DETECTABLE
KRT17,427,0.6107,0.4371,1.432,False,inf,NOT-DETECTABLE
NAGLU,193,0.764,0.435,1.2165,False,inf,NOT-DETECTABLE
TERF1,67,1.1446,0.4314,1.0796,False,inf,NOT-DETECTABLE
SOD2,114,0.9205,0.429,1.1303,False,inf,NOT-DETECTABLE
GET3,162,0.8078,0.4287,1.1799,False,inf,NOT-DETECTABLE
LCE1E,115,0.9165,0.4271,1.1302,False,inf,NOT-DETECTABLE
LIMS1,120,0.9006,0.425,1.1342,False,inf,NOT-DETECTABLE
SNW1,143,0.8396,0.418,1.1531,False,inf,NOT-DETECTABLE
DDX42,72,1.1032,0.4131,1.0785,False,inf,NOT-DETECTABLE
GOLT1B,171,0.7841,0.4129,1.1763,False,inf,NOT-DETECTABLE
ARFRP1,83,1.0381,0.4112,1.0891,False,inf,NOT-DETECTABLE
TRAPPC5,190,0.7538,0.4094,1.1909,False,inf,NOT-DETECTABLE
SKA1,97,0.9721,0.4081,1.1018,False,inf,NOT-DETECTABLE
NDOR1,62,1.1742,0.4057,1.0656,False,inf,NOT-DETECTABLE
SSBP3,341,0.6192,0.3966,1.3022,False,inf,NOT-DETECTABLE
OR2T5,90,0.9963,0.3925,1.088,False,inf,NOT-DETECTABLE
NOS1AP,102,0.9458,0.3924,1.099,False,inf,NOT-DETECTABLE
NFATC2IP,143,0.8261,0.3902,1.1346,False,inf,NOT-DETECTABLE
MKRN1,176,0.7639,0.3893,1.1623,False,inf,NOT-DETECTABLE
KDM6A,149,0.8122,0.3882,1.1385,False,inf,NOT-DETECTABLE
TIMM8A,137,0.8388,0.3881,1.128,False,inf,NOT-DETECTABLE
YJEFN3,138,0.8364,0.3879,1.1287,False,inf,NOT-DETECTABLE
NSUN4,86,1.0104,0.3791,1.0788,False,inf,NOT-DETECTABLE
XRCC2,86,1.0103,0.3788,1.0787,False,inf,NOT-DETECTABLE
GATA1,31,1.6013,0.3773,1.029,False,inf,NOT-DETECTABLE
AASDHPPT,98,0.9551,0.3763,1.088,False,inf,NOT-DETECTABLE
NBPF12,1099,0.4639,0.3749,1.6981,True,inf,POOL-LIMITED
MST1,84,1.0187,0.3739,1.075,False,inf,NOT-DETECTABLE
FAM229A,224,0.693,0.3734,1.1871,False,inf,NOT-DETECTABLE
ARID3A,104,0.9286,0.3685,1.0895,False,inf,NOT-DETECTABLE
TSEN34,153,0.7947,0.3683,1.1285,False,inf,NOT-DETECTABLE
COG6,159,0.7822,0.3666,1.132,False,inf,NOT-DETECTABLE
SLC4A5,88,0.9953,0.3649,1.0749,False,inf,NOT-DETECTABLE
DNM1,285,0.6329,0.3624,1.2198,False,inf,NOT-DETECTABLE
TKT,178,0.7435,0.3544,1.1376,False,inf,NOT-DETECTABLE
REXO2,60,1.1746,0.3538,1.0487,False,inf,NOT-DETECTABLE
ADAT2,78,1.0439,0.3512,1.0619,False,inf,NOT-DETECTABLE
KRT10,203,0.7056,0.3501,1.1518,False,inf,NOT-DETECTABLE
DYNLRB1,210,0.6961,0.3485,1.1552,False,inf,NOT-DETECTABLE
LRRC37A3,103,0.9242,0.3473,1.0791,False,inf,NOT-DETECTABLE
LMO2,177,0.7413,0.3464,1.1311,False,inf,NOT-DETECTABLE
SHQ1,387,0.5641,0.3439,1.2615,False,inf,NOT-DETECTABLE
PPY,89,0.9809,0.3382,1.0653,False,inf,NOT-DETECTABLE
CDIPT,170,0.747,0.3333,1.1174,False,inf,NOT-DETECTABLE
VEZT,79,1.0318,0.3323,1.0563,False,inf,NOT-DETECTABLE
PPP1R12A,109,0.8961,0.3311,1.0762,False,inf,NOT-DETECTABLE
ZNF658,83,1.0077,0.3269,1.0572,False,inf,NOT-DETECTABLE
KRT8,189,0.7107,0.3201,1.12,False,inf,NOT-DETECTABLE
ZFP69B,190,0.7092,0.32,1.1205,False,inf,NOT-DETECTABLE
COPG1,162,0.7553,0.3191,1.1033,False,inf,NOT-DETECTABLE
FBXO42,481,0.5135,0.3186,1.2751,False,inf,NOT-DETECTABLE
N6AMT1,79,1.0274,0.3181,1.0517,False,inf,NOT-DETECTABLE
CENPA,119,0.8573,0.3151,1.0752,False,inf,NOT-DETECTABLE
NXF1,136,0.8097,0.314,1.0849,False,inf,NOT-DETECTABLE
WDR4,133,0.8142,0.3057,1.0789,False,inf,NOT-DETECTABLE
ORC3,56,1.1986,0.3051,1.0341,False,inf,NOT-DETECTABLE
STT3B,111,0.8795,0.304,1.0657,False,inf,NOT-DETECTABLE
FBLIM1,187,0.7059,0.3022,1.1065,False,inf,NOT-DETECTABLE
SPTSSA,108,0.889,0.3008,1.0627,False,inf,NOT-DETECTABLE
CCDC144A,104,0.9036,0.3,1.0601,False,inf,NOT-DETECTABLE
METTL1,101,0.9146,0.2976,1.0576,False,inf,NOT-DETECTABLE
CACNB3,198,0.6876,0.2969,1.1087,False,inf,NOT-DETECTABLE
CBFA2T3,115,0.863,0.2953,1.0642,False,inf,NOT-DETECTABLE
XRCC1,112,0.8712,0.2897,1.0603,False,inf,NOT-DETECTABLE
PPP1CB,78,1.0229,0.2827,1.0405,False,inf,NOT-DETECTABLE
DCAF6,126,0.8219,0.2736,1.0605,False,inf,NOT-DETECTABLE
TNNT2,199,0.6762,0.2728,1.0929,False,inf,NOT-DETECTABLE
CYP2A13,100,0.9095,0.2681,1.0465,False,inf,NOT-DETECTABLE
ZNF574,195,0.68,0.2681,1.0881,False,inf,NOT-DETECTABLE
DNAAF3,219,0.6473,0.2656,1.0966,False,inf,NOT-DETECTABLE
TIPIN,151,0.7561,0.2633,1.0667,False,inf,NOT-DETECTABLE
TPRKB,31,1.578,0.2609,1.014,False,inf,NOT-DETECTABLE
ESPN,337,0.5445,0.2604,1.1386,False,inf,NOT-DETECTABLE
CRCP,46,1.3035,0.2547,1.0197,False,inf,NOT-DETECTABLE
EEF1A1,40,1.3921,0.2438,1.0157,False,inf,NOT-DETECTABLE
ZRSR2,123,0.8203,0.2399,1.0457,False,inf,NOT-DETECTABLE
TIGD1,104,0.8848,0.2373,1.038,False,inf,NOT-DETECTABLE
TMED10,154,0.7384,0.2293,1.052,False,inf,NOT-DETECTABLE
ZNF706,193,0.662,0.2092,1.054,False,inf,NOT-DETECTABLE
TAMM41,113,0.8438,0.2072,1.0316,False,inf,NOT-DETECTABLE
GAB2,664,0.4017,0.2052,1.1632,False,inf,NOT-DETECTABLE
ABHD11,94,0.9188,0.2029,1.0253,False,inf,NOT-DETECTABLE
PTEN,137,0.7706,0.202,1.0362,False,inf,NOT-DETECTABLE
HIST1H2AE,75,1.0225,0.2017,1.02,False,inf,NOT-DETECTABLE
USP5,97,0.9046,0.1996,1.0253,False,inf,NOT-DETECTABLE
PDCD5,179,0.6802,0.1945,1.0436,False,inf,NOT-DETECTABLE
DMRTA2,114,0.8365,0.191,1.0271,False,inf,NOT-DETECTABLE
HIST2H2BE,108,0.8576,0.1891,1.0252,False,inf,NOT-DETECTABLE
OR4N2,63,1.1084,0.1832,1.0139,False,inf,NOT-DETECTABLE
ZNF133,197,0.6476,0.1812,1.0416,False,inf,NOT-DETECTABLE
OIP5,105,0.8666,0.1773,1.0216,False,inf,NOT-DETECTABLE
SLC1A5,1674,0.2865,0.1756,1.2656,False,inf,NOT-DETECTABLE
HSD17B12,327,0.5127,0.1654,1.0565,False,inf,NOT-DETECTABLE
METAP1,89,0.9354,0.1647,1.0159,False,inf,NOT-DETECTABLE
EGLN2,141,0.7509,0.1621,1.0242,False,inf,NOT-DETECTABLE
KRTAP4-7,88,0.9395,0.1588,1.0146,False,inf,NOT-DETECTABLE
HIST1H2BJ,68,1.063,0.1495,1.01,False,inf,NOT-DETECTABLE
UNC45A,119,0.8112,0.1493,1.0174,False,inf,NOT-DETECTABLE
CHCHD2,112,0.8335,0.1404,1.0145,False,inf,NOT-DETECTABLE
CMPK1,151,0.7215,0.1351,1.018,False,inf,NOT-DETECTABLE
CCND1,275,0.5442,0.1318,1.0307,False,inf,NOT-DETECTABLE
EXOC8,56,1.1646,0.1126,1.0047,False,inf,NOT-DETECTABLE
POU5F1B,157,0.7043,0.1123,1.013,False,inf,NOT-DETECTABLE
INO80E,79,0.981,0.0901,1.0042,False,inf,NOT-DETECTABLE
DPH6,106,0.8487,0.0861,1.0052,False,inf,NOT-DETECTABLE
HAUS7,115,0.8139,0.0692,1.0036,False,inf,NOT-DETECTABLE
PTPN1,133,0.756,0.0453,1.0018,False,inf,NOT-DETECTABLE
H3F3A,126,0.7763,0.0434,1.0016,False,inf,NOT-DETECTABLE
LPA,56,1.1592,0.0153,1.0001,False,inf,NOT-DETECTABLE
PSMA3,34,1.3039,0.0,0.8774,False,inf,NOT-DETECTABLE
PSAT1,120,0.7633,0.0,0.9613,False,inf,NOT-DETECTABLE
PRSS50,151,0.6462,0.0,0.9117,False,inf,NOT-DETECTABLE
PSMD9,67,1.0108,0.0,0.9534,False,inf,NOT-DETECTABLE
PPP1R7,75,0.7157,0.0,0.714,False,inf,NOT-DETECTABLE
PRKRIP1,162,0.62,0.0,0.9056,False,inf,NOT-DETECTABLE
PSMG2,93,0.7641,0.0,0.8482,False,inf,NOT-DETECTABLE
PSME2,107,0.809,0.0,0.9626,False,inf,NOT-DETECTABLE
SEC16A,158,0.6212,0.0,0.8962,False,inf,NOT-DETECTABLE
SDHD,41,1.3354,0.0,0.9865,False,inf,NOT-DETECTABLE
SCNM1,58,1.1299,0.0,0.992,False,inf,NOT-DETECTABLE
SCFD1,32,1.5296,0.0,0.9986,False,inf,NOT-DETECTABLE
TREML2,63,1.0612,0.0,0.9708,False,inf,NOT-DETECTABLE
TRAPPC3,127,0.7694,0.0,0.9965,False,inf,NOT-DETECTABLE
SLC25A3,62,1.0806,0.0,0.9807,False,inf,NOT-DETECTABLE
SLC25A26,48,1.1772,0.0,0.9406,False,inf,NOT-DETECTABLE
SPRTN,57,0.9299,0.0,0.8093,False,inf,NOT-DETECTABLE
SGPP1,62,0.9709,0.0,0.8811,False,inf,NOT-DETECTABLE
SLC9B1,109,0.7976,0.0,0.9578,False,inf,NOT-DETECTABLE
SON,108,0.7455,0.0,0.8911,False,inf,NOT-DETECTABLE
RNF168,39,1.3099,0.0,0.9438,False,inf,NOT-DETECTABLE
RHPN1,145,0.6231,0.0,0.8618,False,inf,NOT-DETECTABLE
SEPSECS,127,0.6561,0.0,0.8499,False,inf,NOT-DETECTABLE
RPL36AL,48,1.1465,0.0,0.916,False,inf,NOT-DETECTABLE
STAT5A,106,0.8405,0.0,0.9955,False,inf,NOT-DETECTABLE
TDGF1,52,1.0857,0.0,0.9027,False,inf,NOT-DETECTABLE
TBC1D28,150,0.7019,0.0,0.9871,False,inf,NOT-DETECTABLE
SPTLC1,59,1.0675,0.0,0.9452,False,inf,NOT-DETECTABLE
ACTR1A,108,0.7533,0.0,0.9005,False,inf,NOT-DETECTABLE
ACTR1B,118,0.6635,0.0,0.8287,False,inf,NOT-DETECTABLE
ACOT12,167,0.67,0.0,0.9934,False,inf,NOT-DETECTABLE
ABHD17A,152,0.6651,0.0,0.9415,False,inf,NOT-DETECTABLE
ZNF492,82,0.9355,0.0,0.9756,False,inf,NOT-DETECTABLE
ZNF407,70,0.9033,0.0,0.8707,False,inf,NOT-DETECTABLE
ZNF284,96,0.7692,0.0,0.8674,False,inf,NOT-DETECTABLE
ADSL,64,1.0124,0.0,0.9334,False,inf,NOT-DETECTABLE
TMEM240,83,0.6625,0.0,0.695,False,inf,NOT-DETECTABLE
TLN1,58,1.1044,0.0,0.9695,False,inf,NOT-DETECTABLE
ZNF718,371,0.3865,0.0,0.8467,False,inf,NOT-DETECTABLE
ZNF763,115,0.7414,0.0,0.9142,False,inf,NOT-DETECTABLE
UQCRH,33,1.2674,0.0,0.8402,False,inf,NOT-DETECTABLE
UBE2Z,79,0.8375,0.0,0.8573,False,inf,NOT-DETECTABLE
MOK,48,0.9837,0.0,0.786,False,inf,NOT-DETECTABLE
MRPS2,52,1.0466,0.0,0.8702,False,inf,NOT-DETECTABLE
MTRNR2L1,27,1.2554,0.0,0.753,False,inf,NOT-DETECTABLE
MYO1H,100,0.8096,0.0,0.9315,False,inf,NOT-DETECTABLE
MSRB1,122,0.7049,0.0,0.895,False,inf,NOT-DETECTABLE
NCAPG2,165,0.6762,0.0,0.9967,False,inf,NOT-DETECTABLE
NSMCE1,38,1.138,0.0,0.8094,False,inf,NOT-DETECTABLE
NBPF15,105,0.8012,0.0,0.9445,False,inf,NOT-DETECTABLE
NDUFS5,76,0.8939,0.0,0.8976,False,inf,NOT-DETECTABLE
NDUFAF3,76,0.9875,0.0,0.9916,False,inf,NOT-DETECTABLE
NPEPPS,128,0.769,0.0,0.9999,False,inf,NOT-DETECTABLE
NUP153,27,1.4407,0.0,0.8641,False,inf,NOT-DETECTABLE
OR2T29,68,0.9535,0.0,0.906,False,inf,NOT-DETECTABLE
OR7A17,68,0.7977,0.0,0.758,False,inf,NOT-DETECTABLE
PLEKHN1,66,1.0334,0.0,0.9674,False,inf,NOT-DETECTABLE
PEX19,98,0.8033,0.0,0.9152,False,inf,NOT-DETECTABLE
OR1D2,54,0.9205,0.0,0.7799,False,inf,NOT-DETECTABLE
OR1E2,140,0.7087,0.0,0.9632,False,inf,NOT-DETECTABLE
PGPEP1,25,1.6789,0.0,0.9691,False,inf,NOT-DETECTABLE
PGS1,57,0.806,0.0,0.7015,False,inf,NOT-DETECTABLE
PC,121,0.7611,0.0,0.9624,False,inf,NOT-DETECTABLE
PDCD6,123,0.7547,0.0,0.9621,False,inf,NOT-DETECTABLE
PLA2G10,97,0.7134,0.0,0.8086,False,inf,NOT-DETECTABLE
PRODH,236,0.5453,0.0,0.9583,False,inf,NOT-DETECTABLE
TTK,33,1.5043,0.0,0.9972,False,inf,NOT-DETECTABLE
TUBA1C,51,1.1185,0.0,0.9211,False,inf,NOT-DETECTABLE
TUBA3D,69,0.9492,0.0,0.9085,False,inf,NOT-DETECTABLE
TUBD1,123,0.4999,0.0,0.6373,False,inf,NOT-DETECTABLE
TULP1,77,0.812,0.0,0.8207,False,inf,NOT-DETECTABLE
TWF1,588,0.3603,0.0,0.9848,False,inf,NOT-DETECTABLE
RFT1,51,1.1215,0.0,0.9235,False,inf,NOT-DETECTABLE
RPE,66,1.0047,0.0,0.9406,False,inf,NOT-DETECTABLE
RNF123,177,0.6426,0.0,0.9805,False,inf,NOT-DETECTABLE
PTK2,121,0.7479,0.0,0.9458,False,inf,NOT-DETECTABLE
RNF8,244,0.5286,0.0,0.9443,False,inf,NOT-DETECTABLE
RAD51D,112,0.6921,0.0,0.8423,False,inf,NOT-DETECTABLE
RNF14,158,0.6275,0.0,0.9054,False,inf,NOT-DETECTABLE
PPA2,91,0.7074,0.0,0.7768,False,inf,NOT-DETECTABLE
KATNB1,73,0.7642,0.0,0.7522,False,inf,NOT-DETECTABLE
IK,343,0.4724,0.0,0.9964,False,inf,NOT-DETECTABLE
KCTD10,31,1.3485,0.0,0.8665,False,inf,NOT-DETECTABLE
LCN10,79,0.8425,0.0,0.8625,False,inf,NOT-DETECTABLE
KIAA1143,130,0.6344,0.0,0.8313,False,inf,NOT-DETECTABLE
KLC2,76,0.8231,0.0,0.8265,False,inf,NOT-DETECTABLE
HCRTR1,61,1.0541,0.0,0.949,False,inf,NOT-DETECTABLE
HIST1H2BB,77,0.8385,0.0,0.8475,False,inf,NOT-DETECTABLE
USP7,166,0.6612,0.0,0.9775,False,inf,NOT-DETECTABLE
USP19,62,0.9618,0.0,0.8729,False,inf,NOT-DETECTABLE
HOXC10,48,1.1694,0.0,0.9343,False,inf,NOT-DETECTABLE
HS6ST1,162,0.4933,0.0,0.7205,False,inf,NOT-DETECTABLE
HMGN2,51,0.9794,0.0,0.8065,False,inf,NOT-DETECTABLE
IFITM3,75,0.9086,0.0,0.9064,False,inf,NOT-DETECTABLE
INPPL1,118,0.6832,0.0,0.8533,False,inf,NOT-DETECTABLE
HIST2H2BF,64,0.7766,0.0,0.716,False,inf,NOT-DETECTABLE
KLHL11,94,0.7877,0.0,0.8789,False,inf,NOT-DETECTABLE
KLF7,68,0.7491,0.0,0.7118,False,inf,NOT-DETECTABLE
MCM10,25,1.597,0.0,0.9218,False,inf,NOT-DETECTABLE
LST1,130,0.713,0.0,0.9342,False,inf,NOT-DETECTABLE
MIS18A,55,0.8711,0.0,0.7448,False,inf,NOT-DETECTABLE
MOG,60,1.0899,0.0,0.9731,False,inf,NOT-DETECTABLE
MEPCE,73,0.9123,0.0,0.8979,False,inf,NOT-DETECTABLE
MIPEP,105,0.679,0.0,0.8005,False,inf,NOT-DETECTABLE
WBP1L,86,0.8247,0.0,0.8806,False,inf,NOT-DETECTABLE
VHL,60,1.0986,0.0,0.9809,False,inf,NOT-DETECTABLE
VPS25,93,0.8263,0.0,0.9172,False,inf,NOT-DETECTABLE
VPS37C,71,0.8077,0.0,0.7841,False,inf,NOT-DETECTABLE
F8A1,92,0.7558,0.0,0.8344,False,inf,NOT-DETECTABLE
FASN,28,1.3258,0.0,0.8098,False,inf,NOT-DETECTABLE
E2F6,117,0.8004,0.0,0.9955,False,inf,NOT-DETECTABLE
HAPLN2,77,0.9169,0.0,0.9267,False,inf,NOT-DETECTABLE
HIST1H2BN,86,0.8714,0.0,0.9304,False,inf,NOT-DETECTABLE
HIST1H2BM,78,0.9584,0.0,0.9749,False,inf,NOT-DETECTABLE
GJA3,97,0.7182,0.0,0.814,False,inf,NOT-DETECTABLE
GIT2,67,1.02,0.0,0.962,False,inf,NOT-DETECTABLE
FNTB,102,0.7506,0.0,0.8722,False,inf,NOT-DETECTABLE
FOXD4,104,0.7479,0.0,0.8775,False,inf,NOT-DETECTABLE
FRG2,59,0.9524,0.0,0.8433,False,inf,NOT-DETECTABLE
GCOM1,111,0.8097,0.0,0.9811,False,inf,NOT-DETECTABLE
CPOX,38,1.0067,0.0,0.716,False,inf,NOT-DETECTABLE
CPAMD8,131,0.6669,0.0,0.8771,False,inf,NOT-DETECTABLE
COPZ1,130,0.6819,0.0,0.8935,False,inf,NOT-DETECTABLE
CYP4F11,61,1.0205,0.0,0.9187,False,inf,NOT-DETECTABLE
CSTF1,32,1.4397,0.0,0.9399,False,inf,NOT-DETECTABLE
CSH2,196,0.6056,0.0,0.9715,False,inf,NOT-DETECTABLE
CMC4,68,0.9283,0.0,0.8821,False,inf,NOT-DETECTABLE
CLK2,62,1.0617,0.0,0.9635,False,inf,NOT-DETECTABLE
CEP152,50,1.1543,0.0,0.9412,False,inf,NOT-DETECTABLE
DDX19B,317,0.4814,0.0,0.9772,False,inf,NOT-DETECTABLE
DDX11,81,0.9502,0.0,0.9848,False,inf,NOT-DETECTABLE
DPY19L2,66,0.7609,0.0,0.7124,False,inf,NOT-DETECTABLE
DTL,35,1.3087,0.0,0.8934,False,inf,NOT-DETECTABLE
DBF4,53,1.132,0.0,0.9502,False,inf,NOT-DETECTABLE
DDN,190,0.5878,0.0,0.9288,False,inf,NOT-DETECTABLE
DNAJC19,109,0.8142,0.0,0.9777,False,inf,NOT-DETECTABLE
CDC6,34,1.3842,0.0,0.9313,False,inf,NOT-DETECTABLE
WDR83OS,100,0.8379,0.0,0.9641,False,inf,NOT-DETECTABLE
CEP97,71,0.8844,0.0,0.8586,False,inf,NOT-DETECTABLE
WDR54,187,0.4795,0.0,0.7517,False,inf,NOT-DETECTABLE
CEP68,70,1.0238,0.0,0.9869,False,inf,NOT-DETECTABLE
CNN2,168,0.6603,0.0,0.9819,False,inf,NOT-DETECTABLE
COPB2,44,1.2916,0.0,0.9882,False,inf,NOT-DETECTABLE
CCDC144NL,243,0.5167,0.0,0.9212,False,inf,NOT-DETECTABLE
BTF3L4,207,0.5603,0.0,0.9233,False,inf,NOT-DETECTABLE
C1QTNF4,88,0.9189,0.0,0.9924,False,inf,NOT-DETECTABLE
C7orf50,122,0.6198,0.0,0.787,False,inf,NOT-DETECTABLE
C1orf109,156,0.6113,0.0,0.8765,False,inf,NOT-DETECTABLE
CA5A,118,0.761,0.0,0.9504,False,inf,NOT-DETECTABLE
CADM4,228,0.5022,0.0,0.8678,False,inf,NOT-DETECTABLE
CCP110,42,1.1813,0.0,0.8832,False,inf,NOT-DETECTABLE
CCNB1,85,0.9068,0.0,0.9626,False,inf,NOT-DETECTABLE
BCR,75,0.8923,0.0,0.8902,False,inf,NOT-DETECTABLE
BCAR1,748,0.3238,0.0,0.9916,False,inf,NOT-DETECTABLE
BRK1,64,0.8875,0.0,0.8182,False,inf,NOT-DETECTABLE
ASF1B,91,0.8537,0.0,0.9374,False,inf,NOT-DETECTABLE
ANAPC15,434,0.4071,0.0,0.9622,False,inf,NOT-DETECTABLE
ANKRD49,66,0.9495,0.0,0.8889,False,inf,NOT-DETECTABLE
ALG14,99,0.7248,0.0,0.8298,False,inf,NOT-DETECTABLE
ALYREF,69,1.0111,0.0,0.9677,False,inf,NOT-DETECTABLE
ANLN,49,1.2003,0.0,0.969,False,inf,NOT-DETECTABLE
ANKS6,163,0.5426,0.0,0.795,False,inf,NOT-DETECTABLE
AQP7,121,0.6955,0.0,0.8795,False,inf,NOT-DETECTABLE
ARF4,60,1.0151,0.0,0.9063,False,inf,NOT-DETECTABLE
YPEL1,71,0.8953,0.0,0.8691,False,inf,NOT-DETECTABLE
ARGFX,103,0.7265,0.0,0.8483,False,inf,NOT-DETECTABLE
ZNF100,170,0.5054,0.0,0.756,False,inf,NOT-DETECTABLE
ZNF131,46,1.2524,0.0,0.9797,False,inf,NOT-DETECTABLE
